event_id,session_id,product_id,event_type,event_time,quantity
1,SES00001,PROD098,view_product,2026-03-15 15:56:58,1
2,SES00001,PROD032,view_product,2026-03-15 15:57:28,1
3,SES00002,PROD065,view_product,2026-03-31 01:20:58,1
4,SES00002,PROD026,view_product,2026-03-31 01:22:31,1
5,SES00002,PROD074,view_product,2026-03-31 01:24:54,1
6,SES00002,PROD069,view_product,2026-03-31 01:26:57,1
7,SES00002,PROD020,view_product,2026-03-31 01:27:36,1
8,SES00003,PROD017,view_product,2026-03-29 06:36:24,1
9,SES00003,PROD066,view_product,2026-03-29 06:36:48,1
10,SES00003,PROD054,view_product,2026-03-29 06:39:21,1
11,SES00003,PROD059,view_product,2026-03-29 06:41:29,1
12,SES00004,PROD010,view_product,2026-01-25 16:56:07,1
13,SES00004,PROD006,view_product,2026-01-25 16:58:35,1
14,SES00004,PROD055,view_product,2026-01-25 16:59:00,1
15,SES00004,PROD045,view_product,2026-01-25 16:59:27,1
16,SES00004,PROD090,view_product,2026-01-25 17:01:37,1
17,SES00004,PROD045,add_to_cart,2026-01-25 17:02:26,1
18,SES00005,PROD058,view_product,2026-03-04 17:03:39,1
19,SES00005,PROD049,view_product,2026-03-04 17:06:07,1
20,SES00005,PROD011,view_product,2026-03-04 17:06:51,1
21,SES00005,PROD088,view_product,2026-03-04 17:09:48,1
22,SES00006,PROD097,view_product,2026-02-21 08:17:47,1
23,SES00007,PROD059,view_product,2026-02-11 04:18:12,1
24,SES00007,PROD045,view_product,2026-02-11 04:19:32,1
25,SES00007,PROD059,add_to_cart,2026-02-11 04:22:36,1
26,SES00007,PROD059,begin_checkout,2026-02-11 04:23:14,1
27,SES00007,PROD059,purchase,2026-02-11 04:25:22,1
28,SES00008,PROD052,view_product,2026-03-10 06:48:34,1
29,SES00008,PROD052,add_to_cart,2026-03-10 06:52:07,1
30,SES00008,PROD052,begin_checkout,2026-03-10 06:56:54,1
31,SES00009,PROD031,view_product,2026-03-30 23:39:29,1
32,SES00009,PROD039,view_product,2026-03-30 23:41:52,1
33,SES00009,PROD019,view_product,2026-03-30 23:42:58,1
34,SES00010,PROD072,view_product,2026-03-27 09:55:48,1
35,SES00010,PROD064,view_product,2026-03-27 09:57:35,1
36,SES00010,PROD007,view_product,2026-03-27 09:59:59,1
37,SES00010,PROD045,view_product,2026-03-27 10:01:30,1
38,SES00011,PROD039,view_product,2026-01-18 20:28:54,1
39,SES00011,PROD091,view_product,2026-01-18 20:31:02,1
40,SES00012,PROD027,view_product,2026-02-24 02:34:50,1
41,SES00012,PROD043,view_product,2026-02-24 02:36:55,1
42,SES00012,PROD083,view_product,2026-02-24 02:38:39,1
43,SES00012,PROD083,add_to_cart,2026-02-24 02:39:07,2
44,SES00012,PROD083,begin_checkout,2026-02-24 02:39:57,2
45,SES00013,PROD039,view_product,2026-03-31 03:07:26,1
46,SES00013,PROD002,view_product,2026-03-31 03:08:06,1
47,SES00013,PROD028,view_product,2026-03-31 03:10:18,1
48,SES00014,PROD049,view_product,2026-02-08 12:16:06,1
49,SES00014,PROD060,view_product,2026-02-08 12:17:47,1
50,SES00014,PROD069,view_product,2026-02-08 12:19:15,1
51,SES00014,PROD069,add_to_cart,2026-02-08 12:21:29,2
52,SES00014,PROD069,begin_checkout,2026-02-08 12:25:59,2
53,SES00015,PROD095,view_product,2026-01-31 09:09:54,1
54,SES00015,PROD019,view_product,2026-01-31 09:11:10,1
55,SES00016,PROD073,view_product,2026-02-12 15:53:49,1
56,SES00016,PROD032,view_product,2026-02-12 15:55:25,1
57,SES00016,PROD064,view_product,2026-02-12 15:56:40,1
58,SES00016,PROD071,view_product,2026-02-12 15:58:55,1
59,SES00017,PROD093,view_product,2026-01-17 08:03:01,1
60,SES00017,PROD070,view_product,2026-01-17 08:03:58,1
61,SES00018,PROD098,view_product,2026-03-23 17:13:22,1
62,SES00019,PROD065,view_product,2026-01-23 11:18:29,1
63,SES00019,PROD059,view_product,2026-01-23 11:18:54,1
64,SES00020,PROD071,view_product,2026-02-16 21:58:10,1
65,SES00020,PROD053,view_product,2026-02-16 22:00:37,1
66,SES00020,PROD002,view_product,2026-02-16 22:02:00,1
67,SES00020,PROD003,view_product,2026-02-16 22:02:14,1
68,SES00020,PROD068,view_product,2026-02-16 22:04:32,1
69,SES00021,PROD031,view_product,2026-01-18 09:46:07,1
70,SES00021,PROD025,view_product,2026-01-18 09:48:31,1
71,SES00021,PROD025,add_to_cart,2026-01-18 09:50:27,1
72,SES00021,PROD025,begin_checkout,2026-01-18 09:54:24,1
73,SES00021,PROD025,purchase,2026-01-18 09:59:33,1
74,SES00022,PROD061,view_product,2026-03-25 09:14:36,1
75,SES00022,PROD008,view_product,2026-03-25 09:15:07,1
76,SES00022,PROD082,view_product,2026-03-25 09:17:24,1
77,SES00022,PROD002,view_product,2026-03-25 09:19:25,1
78,SES00022,PROD090,view_product,2026-03-25 09:22:20,1
79,SES00023,PROD061,view_product,2026-03-31 09:51:36,1
80,SES00023,PROD035,view_product,2026-03-31 09:54:05,1
81,SES00023,PROD006,view_product,2026-03-31 09:56:39,1
82,SES00023,PROD010,view_product,2026-03-31 09:59:37,1
83,SES00023,PROD088,view_product,2026-03-31 09:59:55,1
84,SES00023,PROD006,add_to_cart,2026-03-31 10:01:03,1
85,SES00023,PROD006,begin_checkout,2026-03-31 10:04:56,1
86,SES00024,PROD043,view_product,2026-02-25 00:30:19,1
87,SES00024,PROD050,view_product,2026-02-25 00:32:37,1
88,SES00024,PROD097,view_product,2026-02-25 00:34:15,1
89,SES00024,PROD095,view_product,2026-02-25 00:34:38,1
90,SES00024,PROD018,view_product,2026-02-25 00:35:13,1
91,SES00025,PROD051,view_product,2026-02-03 01:39:38,1
92,SES00025,PROD100,view_product,2026-02-03 01:41:43,1
93,SES00025,PROD042,view_product,2026-02-03 01:43:58,1
94,SES00025,PROD004,view_product,2026-02-03 01:45:06,1
95,SES00025,PROD082,view_product,2026-02-03 01:46:47,1
96,SES00026,PROD038,view_product,2026-02-26 21:12:34,1
97,SES00026,PROD032,view_product,2026-02-26 21:13:23,1
98,SES00026,PROD092,view_product,2026-02-26 21:15:10,1
99,SES00026,PROD010,view_product,2026-02-26 21:18:02,1
100,SES00026,PROD011,view_product,2026-02-26 21:18:51,1
101,SES00027,PROD014,view_product,2026-01-01 12:07:17,1
102,SES00027,PROD017,view_product,2026-01-01 12:09:17,1
103,SES00027,PROD012,view_product,2026-01-01 12:11:21,1
104,SES00028,PROD042,view_product,2026-01-09 16:51:26,1
105,SES00028,PROD050,view_product,2026-01-09 16:51:57,1
106,SES00028,PROD002,view_product,2026-01-09 16:54:30,1
107,SES00028,PROD038,view_product,2026-01-09 16:55:42,1
108,SES00028,PROD053,view_product,2026-01-09 16:58:18,1
109,SES00029,PROD022,view_product,2026-01-27 02:39:36,1
110,SES00029,PROD022,add_to_cart,2026-01-27 02:40:10,1
111,SES00029,PROD022,begin_checkout,2026-01-27 02:42:46,1
112,SES00030,PROD043,view_product,2026-02-14 10:55:16,1
113,SES00030,PROD080,view_product,2026-02-14 10:57:16,1
114,SES00030,PROD049,view_product,2026-02-14 11:00:12,1
115,SES00030,PROD057,view_product,2026-02-14 11:02:54,1
116,SES00030,PROD049,add_to_cart,2026-02-14 11:06:06,1
117,SES00030,PROD049,begin_checkout,2026-02-14 11:09:16,1
118,SES00030,PROD049,purchase,2026-02-14 11:17:03,1
119,SES00031,PROD015,view_product,2026-02-06 12:19:01,1
120,SES00031,PROD073,view_product,2026-02-06 12:21:30,1
121,SES00031,PROD026,view_product,2026-02-06 12:22:26,1
122,SES00032,PROD089,view_product,2026-02-14 19:41:44,1
123,SES00032,PROD009,view_product,2026-02-14 19:42:29,1
124,SES00032,PROD053,view_product,2026-02-14 19:45:21,1
125,SES00032,PROD009,add_to_cart,2026-02-14 19:48:39,1
126,SES00032,PROD009,begin_checkout,2026-02-14 19:52:22,1
127,SES00032,PROD009,purchase,2026-02-14 20:01:32,1
128,SES00033,PROD090,view_product,2026-03-31 02:38:47,1
129,SES00033,PROD069,view_product,2026-03-31 02:39:18,1
130,SES00033,PROD077,view_product,2026-03-31 02:39:55,1
131,SES00034,PROD097,view_product,2026-03-27 19:37:20,1
132,SES00034,PROD043,view_product,2026-03-27 19:37:55,1
133,SES00034,PROD056,view_product,2026-03-27 19:39:11,1
134,SES00034,PROD014,view_product,2026-03-27 19:40:17,1
135,SES00035,PROD089,view_product,2026-02-26 11:04:41,1
136,SES00035,PROD065,view_product,2026-02-26 11:05:17,1
137,SES00035,PROD020,view_product,2026-02-26 11:06:42,1
138,SES00035,PROD045,view_product,2026-02-26 11:08:38,1
139,SES00035,PROD004,view_product,2026-02-26 11:09:09,1
140,SES00035,PROD065,add_to_cart,2026-02-26 11:10:51,1
141,SES00035,PROD065,begin_checkout,2026-02-26 11:13:06,1
142,SES00035,PROD065,purchase,2026-02-26 11:20:02,1
143,SES00036,PROD003,view_product,2026-03-19 17:48:18,1
144,SES00037,PROD072,view_product,2026-01-24 16:22:39,1
145,SES00037,PROD055,view_product,2026-01-24 16:24:32,1
146,SES00037,PROD060,view_product,2026-01-24 16:27:23,1
147,SES00037,PROD060,add_to_cart,2026-01-24 16:29:19,1
148,SES00037,PROD060,begin_checkout,2026-01-24 16:31:30,1
149,SES00037,PROD060,purchase,2026-01-24 16:39:49,1
150,SES00038,PROD014,view_product,2026-03-21 12:32:21,1
151,SES00038,PROD069,view_product,2026-03-21 12:34:28,1
152,SES00038,PROD024,view_product,2026-03-21 12:35:07,1
153,SES00038,PROD047,view_product,2026-03-21 12:36:24,1
154,SES00038,PROD042,view_product,2026-03-21 12:38:39,1
155,SES00039,PROD059,view_product,2026-03-01 08:28:32,1
156,SES00039,PROD080,view_product,2026-03-01 08:31:19,1
157,SES00039,PROD023,view_product,2026-03-01 08:34:00,1
158,SES00039,PROD059,add_to_cart,2026-03-01 08:35:16,1
159,SES00039,PROD059,begin_checkout,2026-03-01 08:37:19,1
160,SES00039,PROD059,purchase,2026-03-01 08:40:43,1
161,SES00040,PROD089,view_product,2026-03-06 15:05:31,1
162,SES00040,PROD083,view_product,2026-03-06 15:06:54,1
163,SES00040,PROD023,view_product,2026-03-06 15:07:39,1
164,SES00040,PROD072,view_product,2026-03-06 15:08:36,1
165,SES00040,PROD022,view_product,2026-03-06 15:10:06,1
166,SES00041,PROD072,view_product,2026-03-25 02:49:22,1
167,SES00041,PROD065,view_product,2026-03-25 02:51:37,1
168,SES00041,PROD084,view_product,2026-03-25 02:53:33,1
169,SES00041,PROD064,view_product,2026-03-25 02:55:36,1
170,SES00042,PROD069,view_product,2026-03-15 21:24:18,1
171,SES00042,PROD037,view_product,2026-03-15 21:26:25,1
172,SES00043,PROD047,view_product,2026-02-19 14:17:53,1
173,SES00043,PROD070,view_product,2026-02-19 14:20:22,1
174,SES00043,PROD097,view_product,2026-02-19 14:21:27,1
175,SES00043,PROD006,view_product,2026-02-19 14:23:25,1
176,SES00043,PROD098,view_product,2026-02-19 14:24:01,1
177,SES00044,PROD057,view_product,2026-02-10 03:06:48,1
178,SES00045,PROD081,view_product,2026-02-27 01:58:45,1
179,SES00045,PROD055,view_product,2026-02-27 01:59:47,1
180,SES00045,PROD022,view_product,2026-02-27 02:00:12,1
181,SES00045,PROD079,view_product,2026-02-27 02:02:47,1
182,SES00045,PROD018,view_product,2026-02-27 02:04:26,1
183,SES00046,PROD087,view_product,2026-03-10 08:34:16,1
184,SES00046,PROD013,view_product,2026-03-10 08:35:36,1
185,SES00046,PROD018,view_product,2026-03-10 08:38:33,1
186,SES00046,PROD097,view_product,2026-03-10 08:39:15,1
187,SES00046,PROD053,view_product,2026-03-10 08:39:58,1
188,SES00046,PROD018,add_to_cart,2026-03-10 08:43:27,2
189,SES00047,PROD010,view_product,2026-03-03 09:38:05,1
190,SES00047,PROD082,view_product,2026-03-03 09:40:26,1
191,SES00047,PROD099,view_product,2026-03-03 09:41:47,1
192,SES00047,PROD012,view_product,2026-03-03 09:43:31,1
193,SES00048,PROD082,view_product,2026-03-26 08:42:32,1
194,SES00048,PROD086,view_product,2026-03-26 08:44:58,1
195,SES00048,PROD090,view_product,2026-03-26 08:46:49,1
196,SES00048,PROD046,view_product,2026-03-26 08:47:54,1
197,SES00049,PROD071,view_product,2026-02-18 00:48:43,1
198,SES00049,PROD074,view_product,2026-02-18 00:50:57,1
199,SES00049,PROD017,view_product,2026-02-18 00:52:34,1
200,SES00050,PROD021,view_product,2026-03-26 04:48:35,1
201,SES00051,PROD084,view_product,2026-02-11 12:51:30,1
202,SES00051,PROD039,view_product,2026-02-11 12:52:50,1
203,SES00051,PROD039,add_to_cart,2026-02-11 12:54:40,1
204,SES00052,PROD055,view_product,2026-03-02 17:46:22,1
205,SES00052,PROD084,view_product,2026-03-02 17:46:56,1
206,SES00052,PROD084,add_to_cart,2026-03-02 17:49:42,1
207,SES00052,PROD084,begin_checkout,2026-03-02 17:53:59,1
208,SES00052,PROD084,purchase,2026-03-02 18:00:50,1
209,SES00053,PROD048,view_product,2026-01-09 16:11:10,1
210,SES00053,PROD039,view_product,2026-01-09 16:11:54,1
211,SES00053,PROD018,view_product,2026-01-09 16:14:48,1
212,SES00054,PROD093,view_product,2026-01-01 19:45:39,1
213,SES00054,PROD028,view_product,2026-01-01 19:47:34,1
214,SES00054,PROD081,view_product,2026-01-01 19:50:21,1
215,SES00055,PROD076,view_product,2026-01-09 10:01:39,1
216,SES00055,PROD076,add_to_cart,2026-01-09 10:02:29,1
217,SES00055,PROD076,begin_checkout,2026-01-09 10:03:42,1
218,SES00056,PROD027,view_product,2026-01-28 15:57:08,1
219,SES00056,PROD067,view_product,2026-01-28 15:58:06,1
220,SES00056,PROD078,view_product,2026-01-28 15:59:56,1
221,SES00056,PROD027,add_to_cart,2026-01-28 16:03:34,1
222,SES00057,PROD047,view_product,2026-02-18 12:08:13,1
223,SES00057,PROD047,add_to_cart,2026-02-18 12:11:22,1
224,SES00057,PROD047,begin_checkout,2026-02-18 12:15:53,1
225,SES00058,PROD051,view_product,2026-01-07 13:24:03,1
226,SES00058,PROD051,add_to_cart,2026-01-07 13:26:00,1
227,SES00058,PROD051,begin_checkout,2026-01-07 13:27:48,1
228,SES00058,PROD051,purchase,2026-01-07 13:34:05,1
229,SES00059,PROD082,view_product,2026-03-20 10:55:25,1
230,SES00059,PROD098,view_product,2026-03-20 10:56:54,1
231,SES00059,PROD084,view_product,2026-03-20 10:58:55,1
232,SES00059,PROD088,view_product,2026-03-20 11:00:06,1
233,SES00059,PROD083,view_product,2026-03-20 11:00:30,1
234,SES00059,PROD088,add_to_cart,2026-03-20 11:03:21,1
235,SES00060,PROD090,view_product,2026-03-13 21:52:22,1
236,SES00060,PROD002,view_product,2026-03-13 21:54:39,1
237,SES00061,PROD094,view_product,2026-03-11 23:30:36,1
238,SES00061,PROD016,view_product,2026-03-11 23:32:11,1
239,SES00061,PROD099,view_product,2026-03-11 23:34:10,1
240,SES00061,PROD094,add_to_cart,2026-03-11 23:36:52,1
241,SES00062,PROD021,view_product,2026-01-13 09:11:32,1
242,SES00062,PROD033,view_product,2026-01-13 09:14:08,1
243,SES00062,PROD099,view_product,2026-01-13 09:14:47,1
244,SES00062,PROD099,add_to_cart,2026-01-13 09:18:41,1
245,SES00063,PROD071,view_product,2026-02-07 04:27:21,1
246,SES00064,PROD048,view_product,2026-03-21 22:24:28,1
247,SES00064,PROD016,view_product,2026-03-21 22:25:35,1
248,SES00064,PROD065,view_product,2026-03-21 22:27:57,1
249,SES00064,PROD087,view_product,2026-03-21 22:28:18,1
250,SES00064,PROD007,view_product,2026-03-21 22:30:10,1
251,SES00064,PROD087,add_to_cart,2026-03-21 22:33:43,2
252,SES00065,PROD095,view_product,2026-02-26 09:19:13,1
253,SES00065,PROD080,view_product,2026-02-26 09:20:57,1
254,SES00065,PROD032,view_product,2026-02-26 09:23:38,1
255,SES00066,PROD020,view_product,2026-03-17 07:58:37,1
256,SES00066,PROD001,view_product,2026-03-17 07:58:53,1
257,SES00066,PROD001,add_to_cart,2026-03-17 08:02:05,1
258,SES00067,PROD014,view_product,2026-01-01 03:25:34,1
259,SES00067,PROD027,view_product,2026-01-01 03:27:31,1
260,SES00067,PROD068,view_product,2026-01-01 03:29:46,1
261,SES00068,PROD067,view_product,2026-01-14 19:47:00,1
262,SES00068,PROD053,view_product,2026-01-14 19:49:07,1
263,SES00069,PROD073,view_product,2026-03-13 11:34:27,1
264,SES00069,PROD008,view_product,2026-03-13 11:35:51,1
265,SES00069,PROD056,view_product,2026-03-13 11:37:07,1
266,SES00069,PROD085,view_product,2026-03-13 11:38:37,1
267,SES00069,PROD017,view_product,2026-03-13 11:40:27,1
268,SES00070,PROD100,view_product,2026-01-27 09:44:50,1
269,SES00070,PROD099,view_product,2026-01-27 09:45:27,1
270,SES00070,PROD100,add_to_cart,2026-01-27 09:47:02,1
271,SES00070,PROD100,begin_checkout,2026-01-27 09:50:35,1
272,SES00071,PROD091,view_product,2026-03-30 19:18:10,1
273,SES00071,PROD090,view_product,2026-03-30 19:19:15,1
274,SES00071,PROD078,view_product,2026-03-30 19:20:48,1
275,SES00071,PROD078,add_to_cart,2026-03-30 19:22:34,1
276,SES00071,PROD078,begin_checkout,2026-03-30 19:23:29,1
277,SES00072,PROD032,view_product,2026-02-09 06:18:48,1
278,SES00072,PROD013,view_product,2026-02-09 06:19:01,1
279,SES00072,PROD060,view_product,2026-02-09 06:19:26,1
280,SES00072,PROD014,view_product,2026-02-09 06:20:32,1
281,SES00072,PROD018,view_product,2026-02-09 06:21:15,1
282,SES00072,PROD014,add_to_cart,2026-02-09 06:24:11,1
283,SES00073,PROD017,view_product,2026-02-06 06:44:18,1
284,SES00073,PROD012,view_product,2026-02-06 06:46:26,1
285,SES00073,PROD043,view_product,2026-02-06 06:46:48,1
286,SES00073,PROD016,view_product,2026-02-06 06:47:41,1
287,SES00074,PROD046,view_product,2026-02-18 04:04:26,1
288,SES00074,PROD028,view_product,2026-02-18 04:05:46,1
289,SES00074,PROD046,add_to_cart,2026-02-18 04:08:39,1
290,SES00075,PROD050,view_product,2026-03-27 17:02:24,1
291,SES00075,PROD018,view_product,2026-03-27 17:05:18,1
292,SES00075,PROD054,view_product,2026-03-27 17:07:42,1
293,SES00075,PROD054,add_to_cart,2026-03-27 17:09:34,1
294,SES00076,PROD050,view_product,2026-02-17 01:23:22,1
295,SES00076,PROD035,view_product,2026-02-17 01:24:53,1
296,SES00076,PROD024,view_product,2026-02-17 01:27:35,1
297,SES00076,PROD035,add_to_cart,2026-02-17 01:29:50,1
298,SES00076,PROD035,begin_checkout,2026-02-17 01:32:19,1
299,SES00077,PROD098,view_product,2026-01-26 21:04:16,1
300,SES00078,PROD023,view_product,2026-02-07 17:08:05,1
301,SES00078,PROD031,view_product,2026-02-07 17:09:36,1
302,SES00079,PROD073,view_product,2026-01-03 17:45:02,1
303,SES00079,PROD019,view_product,2026-01-03 17:45:56,1
304,SES00079,PROD025,view_product,2026-01-03 17:48:11,1
305,SES00079,PROD064,view_product,2026-01-03 17:48:30,1
306,SES00079,PROD070,view_product,2026-01-03 17:49:03,1
307,SES00079,PROD070,add_to_cart,2026-01-03 17:51:32,1
308,SES00079,PROD070,begin_checkout,2026-01-03 17:54:51,1
309,SES00080,PROD008,view_product,2026-02-13 05:33:21,1
310,SES00080,PROD003,view_product,2026-02-13 05:34:07,1
311,SES00080,PROD019,view_product,2026-02-13 05:34:45,1
312,SES00081,PROD076,view_product,2026-01-08 01:02:11,1
313,SES00081,PROD013,view_product,2026-01-08 01:02:55,1
314,SES00081,PROD044,view_product,2026-01-08 01:03:45,1
315,SES00081,PROD039,view_product,2026-01-08 01:05:46,1
316,SES00082,PROD089,view_product,2026-03-05 00:44:38,1
317,SES00082,PROD079,view_product,2026-03-05 00:45:32,1
318,SES00082,PROD046,view_product,2026-03-05 00:47:18,1
319,SES00082,PROD029,view_product,2026-03-05 00:48:46,1
320,SES00082,PROD086,view_product,2026-03-05 00:50:11,1
321,SES00082,PROD089,add_to_cart,2026-03-05 00:52:52,2
322,SES00082,PROD089,begin_checkout,2026-03-05 00:53:38,2
323,SES00083,PROD019,view_product,2026-01-22 10:44:33,1
324,SES00083,PROD043,view_product,2026-01-22 10:46:11,1
325,SES00083,PROD096,view_product,2026-01-22 10:47:42,1
326,SES00083,PROD010,view_product,2026-01-22 10:48:34,1
327,SES00084,PROD058,view_product,2026-03-21 18:37:41,1
328,SES00084,PROD002,view_product,2026-03-21 18:38:54,1
329,SES00084,PROD034,view_product,2026-03-21 18:39:21,1
330,SES00084,PROD058,add_to_cart,2026-03-21 18:39:48,1
331,SES00084,PROD058,begin_checkout,2026-03-21 18:43:52,1
332,SES00085,PROD013,view_product,2026-02-17 20:58:58,1
333,SES00085,PROD062,view_product,2026-02-17 20:59:49,1
334,SES00085,PROD074,view_product,2026-02-17 21:01:54,1
335,SES00085,PROD084,view_product,2026-02-17 21:02:22,1
336,SES00086,PROD049,view_product,2026-02-23 08:28:46,1
337,SES00086,PROD021,view_product,2026-02-23 08:31:16,1
338,SES00087,PROD091,view_product,2026-02-02 19:29:46,1
339,SES00087,PROD004,view_product,2026-02-02 19:32:31,1
340,SES00087,PROD056,view_product,2026-02-02 19:34:32,1
341,SES00087,PROD084,view_product,2026-02-02 19:35:22,1
342,SES00087,PROD056,add_to_cart,2026-02-02 19:36:25,1
343,SES00087,PROD056,begin_checkout,2026-02-02 19:39:10,1
344,SES00088,PROD007,view_product,2026-02-08 03:31:52,1
345,SES00088,PROD047,view_product,2026-02-08 03:33:51,1
346,SES00088,PROD047,add_to_cart,2026-02-08 03:34:12,1
347,SES00088,PROD047,begin_checkout,2026-02-08 03:37:11,1
348,SES00089,PROD012,view_product,2026-03-24 15:34:18,1
349,SES00089,PROD083,view_product,2026-03-24 15:35:15,1
350,SES00089,PROD070,view_product,2026-03-24 15:36:59,1
351,SES00090,PROD073,view_product,2026-02-02 13:34:26,1
352,SES00090,PROD008,view_product,2026-02-02 13:35:00,1
353,SES00090,PROD020,view_product,2026-02-02 13:35:31,1
354,SES00091,PROD008,view_product,2026-02-10 04:41:42,1
355,SES00091,PROD050,view_product,2026-02-10 04:44:18,1
356,SES00091,PROD067,view_product,2026-02-10 04:45:28,1
357,SES00091,PROD054,view_product,2026-02-10 04:47:39,1
358,SES00091,PROD069,view_product,2026-02-10 04:49:05,1
359,SES00091,PROD008,add_to_cart,2026-02-10 04:51:32,1
360,SES00092,PROD028,view_product,2026-01-12 16:17:19,1
361,SES00092,PROD025,view_product,2026-01-12 16:17:39,1
362,SES00093,PROD077,view_product,2026-02-12 06:33:54,1
363,SES00093,PROD034,view_product,2026-02-12 06:34:21,1
364,SES00093,PROD034,add_to_cart,2026-02-12 06:38:15,1
365,SES00093,PROD034,begin_checkout,2026-02-12 06:42:39,1
366,SES00094,PROD020,view_product,2026-03-30 06:19:55,1
367,SES00094,PROD019,view_product,2026-03-30 06:20:30,1
368,SES00094,PROD073,view_product,2026-03-30 06:21:07,1
369,SES00094,PROD076,view_product,2026-03-30 06:23:41,1
370,SES00095,PROD084,view_product,2026-03-27 10:54:05,1
371,SES00095,PROD063,view_product,2026-03-27 10:54:24,1
372,SES00095,PROD074,view_product,2026-03-27 10:55:18,1
373,SES00095,PROD078,view_product,2026-03-27 10:56:38,1
374,SES00096,PROD089,view_product,2026-03-03 12:04:26,1
375,SES00096,PROD031,view_product,2026-03-03 12:05:44,1
376,SES00096,PROD007,view_product,2026-03-03 12:07:29,1
377,SES00096,PROD031,add_to_cart,2026-03-03 12:11:19,1
378,SES00096,PROD031,begin_checkout,2026-03-03 12:12:39,1
379,SES00097,PROD078,view_product,2026-02-13 00:33:24,1
380,SES00097,PROD083,view_product,2026-02-13 00:34:28,1
381,SES00097,PROD012,view_product,2026-02-13 00:36:22,1
382,SES00097,PROD025,view_product,2026-02-13 00:38:36,1
383,SES00098,PROD040,view_product,2026-03-21 17:08:52,1
384,SES00099,PROD008,view_product,2026-03-31 21:38:34,1
385,SES00099,PROD032,view_product,2026-03-31 21:40:40,1
386,SES00099,PROD032,add_to_cart,2026-03-31 21:42:05,1
387,SES00099,PROD032,begin_checkout,2026-03-31 21:46:32,1
388,SES00099,PROD032,purchase,2026-03-31 21:49:38,1
389,SES00100,PROD034,view_product,2026-02-16 01:51:57,1
390,SES00100,PROD096,view_product,2026-02-16 01:53:19,1
391,SES00100,PROD034,add_to_cart,2026-02-16 01:56:00,1
392,SES00101,PROD066,view_product,2026-01-22 20:33:08,1
393,SES00101,PROD003,view_product,2026-01-22 20:35:19,1
394,SES00101,PROD100,view_product,2026-01-22 20:36:02,1
395,SES00101,PROD099,view_product,2026-01-22 20:38:57,1
396,SES00101,PROD066,add_to_cart,2026-01-22 20:41:47,1
397,SES00102,PROD059,view_product,2026-03-04 09:43:45,1
398,SES00102,PROD033,view_product,2026-03-04 09:45:12,1
399,SES00102,PROD028,view_product,2026-03-04 09:47:35,1
400,SES00103,PROD072,view_product,2026-02-19 15:57:33,1
401,SES00103,PROD083,view_product,2026-02-19 15:58:55,1
402,SES00103,PROD077,view_product,2026-02-19 16:00:21,1
403,SES00104,PROD025,view_product,2026-03-24 04:42:49,1
404,SES00104,PROD020,view_product,2026-03-24 04:43:13,1
405,SES00104,PROD067,view_product,2026-03-24 04:45:56,1
406,SES00105,PROD054,view_product,2026-01-03 11:19:13,1
407,SES00105,PROD052,view_product,2026-01-03 11:21:52,1
408,SES00105,PROD050,view_product,2026-01-03 11:24:28,1
409,SES00106,PROD065,view_product,2026-03-08 15:17:11,1
410,SES00106,PROD039,view_product,2026-03-08 15:19:43,1
411,SES00106,PROD022,view_product,2026-03-08 15:20:39,1
412,SES00106,PROD039,add_to_cart,2026-03-08 15:22:00,1
413,SES00107,PROD046,view_product,2026-03-07 23:52:08,1
414,SES00107,PROD029,view_product,2026-03-07 23:54:05,1
415,SES00108,PROD082,view_product,2026-01-29 13:13:58,1
416,SES00109,PROD068,view_product,2026-01-19 21:19:59,1
417,SES00109,PROD039,view_product,2026-01-19 21:20:44,1
418,SES00109,PROD053,view_product,2026-01-19 21:21:45,1
419,SES00109,PROD007,view_product,2026-01-19 21:23:22,1
420,SES00110,PROD063,view_product,2026-01-14 21:45:46,1
421,SES00111,PROD074,view_product,2026-01-01 10:59:49,1
422,SES00111,PROD098,view_product,2026-01-01 11:02:04,1
423,SES00112,PROD050,view_product,2026-03-09 01:19:38,1
424,SES00112,PROD001,view_product,2026-03-09 01:21:23,1
425,SES00112,PROD005,view_product,2026-03-09 01:21:36,1
426,SES00112,PROD069,view_product,2026-03-09 01:23:08,1
427,SES00113,PROD040,view_product,2026-01-01 09:38:21,1
428,SES00113,PROD017,view_product,2026-01-01 09:40:39,1
429,SES00113,PROD014,view_product,2026-01-01 09:43:19,1
430,SES00113,PROD040,add_to_cart,2026-01-01 09:44:50,2
431,SES00114,PROD044,view_product,2026-02-20 21:18:38,1
432,SES00114,PROD063,view_product,2026-02-20 21:19:36,1
433,SES00114,PROD063,add_to_cart,2026-02-20 21:20:48,1
434,SES00115,PROD049,view_product,2026-02-27 06:07:55,1
435,SES00115,PROD049,add_to_cart,2026-02-27 06:08:22,1
436,SES00116,PROD033,view_product,2026-02-09 05:51:26,1
437,SES00116,PROD061,view_product,2026-02-09 05:51:38,1
438,SES00116,PROD090,view_product,2026-02-09 05:53:05,1
439,SES00116,PROD020,view_product,2026-02-09 05:55:02,1
440,SES00116,PROD027,view_product,2026-02-09 05:58:01,1
441,SES00116,PROD027,add_to_cart,2026-02-09 06:00:51,1
442,SES00117,PROD014,view_product,2026-02-19 16:07:01,1
443,SES00117,PROD014,add_to_cart,2026-02-19 16:10:48,1
444,SES00117,PROD014,begin_checkout,2026-02-19 16:13:01,1
445,SES00117,PROD014,purchase,2026-02-19 16:21:00,1
446,SES00118,PROD001,view_product,2026-01-21 03:58:15,1
447,SES00118,PROD002,view_product,2026-01-21 03:58:53,1
448,SES00119,PROD033,view_product,2026-03-17 16:28:33,1
449,SES00119,PROD033,add_to_cart,2026-03-17 16:29:00,1
450,SES00119,PROD033,begin_checkout,2026-03-17 16:30:59,1
451,SES00120,PROD013,view_product,2026-02-04 23:22:00,1
452,SES00120,PROD013,add_to_cart,2026-02-04 23:22:58,1
453,SES00120,PROD013,begin_checkout,2026-02-04 23:27:12,1
454,SES00121,PROD052,view_product,2026-03-29 12:34:14,1
455,SES00121,PROD059,view_product,2026-03-29 12:36:11,1
456,SES00121,PROD035,view_product,2026-03-29 12:39:07,1
457,SES00121,PROD050,view_product,2026-03-29 12:39:59,1
458,SES00121,PROD052,add_to_cart,2026-03-29 12:43:50,3
459,SES00121,PROD052,begin_checkout,2026-03-29 12:47:53,3
460,SES00122,PROD079,view_product,2026-02-12 13:00:19,1
461,SES00122,PROD004,view_product,2026-02-12 13:02:32,1
462,SES00122,PROD088,view_product,2026-02-12 13:04:46,1
463,SES00122,PROD004,add_to_cart,2026-02-12 13:05:17,1
464,SES00122,PROD004,begin_checkout,2026-02-12 13:08:27,1
465,SES00122,PROD004,purchase,2026-02-12 13:18:24,1
466,SES00123,PROD013,view_product,2026-03-26 18:36:32,1
467,SES00123,PROD056,view_product,2026-03-26 18:38:10,1
468,SES00123,PROD085,view_product,2026-03-26 18:41:09,1
469,SES00123,PROD094,view_product,2026-03-26 18:44:03,1
470,SES00123,PROD032,view_product,2026-03-26 18:45:51,1
471,SES00123,PROD032,add_to_cart,2026-03-26 18:48:42,2
472,SES00123,PROD032,begin_checkout,2026-03-26 18:50:32,2
473,SES00123,PROD032,purchase,2026-03-26 18:59:32,2
474,SES00124,PROD083,view_product,2026-03-31 22:40:44,1
475,SES00124,PROD049,view_product,2026-03-31 22:42:47,1
476,SES00124,PROD052,view_product,2026-03-31 22:45:23,1
477,SES00124,PROD031,view_product,2026-03-31 22:47:27,1
478,SES00124,PROD011,view_product,2026-03-31 22:47:59,1
479,SES00125,PROD005,view_product,2026-03-22 08:32:30,1
480,SES00125,PROD072,view_product,2026-03-22 08:35:14,1
481,SES00125,PROD071,view_product,2026-03-22 08:38:02,1
482,SES00125,PROD001,view_product,2026-03-22 08:40:55,1
483,SES00125,PROD072,add_to_cart,2026-03-22 08:43:06,1
484,SES00126,PROD077,view_product,2026-01-22 15:28:17,1
485,SES00126,PROD061,view_product,2026-01-22 15:28:56,1
486,SES00126,PROD092,view_product,2026-01-22 15:29:30,1
487,SES00126,PROD085,view_product,2026-01-22 15:32:28,1
488,SES00126,PROD047,view_product,2026-01-22 15:33:34,1
489,SES00126,PROD092,add_to_cart,2026-01-22 15:37:13,2
490,SES00126,PROD092,begin_checkout,2026-01-22 15:42:10,2
491,SES00126,PROD092,purchase,2026-01-22 15:44:58,2
492,SES00127,PROD079,view_product,2026-03-11 14:24:24,1
493,SES00127,PROD026,view_product,2026-03-11 14:26:14,1
494,SES00127,PROD025,view_product,2026-03-11 14:27:19,1
495,SES00128,PROD016,view_product,2026-02-20 05:36:02,1
496,SES00128,PROD099,view_product,2026-02-20 05:38:21,1
497,SES00128,PROD058,view_product,2026-02-20 05:39:05,1
498,SES00128,PROD059,view_product,2026-02-20 05:41:22,1
499,SES00128,PROD085,view_product,2026-02-20 05:41:33,1
500,SES00129,PROD089,view_product,2026-03-23 10:35:53,1
501,SES00129,PROD075,view_product,2026-03-23 10:36:35,1
502,SES00129,PROD075,add_to_cart,2026-03-23 10:38:28,1
503,SES00129,PROD075,begin_checkout,2026-03-23 10:41:05,1
504,SES00129,PROD075,purchase,2026-03-23 10:47:56,1
505,SES00130,PROD092,view_product,2026-02-19 17:46:49,1
506,SES00130,PROD095,view_product,2026-02-19 17:47:54,1
507,SES00130,PROD071,view_product,2026-02-19 17:48:55,1
508,SES00130,PROD071,add_to_cart,2026-02-19 17:50:38,1
509,SES00131,PROD091,view_product,2026-01-18 06:21:41,1
510,SES00131,PROD015,view_product,2026-01-18 06:24:14,1
511,SES00131,PROD098,view_product,2026-01-18 06:26:26,1
512,SES00132,PROD037,view_product,2026-03-10 22:42:44,1
513,SES00132,PROD055,view_product,2026-03-10 22:44:31,1
514,SES00132,PROD002,view_product,2026-03-10 22:45:18,1
515,SES00132,PROD067,view_product,2026-03-10 22:45:41,1
516,SES00132,PROD014,view_product,2026-03-10 22:46:05,1
517,SES00132,PROD055,add_to_cart,2026-03-10 22:49:14,3
518,SES00132,PROD055,begin_checkout,2026-03-10 22:50:15,3
519,SES00133,PROD087,view_product,2026-01-04 03:19:40,1
520,SES00133,PROD095,view_product,2026-01-04 03:22:13,1
521,SES00133,PROD072,view_product,2026-01-04 03:24:02,1
522,SES00133,PROD029,view_product,2026-01-04 03:25:12,1
523,SES00133,PROD096,view_product,2026-01-04 03:27:32,1
524,SES00134,PROD088,view_product,2026-03-06 12:23:09,1
525,SES00134,PROD041,view_product,2026-03-06 12:24:23,1
526,SES00134,PROD071,view_product,2026-03-06 12:25:24,1
527,SES00134,PROD007,view_product,2026-03-06 12:28:12,1
528,SES00135,PROD097,view_product,2026-02-13 00:27:32,1
529,SES00135,PROD076,view_product,2026-02-13 00:28:32,1
530,SES00135,PROD070,view_product,2026-02-13 00:29:31,1
531,SES00135,PROD097,add_to_cart,2026-02-13 00:30:05,3
532,SES00135,PROD097,begin_checkout,2026-02-13 00:32:03,3
533,SES00136,PROD033,view_product,2026-01-28 02:23:32,1
534,SES00136,PROD001,view_product,2026-01-28 02:23:52,1
535,SES00136,PROD043,view_product,2026-01-28 02:24:41,1
536,SES00136,PROD060,view_product,2026-01-28 02:26:13,1
537,SES00136,PROD091,view_product,2026-01-28 02:28:55,1
538,SES00136,PROD091,add_to_cart,2026-01-28 02:30:27,2
539,SES00136,PROD091,begin_checkout,2026-01-28 02:34:00,2
540,SES00136,PROD091,purchase,2026-01-28 02:40:25,2
541,SES00137,PROD070,view_product,2026-02-20 13:07:41,1
542,SES00137,PROD069,view_product,2026-02-20 13:08:47,1
543,SES00137,PROD052,view_product,2026-02-20 13:09:51,1
544,SES00137,PROD012,view_product,2026-02-20 13:12:50,1
545,SES00137,PROD052,add_to_cart,2026-02-20 13:16:17,1
546,SES00138,PROD058,view_product,2026-03-15 00:38:42,1
547,SES00138,PROD031,view_product,2026-03-15 00:41:31,1
548,SES00138,PROD083,view_product,2026-03-15 00:42:43,1
549,SES00139,PROD004,view_product,2026-02-03 00:12:35,1
550,SES00139,PROD067,view_product,2026-02-03 00:14:56,1
551,SES00139,PROD099,view_product,2026-02-03 00:17:16,1
552,SES00140,PROD022,view_product,2026-01-19 16:37:37,1
553,SES00141,PROD014,view_product,2026-03-03 02:54:31,1
554,SES00141,PROD027,view_product,2026-03-03 02:57:26,1
555,SES00141,PROD069,view_product,2026-03-03 02:57:54,1
556,SES00141,PROD090,view_product,2026-03-03 02:58:43,1
557,SES00141,PROD069,add_to_cart,2026-03-03 02:59:16,1
558,SES00141,PROD069,begin_checkout,2026-03-03 03:01:54,1
559,SES00141,PROD069,purchase,2026-03-03 03:06:47,1
560,SES00142,PROD083,view_product,2026-02-04 15:24:19,1
561,SES00142,PROD083,add_to_cart,2026-02-04 15:24:52,1
562,SES00142,PROD083,begin_checkout,2026-02-04 15:29:39,1
563,SES00142,PROD083,purchase,2026-02-04 15:35:47,1
564,SES00143,PROD021,view_product,2026-02-14 00:47:18,1
565,SES00143,PROD069,view_product,2026-02-14 00:49:47,1
566,SES00143,PROD029,view_product,2026-02-14 00:51:12,1
567,SES00143,PROD018,view_product,2026-02-14 00:54:04,1
568,SES00143,PROD029,add_to_cart,2026-02-14 00:54:21,2
569,SES00143,PROD029,begin_checkout,2026-02-14 00:56:03,2
570,SES00143,PROD029,purchase,2026-02-14 00:57:08,2
571,SES00144,PROD028,view_product,2026-03-26 16:47:12,1
572,SES00144,PROD053,view_product,2026-03-26 16:47:58,1
573,SES00144,PROD083,view_product,2026-03-26 16:48:49,1
574,SES00144,PROD083,add_to_cart,2026-03-26 16:49:53,2
575,SES00144,PROD083,begin_checkout,2026-03-26 16:50:50,2
576,SES00145,PROD086,view_product,2026-02-23 06:55:31,1
577,SES00145,PROD009,view_product,2026-02-23 06:56:31,1
578,SES00145,PROD033,view_product,2026-02-23 06:59:09,1
579,SES00146,PROD025,view_product,2026-03-05 15:23:16,1
580,SES00147,PROD055,view_product,2026-03-22 16:48:05,1
581,SES00147,PROD022,view_product,2026-03-22 16:49:18,1
582,SES00147,PROD001,view_product,2026-03-22 16:50:24,1
583,SES00148,PROD060,view_product,2026-03-25 08:43:56,1
584,SES00148,PROD058,view_product,2026-03-25 08:46:10,1
585,SES00148,PROD046,view_product,2026-03-25 08:48:41,1
586,SES00148,PROD100,view_product,2026-03-25 08:49:18,1
587,SES00148,PROD060,add_to_cart,2026-03-25 08:53:12,2
588,SES00149,PROD094,view_product,2026-01-20 01:43:39,1
589,SES00150,PROD099,view_product,2026-03-03 07:50:18,1
590,SES00150,PROD076,view_product,2026-03-03 07:51:34,1
591,SES00150,PROD028,view_product,2026-03-03 07:54:03,1
592,SES00150,PROD005,view_product,2026-03-03 07:56:31,1
593,SES00151,PROD018,view_product,2026-01-22 16:22:51,1
594,SES00151,PROD060,view_product,2026-01-22 16:23:24,1
595,SES00151,PROD065,view_product,2026-01-22 16:25:15,1
596,SES00151,PROD018,add_to_cart,2026-01-22 16:29:07,1
597,SES00152,PROD021,view_product,2026-03-08 10:13:30,1
598,SES00152,PROD023,view_product,2026-03-08 10:15:43,1
599,SES00152,PROD073,view_product,2026-03-08 10:17:24,1
600,SES00152,PROD085,view_product,2026-03-08 10:17:44,1
601,SES00152,PROD085,add_to_cart,2026-03-08 10:19:06,1
602,SES00152,PROD085,begin_checkout,2026-03-08 10:19:57,1
603,SES00153,PROD006,view_product,2026-02-07 16:22:16,1
604,SES00153,PROD006,add_to_cart,2026-02-07 16:23:38,2
605,SES00153,PROD006,begin_checkout,2026-02-07 16:25:37,2
606,SES00153,PROD006,purchase,2026-02-07 16:33:04,2
607,SES00154,PROD067,view_product,2026-02-20 03:56:22,1
608,SES00154,PROD052,view_product,2026-02-20 03:58:00,1
609,SES00155,PROD010,view_product,2026-02-28 17:24:47,1
610,SES00155,PROD066,view_product,2026-02-28 17:26:08,1
611,SES00155,PROD010,add_to_cart,2026-02-28 17:28:57,1
612,SES00156,PROD062,view_product,2026-03-23 00:47:18,1
613,SES00156,PROD027,view_product,2026-03-23 00:49:13,1
614,SES00156,PROD076,view_product,2026-03-23 00:49:28,1
615,SES00156,PROD021,view_product,2026-03-23 00:50:40,1
616,SES00156,PROD027,add_to_cart,2026-03-23 00:53:06,1
617,SES00156,PROD027,begin_checkout,2026-03-23 00:54:51,1
618,SES00156,PROD027,purchase,2026-03-23 01:00:15,1
619,SES00157,PROD011,view_product,2026-01-02 19:26:01,1
620,SES00157,PROD028,view_product,2026-01-02 19:28:11,1
621,SES00157,PROD058,view_product,2026-01-02 19:30:24,1
622,SES00157,PROD028,add_to_cart,2026-01-02 19:34:02,1
623,SES00157,PROD028,begin_checkout,2026-01-02 19:36:05,1
624,SES00157,PROD028,purchase,2026-01-02 19:45:48,1
625,SES00158,PROD050,view_product,2026-02-14 00:40:44,1
626,SES00158,PROD017,view_product,2026-02-14 00:43:07,1
627,SES00158,PROD014,view_product,2026-02-14 00:45:26,1
628,SES00158,PROD003,view_product,2026-02-14 00:47:23,1
629,SES00159,PROD065,view_product,2026-03-29 12:56:55,1
630,SES00159,PROD097,view_product,2026-03-29 12:57:38,1
631,SES00159,PROD016,view_product,2026-03-29 13:00:22,1
632,SES00159,PROD012,view_product,2026-03-29 13:02:50,1
633,SES00159,PROD062,view_product,2026-03-29 13:03:00,1
634,SES00160,PROD055,view_product,2026-02-20 16:28:43,1
635,SES00160,PROD030,view_product,2026-02-20 16:31:23,1
636,SES00160,PROD062,view_product,2026-02-20 16:34:00,1
637,SES00160,PROD099,view_product,2026-02-20 16:34:35,1
638,SES00160,PROD049,view_product,2026-02-20 16:36:33,1
639,SES00160,PROD099,add_to_cart,2026-02-20 16:40:27,1
640,SES00160,PROD099,begin_checkout,2026-02-20 16:44:26,1
641,SES00160,PROD099,purchase,2026-02-20 16:45:31,1
642,SES00161,PROD047,view_product,2026-03-21 13:15:06,1
643,SES00161,PROD014,view_product,2026-03-21 13:17:45,1
644,SES00161,PROD020,view_product,2026-03-21 13:18:59,1
645,SES00161,PROD055,view_product,2026-03-21 13:20:15,1
646,SES00162,PROD053,view_product,2026-01-27 18:08:41,1
647,SES00162,PROD071,view_product,2026-01-27 18:10:54,1
648,SES00162,PROD071,add_to_cart,2026-01-27 18:12:27,1
649,SES00162,PROD071,begin_checkout,2026-01-27 18:16:20,1
650,SES00163,PROD013,view_product,2026-03-06 00:16:45,1
651,SES00163,PROD028,view_product,2026-03-06 00:18:37,1
652,SES00164,PROD050,view_product,2026-03-01 14:47:09,1
653,SES00164,PROD082,view_product,2026-03-01 14:47:42,1
654,SES00165,PROD078,view_product,2026-01-09 13:23:16,1
655,SES00166,PROD008,view_product,2026-02-08 21:36:14,1
656,SES00166,PROD100,view_product,2026-02-08 21:36:26,1
657,SES00166,PROD023,view_product,2026-02-08 21:37:27,1
658,SES00166,PROD082,view_product,2026-02-08 21:40:25,1
659,SES00166,PROD064,view_product,2026-02-08 21:42:47,1
660,SES00166,PROD008,add_to_cart,2026-02-08 21:45:12,1
661,SES00166,PROD008,begin_checkout,2026-02-08 21:47:40,1
662,SES00167,PROD100,view_product,2026-03-05 14:20:09,1
663,SES00167,PROD052,view_product,2026-03-05 14:22:02,1
664,SES00167,PROD046,view_product,2026-03-05 14:24:42,1
665,SES00167,PROD100,add_to_cart,2026-03-05 14:25:14,1
666,SES00168,PROD029,view_product,2026-03-19 06:51:53,1
667,SES00168,PROD078,view_product,2026-03-19 06:53:46,1
668,SES00168,PROD025,view_product,2026-03-19 06:56:23,1
669,SES00168,PROD029,add_to_cart,2026-03-19 06:57:05,1
670,SES00168,PROD029,begin_checkout,2026-03-19 07:01:52,1
671,SES00168,PROD029,purchase,2026-03-19 07:04:51,1
672,SES00169,PROD073,view_product,2026-02-25 19:37:35,1
673,SES00169,PROD062,view_product,2026-02-25 19:39:42,1
674,SES00169,PROD099,view_product,2026-02-25 19:41:49,1
675,SES00169,PROD032,view_product,2026-02-25 19:44:29,1
676,SES00170,PROD041,view_product,2026-02-07 03:43:15,1
677,SES00170,PROD053,view_product,2026-02-07 03:45:37,1
678,SES00171,PROD010,view_product,2026-01-28 21:28:10,1
679,SES00171,PROD071,view_product,2026-01-28 21:29:40,1
680,SES00171,PROD023,view_product,2026-01-28 21:31:20,1
681,SES00171,PROD023,add_to_cart,2026-01-28 21:34:46,1
682,SES00172,PROD034,view_product,2026-02-18 10:46:17,1
683,SES00172,PROD027,view_product,2026-02-18 10:47:18,1
684,SES00173,PROD087,view_product,2026-02-04 13:39:13,1
685,SES00174,PROD064,view_product,2026-01-24 02:31:03,1
686,SES00174,PROD074,view_product,2026-01-24 02:31:59,1
687,SES00174,PROD036,view_product,2026-01-24 02:34:19,1
688,SES00174,PROD064,add_to_cart,2026-01-24 02:35:06,1
689,SES00174,PROD064,begin_checkout,2026-01-24 02:39:12,1
690,SES00174,PROD064,purchase,2026-01-24 02:40:45,1
691,SES00175,PROD059,view_product,2026-03-29 12:44:45,1
692,SES00175,PROD041,view_product,2026-03-29 12:46:32,1
693,SES00175,PROD089,view_product,2026-03-29 12:49:10,1
694,SES00175,PROD002,view_product,2026-03-29 12:49:45,1
695,SES00175,PROD087,view_product,2026-03-29 12:51:18,1
696,SES00175,PROD089,add_to_cart,2026-03-29 12:52:40,1
697,SES00175,PROD089,begin_checkout,2026-03-29 12:57:11,1
698,SES00176,PROD047,view_product,2026-02-11 03:53:35,1
699,SES00176,PROD052,view_product,2026-02-11 03:54:31,1
700,SES00176,PROD036,view_product,2026-02-11 03:57:07,1
701,SES00176,PROD036,add_to_cart,2026-02-11 04:00:50,1
702,SES00176,PROD036,begin_checkout,2026-02-11 04:03:38,1
703,SES00177,PROD061,view_product,2026-03-13 18:13:49,1
704,SES00177,PROD002,view_product,2026-03-13 18:15:46,1
705,SES00178,PROD063,view_product,2026-03-24 11:15:52,1
706,SES00178,PROD039,view_product,2026-03-24 11:18:27,1
707,SES00178,PROD033,view_product,2026-03-24 11:18:49,1
708,SES00178,PROD033,add_to_cart,2026-03-24 11:19:59,1
709,SES00179,PROD072,view_product,2026-03-27 11:02:01,1
710,SES00179,PROD033,view_product,2026-03-27 11:03:56,1
711,SES00179,PROD045,view_product,2026-03-27 11:04:37,1
712,SES00179,PROD045,add_to_cart,2026-03-27 11:05:42,2
713,SES00179,PROD045,begin_checkout,2026-03-27 11:07:41,2
714,SES00180,PROD049,view_product,2026-03-16 18:45:26,1
715,SES00180,PROD049,add_to_cart,2026-03-16 18:48:24,2
716,SES00181,PROD021,view_product,2026-02-25 12:02:20,1
717,SES00181,PROD021,add_to_cart,2026-02-25 12:05:36,1
718,SES00181,PROD021,begin_checkout,2026-02-25 12:09:28,1
719,SES00181,PROD021,purchase,2026-02-25 12:18:03,1
720,SES00182,PROD085,view_product,2026-01-17 05:53:16,1
721,SES00182,PROD033,view_product,2026-01-17 05:54:19,1
722,SES00182,PROD085,add_to_cart,2026-01-17 05:58:18,1
723,SES00182,PROD085,begin_checkout,2026-01-17 05:59:15,1
724,SES00182,PROD085,purchase,2026-01-17 06:07:01,1
725,SES00183,PROD040,view_product,2026-01-11 02:11:36,1
726,SES00183,PROD030,view_product,2026-01-11 02:13:39,1
727,SES00183,PROD032,view_product,2026-01-11 02:16:29,1
728,SES00183,PROD095,view_product,2026-01-11 02:17:11,1
729,SES00183,PROD030,add_to_cart,2026-01-11 02:20:15,1
730,SES00183,PROD030,begin_checkout,2026-01-11 02:23:31,1
731,SES00184,PROD023,view_product,2026-01-27 10:49:09,1
732,SES00184,PROD076,view_product,2026-01-27 10:51:43,1
733,SES00184,PROD077,view_product,2026-01-27 10:53:44,1
734,SES00184,PROD059,view_product,2026-01-27 10:56:08,1
735,SES00184,PROD081,view_product,2026-01-27 10:59:01,1
736,SES00185,PROD047,view_product,2026-03-27 09:31:53,1
737,SES00185,PROD053,view_product,2026-03-27 09:33:20,1
738,SES00185,PROD034,view_product,2026-03-27 09:33:32,1
739,SES00185,PROD047,add_to_cart,2026-03-27 09:35:47,1
740,SES00185,PROD047,begin_checkout,2026-03-27 09:40:28,1
741,SES00186,PROD071,view_product,2026-03-24 10:46:33,1
742,SES00186,PROD071,add_to_cart,2026-03-24 10:47:29,1
743,SES00187,PROD067,view_product,2026-01-22 10:03:49,1
744,SES00187,PROD098,view_product,2026-01-22 10:05:08,1
745,SES00187,PROD098,add_to_cart,2026-01-22 10:09:01,1
746,SES00187,PROD098,begin_checkout,2026-01-22 10:10:40,1
747,SES00187,PROD098,purchase,2026-01-22 10:19:26,1
748,SES00188,PROD003,view_product,2026-03-29 03:21:37,1
749,SES00188,PROD024,view_product,2026-03-29 03:23:39,1
750,SES00188,PROD014,view_product,2026-03-29 03:23:51,1
751,SES00188,PROD037,view_product,2026-03-29 03:25:00,1
752,SES00188,PROD035,view_product,2026-03-29 03:25:33,1
753,SES00188,PROD037,add_to_cart,2026-03-29 03:27:35,1
754,SES00188,PROD037,begin_checkout,2026-03-29 03:32:20,1
755,SES00189,PROD008,view_product,2026-02-02 01:33:56,1
756,SES00189,PROD035,view_product,2026-02-02 01:34:24,1
757,SES00190,PROD099,view_product,2026-01-30 06:44:51,1
758,SES00190,PROD099,add_to_cart,2026-01-30 06:45:14,1
759,SES00190,PROD099,begin_checkout,2026-01-30 06:46:32,1
760,SES00190,PROD099,purchase,2026-01-30 06:51:05,1
761,SES00191,PROD067,view_product,2026-02-24 09:36:55,1
762,SES00191,PROD016,view_product,2026-02-24 09:37:55,1
763,SES00191,PROD033,view_product,2026-02-24 09:39:37,1
764,SES00191,PROD062,view_product,2026-02-24 09:40:00,1
765,SES00191,PROD082,view_product,2026-02-24 09:43:00,1
766,SES00191,PROD067,add_to_cart,2026-02-24 09:45:06,1
767,SES00191,PROD067,begin_checkout,2026-02-24 09:47:01,1
768,SES00192,PROD089,view_product,2026-01-24 14:26:53,1
769,SES00192,PROD077,view_product,2026-01-24 14:28:06,1
770,SES00192,PROD020,view_product,2026-01-24 14:28:56,1
771,SES00192,PROD048,view_product,2026-01-24 14:31:13,1
772,SES00192,PROD020,add_to_cart,2026-01-24 14:34:42,2
773,SES00193,PROD030,view_product,2026-03-10 02:14:24,1
774,SES00193,PROD041,view_product,2026-03-10 02:16:26,1
775,SES00193,PROD072,view_product,2026-03-10 02:17:25,1
776,SES00193,PROD083,view_product,2026-03-10 02:17:40,1
777,SES00194,PROD038,view_product,2026-03-29 06:04:47,1
778,SES00194,PROD070,view_product,2026-03-29 06:05:44,1
779,SES00194,PROD090,view_product,2026-03-29 06:08:13,1
780,SES00194,PROD063,view_product,2026-03-29 06:09:52,1
781,SES00194,PROD025,view_product,2026-03-29 06:11:24,1
782,SES00195,PROD020,view_product,2026-03-30 18:54:26,1
783,SES00195,PROD058,view_product,2026-03-30 18:56:32,1
784,SES00195,PROD038,view_product,2026-03-30 18:56:42,1
785,SES00195,PROD034,view_product,2026-03-30 18:59:35,1
786,SES00195,PROD070,view_product,2026-03-30 19:01:54,1
787,SES00195,PROD058,add_to_cart,2026-03-30 19:04:47,2
788,SES00196,PROD025,view_product,2026-03-12 00:06:07,1
789,SES00196,PROD068,view_product,2026-03-12 00:06:56,1
790,SES00196,PROD088,view_product,2026-03-12 00:09:42,1
791,SES00196,PROD064,view_product,2026-03-12 00:11:04,1
792,SES00196,PROD088,add_to_cart,2026-03-12 00:13:32,1
793,SES00197,PROD025,view_product,2026-01-18 08:18:24,1
794,SES00197,PROD013,view_product,2026-01-18 08:20:13,1
795,SES00197,PROD005,view_product,2026-01-18 08:23:11,1
796,SES00197,PROD074,view_product,2026-01-18 08:25:26,1
797,SES00198,PROD027,view_product,2026-02-05 13:42:57,1
798,SES00199,PROD072,view_product,2026-01-08 18:20:30,1
799,SES00199,PROD096,view_product,2026-01-08 18:20:54,1
800,SES00199,PROD054,view_product,2026-01-08 18:23:41,1
801,SES00199,PROD072,add_to_cart,2026-01-08 18:27:29,1
802,SES00199,PROD072,begin_checkout,2026-01-08 18:29:49,1
803,SES00200,PROD073,view_product,2026-02-21 14:52:31,1
804,SES00200,PROD081,view_product,2026-02-21 14:55:03,1
805,SES00201,PROD014,view_product,2026-03-05 00:08:00,1
806,SES00201,PROD022,view_product,2026-03-05 00:10:19,1
807,SES00201,PROD024,view_product,2026-03-05 00:11:55,1
808,SES00201,PROD071,view_product,2026-03-05 00:14:53,1
809,SES00201,PROD071,add_to_cart,2026-03-05 00:16:28,2
810,SES00201,PROD071,begin_checkout,2026-03-05 00:19:44,2
811,SES00202,PROD028,view_product,2026-03-30 05:43:04,1
812,SES00202,PROD049,view_product,2026-03-30 05:44:46,1
813,SES00202,PROD099,view_product,2026-03-30 05:46:51,1
814,SES00202,PROD071,view_product,2026-03-30 05:48:55,1
815,SES00202,PROD096,view_product,2026-03-30 05:50:46,1
816,SES00202,PROD028,add_to_cart,2026-03-30 05:53:33,3
817,SES00202,PROD028,begin_checkout,2026-03-30 05:55:12,3
818,SES00203,PROD071,view_product,2026-01-21 20:37:00,1
819,SES00203,PROD066,view_product,2026-01-21 20:39:36,1
820,SES00203,PROD072,view_product,2026-01-21 20:40:25,1
821,SES00203,PROD066,add_to_cart,2026-01-21 20:41:15,1
822,SES00203,PROD066,begin_checkout,2026-01-21 20:43:52,1
823,SES00203,PROD066,purchase,2026-01-21 20:49:59,1
824,SES00204,PROD063,view_product,2026-02-28 17:59:23,1
825,SES00204,PROD089,view_product,2026-02-28 17:59:57,1
826,SES00205,PROD045,view_product,2026-03-26 23:43:14,1
827,SES00205,PROD056,view_product,2026-03-26 23:44:22,1
828,SES00205,PROD054,view_product,2026-03-26 23:47:19,1
829,SES00206,PROD068,view_product,2026-03-03 13:06:18,1
830,SES00206,PROD006,view_product,2026-03-03 13:08:52,1
831,SES00206,PROD041,view_product,2026-03-03 13:09:40,1
832,SES00206,PROD041,add_to_cart,2026-03-03 13:10:07,1
833,SES00207,PROD029,view_product,2026-02-13 06:23:39,1
834,SES00207,PROD029,add_to_cart,2026-02-13 06:25:20,1
835,SES00207,PROD029,begin_checkout,2026-02-13 06:26:15,1
836,SES00208,PROD062,view_product,2026-03-25 04:27:15,1
837,SES00208,PROD072,view_product,2026-03-25 04:29:29,1
838,SES00208,PROD062,add_to_cart,2026-03-25 04:32:52,1
839,SES00208,PROD062,begin_checkout,2026-03-25 04:35:26,1
840,SES00208,PROD062,purchase,2026-03-25 04:43:46,1
841,SES00209,PROD045,view_product,2026-01-09 16:47:52,1
842,SES00209,PROD025,view_product,2026-01-09 16:50:34,1
843,SES00209,PROD042,view_product,2026-01-09 16:53:31,1
844,SES00209,PROD025,add_to_cart,2026-01-09 16:55:15,1
845,SES00210,PROD026,view_product,2026-02-12 22:27:12,1
846,SES00210,PROD088,view_product,2026-02-12 22:28:01,1
847,SES00211,PROD019,view_product,2026-01-11 21:51:20,1
848,SES00211,PROD037,view_product,2026-01-11 21:52:48,1
849,SES00211,PROD002,view_product,2026-01-11 21:54:53,1
850,SES00211,PROD044,view_product,2026-01-11 21:57:03,1
851,SES00211,PROD089,view_product,2026-01-11 21:57:18,1
852,SES00211,PROD089,add_to_cart,2026-01-11 21:59:52,1
853,SES00211,PROD089,begin_checkout,2026-01-11 22:02:34,1
854,SES00212,PROD006,view_product,2026-03-09 20:14:04,1
855,SES00212,PROD033,view_product,2026-03-09 20:16:52,1
856,SES00212,PROD022,view_product,2026-03-09 20:18:11,1
857,SES00212,PROD008,view_product,2026-03-09 20:18:34,1
858,SES00212,PROD037,view_product,2026-03-09 20:20:43,1
859,SES00213,PROD014,view_product,2026-01-27 08:14:52,1
860,SES00213,PROD003,view_product,2026-01-27 08:16:40,1
861,SES00213,PROD038,view_product,2026-01-27 08:17:49,1
862,SES00214,PROD012,view_product,2026-03-29 18:13:01,1
863,SES00214,PROD024,view_product,2026-03-29 18:13:16,1
864,SES00214,PROD026,view_product,2026-03-29 18:13:36,1
865,SES00214,PROD065,view_product,2026-03-29 18:14:49,1
866,SES00214,PROD059,view_product,2026-03-29 18:17:14,1
867,SES00214,PROD065,add_to_cart,2026-03-29 18:18:09,1
868,SES00214,PROD065,begin_checkout,2026-03-29 18:21:39,1
869,SES00214,PROD065,purchase,2026-03-29 18:27:48,1
870,SES00215,PROD050,view_product,2026-02-18 16:01:23,1
871,SES00215,PROD004,view_product,2026-02-18 16:02:30,1
872,SES00215,PROD072,view_product,2026-02-18 16:03:18,1
873,SES00215,PROD004,add_to_cart,2026-02-18 16:03:55,1
874,SES00216,PROD074,view_product,2026-03-26 17:34:29,1
875,SES00216,PROD020,view_product,2026-03-26 17:35:58,1
876,SES00217,PROD018,view_product,2026-03-25 12:15:44,1
877,SES00217,PROD040,view_product,2026-03-25 12:16:28,1
878,SES00218,PROD041,view_product,2026-03-16 18:23:19,1
879,SES00218,PROD009,view_product,2026-03-16 18:25:45,1
880,SES00219,PROD053,view_product,2026-03-27 09:45:12,1
881,SES00219,PROD039,view_product,2026-03-27 09:46:32,1
882,SES00219,PROD057,view_product,2026-03-27 09:47:20,1
883,SES00220,PROD073,view_product,2026-03-16 00:38:09,1
884,SES00220,PROD079,view_product,2026-03-16 00:39:50,1
885,SES00220,PROD030,view_product,2026-03-16 00:40:20,1
886,SES00220,PROD077,view_product,2026-03-16 00:42:32,1
887,SES00220,PROD088,view_product,2026-03-16 00:43:16,1
888,SES00221,PROD018,view_product,2026-02-06 07:23:36,1
889,SES00221,PROD021,view_product,2026-02-06 07:25:30,1
890,SES00221,PROD025,view_product,2026-02-06 07:25:43,1
891,SES00221,PROD029,view_product,2026-02-06 07:27:02,1
892,SES00222,PROD079,view_product,2026-03-15 13:46:57,1
893,SES00222,PROD063,view_product,2026-03-15 13:48:10,1
894,SES00222,PROD089,view_product,2026-03-15 13:50:09,1
895,SES00222,PROD042,view_product,2026-03-15 13:52:02,1
896,SES00223,PROD077,view_product,2026-03-28 11:33:09,1
897,SES00223,PROD069,view_product,2026-03-28 11:35:32,1
898,SES00223,PROD068,view_product,2026-03-28 11:36:09,1
899,SES00223,PROD083,view_product,2026-03-28 11:38:14,1
900,SES00223,PROD091,view_product,2026-03-28 11:40:20,1
901,SES00224,PROD050,view_product,2026-02-22 05:20:31,1
902,SES00224,PROD067,view_product,2026-02-22 05:21:55,1
903,SES00224,PROD098,view_product,2026-02-22 05:23:57,1
904,SES00224,PROD081,view_product,2026-02-22 05:25:48,1
905,SES00224,PROD007,view_product,2026-02-22 05:27:15,1
906,SES00225,PROD019,view_product,2026-01-29 14:05:09,1
907,SES00225,PROD060,view_product,2026-01-29 14:05:47,1
908,SES00225,PROD083,view_product,2026-01-29 14:06:43,1
909,SES00225,PROD058,view_product,2026-01-29 14:09:22,1
910,SES00225,PROD012,view_product,2026-01-29 14:11:51,1
911,SES00225,PROD058,add_to_cart,2026-01-29 14:12:12,1
912,SES00225,PROD058,begin_checkout,2026-01-29 14:14:25,1
913,SES00226,PROD012,view_product,2026-03-04 23:18:12,1
914,SES00227,PROD021,view_product,2026-03-08 07:00:11,1
915,SES00227,PROD049,view_product,2026-03-08 07:01:46,1
916,SES00227,PROD071,view_product,2026-03-08 07:04:20,1
917,SES00227,PROD006,view_product,2026-03-08 07:07:18,1
918,SES00227,PROD099,view_product,2026-03-08 07:08:06,1
919,SES00227,PROD049,add_to_cart,2026-03-08 07:11:23,1
920,SES00227,PROD049,begin_checkout,2026-03-08 07:14:30,1
921,SES00227,PROD049,purchase,2026-03-08 07:23:06,1
922,SES00228,PROD059,view_product,2026-01-20 16:43:00,1
923,SES00229,PROD059,view_product,2026-03-27 16:53:31,1
924,SES00229,PROD053,view_product,2026-03-27 16:56:14,1
925,SES00229,PROD057,view_product,2026-03-27 16:56:25,1
926,SES00229,PROD011,view_product,2026-03-27 16:57:37,1
927,SES00230,PROD005,view_product,2026-02-28 03:52:27,1
928,SES00230,PROD019,view_product,2026-02-28 03:55:11,1
929,SES00230,PROD086,view_product,2026-02-28 03:56:37,1
930,SES00230,PROD005,add_to_cart,2026-02-28 03:58:38,1
931,SES00231,PROD023,view_product,2026-03-06 04:04:16,1
932,SES00231,PROD059,view_product,2026-03-06 04:04:49,1
933,SES00231,PROD096,view_product,2026-03-06 04:06:15,1
934,SES00231,PROD075,view_product,2026-03-06 04:07:47,1
935,SES00231,PROD047,view_product,2026-03-06 04:09:31,1
936,SES00232,PROD061,view_product,2026-03-15 15:19:12,1
937,SES00232,PROD018,view_product,2026-03-15 15:20:46,1
938,SES00232,PROD016,view_product,2026-03-15 15:23:10,1
939,SES00233,PROD012,view_product,2026-03-22 16:58:13,1
940,SES00233,PROD062,view_product,2026-03-22 17:00:12,1
941,SES00233,PROD093,view_product,2026-03-22 17:02:57,1
942,SES00233,PROD089,view_product,2026-03-22 17:04:28,1
943,SES00233,PROD078,view_product,2026-03-22 17:05:44,1
944,SES00234,PROD067,view_product,2026-02-04 08:34:32,1
945,SES00234,PROD094,view_product,2026-02-04 08:35:28,1
946,SES00234,PROD081,view_product,2026-02-04 08:38:14,1
947,SES00234,PROD064,view_product,2026-02-04 08:39:23,1
948,SES00235,PROD095,view_product,2026-01-01 03:42:04,1
949,SES00236,PROD002,view_product,2026-02-10 04:48:09,1
950,SES00236,PROD082,view_product,2026-02-10 04:49:31,1
951,SES00236,PROD002,add_to_cart,2026-02-10 04:51:55,1
952,SES00236,PROD002,begin_checkout,2026-02-10 04:52:28,1
953,SES00237,PROD025,view_product,2026-02-25 05:42:35,1
954,SES00237,PROD043,view_product,2026-02-25 05:44:47,1
955,SES00238,PROD043,view_product,2026-02-16 18:00:20,1
956,SES00238,PROD060,view_product,2026-02-16 18:01:46,1
957,SES00238,PROD053,view_product,2026-02-16 18:04:20,1
958,SES00238,PROD096,view_product,2026-02-16 18:05:50,1
959,SES00238,PROD008,view_product,2026-02-16 18:08:22,1
960,SES00239,PROD044,view_product,2026-03-19 03:59:53,1
961,SES00240,PROD097,view_product,2026-02-25 10:30:29,1
962,SES00241,PROD058,view_product,2026-02-10 04:25:33,1
963,SES00241,PROD039,view_product,2026-02-10 04:27:00,1
964,SES00241,PROD028,view_product,2026-02-10 04:27:54,1
965,SES00241,PROD058,add_to_cart,2026-02-10 04:28:32,1
966,SES00241,PROD058,begin_checkout,2026-02-10 04:29:14,1
967,SES00242,PROD040,view_product,2026-01-15 23:02:13,1
968,SES00242,PROD100,view_product,2026-01-15 23:04:35,1
969,SES00242,PROD042,view_product,2026-01-15 23:05:18,1
970,SES00242,PROD019,view_product,2026-01-15 23:06:20,1
971,SES00242,PROD099,view_product,2026-01-15 23:06:39,1
972,SES00243,PROD012,view_product,2026-01-01 09:36:59,1
973,SES00243,PROD043,view_product,2026-01-01 09:39:57,1
974,SES00243,PROD060,view_product,2026-01-01 09:41:26,1
975,SES00243,PROD006,view_product,2026-01-01 09:41:41,1
976,SES00243,PROD014,view_product,2026-01-01 09:44:18,1
977,SES00244,PROD099,view_product,2026-03-24 10:25:37,1
978,SES00244,PROD057,view_product,2026-03-24 10:26:56,1
979,SES00244,PROD086,view_product,2026-03-24 10:27:44,1
980,SES00244,PROD099,add_to_cart,2026-03-24 10:30:38,1
981,SES00244,PROD099,begin_checkout,2026-03-24 10:32:00,1
982,SES00244,PROD099,purchase,2026-03-24 10:38:58,1
983,SES00245,PROD040,view_product,2026-03-20 01:30:30,1
984,SES00246,PROD050,view_product,2026-02-17 09:47:07,1
985,SES00246,PROD050,add_to_cart,2026-02-17 09:49:54,1
986,SES00247,PROD092,view_product,2026-02-13 06:54:51,1
987,SES00247,PROD098,view_product,2026-02-13 06:55:21,1
988,SES00248,PROD013,view_product,2026-01-13 19:09:12,1
989,SES00248,PROD059,view_product,2026-01-13 19:11:21,1
990,SES00248,PROD040,view_product,2026-01-13 19:13:31,1
991,SES00248,PROD088,view_product,2026-01-13 19:14:40,1
992,SES00249,PROD042,view_product,2026-01-31 01:18:40,1
993,SES00249,PROD059,view_product,2026-01-31 01:19:06,1
994,SES00249,PROD063,view_product,2026-01-31 01:21:17,1
995,SES00249,PROD059,add_to_cart,2026-01-31 01:22:15,1
996,SES00249,PROD059,begin_checkout,2026-01-31 01:25:43,1
997,SES00249,PROD059,purchase,2026-01-31 01:28:53,1
998,SES00250,PROD069,view_product,2026-01-11 09:19:45,1
999,SES00250,PROD060,view_product,2026-01-11 09:21:40,1
1000,SES00250,PROD052,view_product,2026-01-11 09:22:51,1
1001,SES00251,PROD056,view_product,2026-02-07 06:22:35,1
1002,SES00251,PROD073,view_product,2026-02-07 06:23:29,1
1003,SES00251,PROD044,view_product,2026-02-07 06:26:28,1
1004,SES00251,PROD070,view_product,2026-02-07 06:26:57,1
1005,SES00251,PROD089,view_product,2026-02-07 06:29:33,1
1006,SES00252,PROD040,view_product,2026-02-01 14:11:36,1
1007,SES00252,PROD052,view_product,2026-02-01 14:14:19,1
1008,SES00252,PROD052,add_to_cart,2026-02-01 14:17:19,1
1009,SES00253,PROD097,view_product,2026-03-28 03:28:56,1
1010,SES00254,PROD039,view_product,2026-03-01 18:24:40,1
1011,SES00254,PROD073,view_product,2026-03-01 18:26:41,1
1012,SES00254,PROD087,view_product,2026-03-01 18:28:19,1
1013,SES00255,PROD048,view_product,2026-02-09 05:53:23,1
1014,SES00256,PROD031,view_product,2026-02-04 21:08:02,1
1015,SES00257,PROD085,view_product,2026-02-07 04:00:03,1
1016,SES00257,PROD023,view_product,2026-02-07 04:00:48,1
1017,SES00257,PROD023,add_to_cart,2026-02-07 04:02:35,2
1018,SES00258,PROD019,view_product,2026-01-26 04:35:16,1
1019,SES00259,PROD059,view_product,2026-01-14 04:25:38,1
1020,SES00259,PROD090,view_product,2026-01-14 04:26:34,1
1021,SES00259,PROD078,view_product,2026-01-14 04:28:40,1
1022,SES00259,PROD055,view_product,2026-01-14 04:31:00,1
1023,SES00260,PROD001,view_product,2026-02-07 08:29:18,1
1024,SES00260,PROD074,view_product,2026-02-07 08:30:36,1
1025,SES00260,PROD064,view_product,2026-02-07 08:32:31,1
1026,SES00260,PROD094,view_product,2026-02-07 08:35:00,1
1027,SES00260,PROD031,view_product,2026-02-07 08:37:37,1
1028,SES00260,PROD001,add_to_cart,2026-02-07 08:40:52,1
1029,SES00260,PROD001,begin_checkout,2026-02-07 08:45:28,1
1030,SES00261,PROD060,view_product,2026-02-21 02:39:33,1
1031,SES00261,PROD067,view_product,2026-02-21 02:42:19,1
1032,SES00261,PROD011,view_product,2026-02-21 02:42:51,1
1033,SES00261,PROD011,add_to_cart,2026-02-21 02:45:57,1
1034,SES00261,PROD011,begin_checkout,2026-02-21 02:49:06,1
1035,SES00261,PROD011,purchase,2026-02-21 02:55:57,1
1036,SES00262,PROD046,view_product,2026-03-29 23:18:22,1
1037,SES00262,PROD038,view_product,2026-03-29 23:19:49,1
1038,SES00262,PROD022,view_product,2026-03-29 23:22:23,1
1039,SES00262,PROD005,view_product,2026-03-29 23:23:39,1
1040,SES00262,PROD005,add_to_cart,2026-03-29 23:26:20,1
1041,SES00262,PROD005,begin_checkout,2026-03-29 23:29:19,1
1042,SES00263,PROD033,view_product,2026-01-09 00:17:06,1
1043,SES00263,PROD017,view_product,2026-01-09 00:18:26,1
1044,SES00263,PROD079,view_product,2026-01-09 00:19:41,1
1045,SES00263,PROD033,add_to_cart,2026-01-09 00:22:27,1
1046,SES00264,PROD024,view_product,2026-01-18 00:43:07,1
1047,SES00264,PROD068,view_product,2026-01-18 00:43:54,1
1048,SES00264,PROD005,view_product,2026-01-18 00:46:36,1
1049,SES00264,PROD044,view_product,2026-01-18 00:47:25,1
1050,SES00265,PROD027,view_product,2026-02-07 04:52:15,1
1051,SES00265,PROD074,view_product,2026-02-07 04:52:38,1
1052,SES00266,PROD096,view_product,2026-03-19 01:39:50,1
1053,SES00266,PROD097,view_product,2026-03-19 01:41:39,1
1054,SES00266,PROD069,view_product,2026-03-19 01:43:50,1
1055,SES00266,PROD030,view_product,2026-03-19 01:45:07,1
1056,SES00266,PROD030,add_to_cart,2026-03-19 01:48:46,1
1057,SES00266,PROD030,begin_checkout,2026-03-19 01:51:57,1
1058,SES00267,PROD079,view_product,2026-03-31 02:26:46,1
1059,SES00267,PROD084,view_product,2026-03-31 02:28:04,1
1060,SES00267,PROD035,view_product,2026-03-31 02:28:39,1
1061,SES00267,PROD043,view_product,2026-03-31 02:29:54,1
1062,SES00268,PROD067,view_product,2026-03-14 17:31:26,1
1063,SES00268,PROD044,view_product,2026-03-14 17:32:56,1
1064,SES00269,PROD045,view_product,2026-01-02 03:53:33,1
1065,SES00269,PROD029,view_product,2026-01-02 03:54:32,1
1066,SES00269,PROD093,view_product,2026-01-02 03:54:50,1
1067,SES00269,PROD037,view_product,2026-01-02 03:55:06,1
1068,SES00270,PROD091,view_product,2026-03-28 19:06:18,1
1069,SES00270,PROD091,add_to_cart,2026-03-28 19:09:48,1
1070,SES00271,PROD060,view_product,2026-03-28 23:52:59,1
1071,SES00271,PROD085,view_product,2026-03-28 23:55:05,1
1072,SES00271,PROD010,view_product,2026-03-28 23:56:25,1
1073,SES00272,PROD036,view_product,2026-03-16 18:30:56,1
1074,SES00272,PROD036,add_to_cart,2026-03-16 18:32:17,3
1075,SES00273,PROD023,view_product,2026-02-17 17:48:27,1
1076,SES00273,PROD083,view_product,2026-02-17 17:50:55,1
1077,SES00273,PROD063,view_product,2026-02-17 17:52:55,1
1078,SES00273,PROD014,view_product,2026-02-17 17:54:00,1
1079,SES00274,PROD094,view_product,2026-01-26 03:32:35,1
1080,SES00274,PROD033,view_product,2026-01-26 03:33:23,1
1081,SES00274,PROD100,view_product,2026-01-26 03:36:20,1
1082,SES00274,PROD058,view_product,2026-01-26 03:39:13,1
1083,SES00274,PROD003,view_product,2026-01-26 03:39:23,1
1084,SES00275,PROD066,view_product,2026-03-09 23:17:03,1
1085,SES00276,PROD050,view_product,2026-03-20 20:46:35,1
1086,SES00276,PROD050,add_to_cart,2026-03-20 20:48:07,1
1087,SES00276,PROD050,begin_checkout,2026-03-20 20:49:23,1
1088,SES00276,PROD050,purchase,2026-03-20 20:56:11,1
1089,SES00277,PROD085,view_product,2026-03-04 21:29:46,1
1090,SES00277,PROD025,view_product,2026-03-04 21:30:23,1
1091,SES00277,PROD039,view_product,2026-03-04 21:33:14,1
1092,SES00277,PROD090,view_product,2026-03-04 21:34:55,1
1093,SES00278,PROD004,view_product,2026-02-12 12:37:14,1
1094,SES00278,PROD093,view_product,2026-02-12 12:38:25,1
1095,SES00279,PROD003,view_product,2026-01-30 21:05:29,1
1096,SES00279,PROD005,view_product,2026-01-30 21:05:49,1
1097,SES00279,PROD044,view_product,2026-01-30 21:07:42,1
1098,SES00279,PROD008,view_product,2026-01-30 21:08:22,1
1099,SES00279,PROD008,add_to_cart,2026-01-30 21:12:19,2
1100,SES00280,PROD061,view_product,2026-02-15 23:53:48,1
1101,SES00280,PROD061,add_to_cart,2026-02-15 23:56:44,1
1102,SES00280,PROD061,begin_checkout,2026-02-15 23:59:51,1
1103,SES00281,PROD064,view_product,2026-03-22 16:39:33,1
1104,SES00282,PROD042,view_product,2026-02-11 09:11:09,1
1105,SES00282,PROD016,view_product,2026-02-11 09:11:54,1
1106,SES00282,PROD088,view_product,2026-02-11 09:13:26,1
1107,SES00282,PROD074,view_product,2026-02-11 09:14:30,1
1108,SES00283,PROD090,view_product,2026-01-12 17:23:57,1
1109,SES00283,PROD048,view_product,2026-01-12 17:24:49,1
1110,SES00284,PROD049,view_product,2026-01-04 22:50:37,1
1111,SES00284,PROD100,view_product,2026-01-04 22:50:48,1
1112,SES00284,PROD021,view_product,2026-01-04 22:50:59,1
1113,SES00284,PROD003,view_product,2026-01-04 22:51:54,1
1114,SES00284,PROD063,view_product,2026-01-04 22:52:26,1
1115,SES00285,PROD027,view_product,2026-03-09 08:01:42,1
1116,SES00285,PROD019,view_product,2026-03-09 08:03:01,1
1117,SES00286,PROD079,view_product,2026-03-01 06:41:02,1
1118,SES00286,PROD012,view_product,2026-03-01 06:42:59,1
1119,SES00286,PROD081,view_product,2026-03-01 06:43:10,1
1120,SES00286,PROD039,view_product,2026-03-01 06:45:42,1
1121,SES00286,PROD079,add_to_cart,2026-03-01 06:46:21,3
1122,SES00287,PROD036,view_product,2026-02-22 09:39:42,1
1123,SES00287,PROD007,view_product,2026-02-22 09:40:20,1
1124,SES00288,PROD007,view_product,2026-02-16 01:30:38,1
1125,SES00288,PROD007,add_to_cart,2026-02-16 01:32:18,1
1126,SES00289,PROD023,view_product,2026-02-13 23:55:16,1
1127,SES00289,PROD021,view_product,2026-02-13 23:55:44,1
1128,SES00289,PROD004,view_product,2026-02-13 23:56:54,1
1129,SES00289,PROD063,view_product,2026-02-13 23:58:57,1
1130,SES00289,PROD066,view_product,2026-02-14 00:01:38,1
1131,SES00290,PROD030,view_product,2026-03-29 05:23:31,1
1132,SES00290,PROD013,view_product,2026-03-29 05:24:32,1
1133,SES00290,PROD031,view_product,2026-03-29 05:26:18,1
1134,SES00291,PROD059,view_product,2026-01-06 06:39:18,1
1135,SES00291,PROD023,view_product,2026-01-06 06:40:17,1
1136,SES00291,PROD050,view_product,2026-01-06 06:43:08,1
1137,SES00291,PROD048,view_product,2026-01-06 06:44:49,1
1138,SES00291,PROD018,view_product,2026-01-06 06:46:08,1
1139,SES00291,PROD023,add_to_cart,2026-01-06 06:48:48,1
1140,SES00291,PROD023,begin_checkout,2026-01-06 06:50:27,1
1141,SES00291,PROD023,purchase,2026-01-06 06:59:23,1
1142,SES00292,PROD022,view_product,2026-03-28 01:30:52,1
1143,SES00292,PROD074,view_product,2026-03-28 01:33:15,1
1144,SES00292,PROD071,view_product,2026-03-28 01:35:30,1
1145,SES00292,PROD030,view_product,2026-03-28 01:36:35,1
1146,SES00292,PROD012,view_product,2026-03-28 01:39:16,1
1147,SES00293,PROD056,view_product,2026-02-11 13:36:51,1
1148,SES00293,PROD075,view_product,2026-02-11 13:37:39,1
1149,SES00293,PROD029,view_product,2026-02-11 13:40:15,1
1150,SES00294,PROD068,view_product,2026-02-15 16:42:35,1
1151,SES00294,PROD051,view_product,2026-02-15 16:44:40,1
1152,SES00294,PROD062,view_product,2026-02-15 16:46:56,1
1153,SES00294,PROD090,view_product,2026-02-15 16:48:07,1
1154,SES00294,PROD068,add_to_cart,2026-02-15 16:50:06,1
1155,SES00295,PROD021,view_product,2026-03-04 21:09:15,1
1156,SES00295,PROD091,view_product,2026-03-04 21:11:54,1
1157,SES00295,PROD059,view_product,2026-03-04 21:12:10,1
1158,SES00296,PROD081,view_product,2026-03-22 03:15:33,1
1159,SES00296,PROD060,view_product,2026-03-22 03:15:43,1
1160,SES00296,PROD091,view_product,2026-03-22 03:18:33,1
1161,SES00296,PROD091,add_to_cart,2026-03-22 03:18:56,1
1162,SES00296,PROD091,begin_checkout,2026-03-22 03:21:44,1
1163,SES00297,PROD095,view_product,2026-01-21 02:42:53,1
1164,SES00297,PROD008,view_product,2026-01-21 02:43:16,1
1165,SES00297,PROD066,view_product,2026-01-21 02:43:54,1
1166,SES00297,PROD008,add_to_cart,2026-01-21 02:45:42,1
1167,SES00297,PROD008,begin_checkout,2026-01-21 02:46:46,1
1168,SES00297,PROD008,purchase,2026-01-21 02:51:15,1
1169,SES00298,PROD090,view_product,2026-03-06 00:23:15,1
1170,SES00298,PROD027,view_product,2026-03-06 00:24:47,1
1171,SES00298,PROD097,view_product,2026-03-06 00:26:27,1
1172,SES00298,PROD096,view_product,2026-03-06 00:27:45,1
1173,SES00298,PROD098,view_product,2026-03-06 00:30:03,1
1174,SES00299,PROD061,view_product,2026-03-18 09:08:58,1
1175,SES00300,PROD025,view_product,2026-03-02 06:57:23,1
1176,SES00300,PROD025,add_to_cart,2026-03-02 06:58:51,2
1177,SES00301,PROD067,view_product,2026-01-11 21:02:25,1
1178,SES00301,PROD081,view_product,2026-01-11 21:03:50,1
1179,SES00302,PROD038,view_product,2026-02-16 00:17:40,1
1180,SES00302,PROD038,add_to_cart,2026-02-16 00:20:08,2
1181,SES00303,PROD071,view_product,2026-03-04 17:25:13,1
1182,SES00303,PROD057,view_product,2026-03-04 17:26:41,1
1183,SES00303,PROD059,view_product,2026-03-04 17:27:34,1
1184,SES00303,PROD039,view_product,2026-03-04 17:28:50,1
1185,SES00303,PROD073,view_product,2026-03-04 17:29:58,1
1186,SES00304,PROD059,view_product,2026-03-16 17:39:39,1
1187,SES00304,PROD022,view_product,2026-03-16 17:42:06,1
1188,SES00304,PROD080,view_product,2026-03-16 17:43:29,1
1189,SES00304,PROD059,add_to_cart,2026-03-16 17:46:41,2
1190,SES00305,PROD057,view_product,2026-01-12 08:27:57,1
1191,SES00305,PROD034,view_product,2026-01-12 08:28:54,1
1192,SES00305,PROD057,add_to_cart,2026-01-12 08:30:37,1
1193,SES00305,PROD057,begin_checkout,2026-01-12 08:34:56,1
1194,SES00305,PROD057,purchase,2026-01-12 08:38:42,1
1195,SES00306,PROD020,view_product,2026-02-18 11:46:01,1
1196,SES00306,PROD001,view_product,2026-02-18 11:48:20,1
1197,SES00306,PROD095,view_product,2026-02-18 11:49:54,1
1198,SES00307,PROD073,view_product,2026-03-20 05:21:29,1
1199,SES00307,PROD094,view_product,2026-03-20 05:23:05,1
1200,SES00308,PROD052,view_product,2026-01-14 12:55:35,1
1201,SES00309,PROD029,view_product,2026-01-06 08:14:46,1
1202,SES00309,PROD099,view_product,2026-01-06 08:17:13,1
1203,SES00309,PROD036,view_product,2026-01-06 08:19:17,1
1204,SES00309,PROD026,view_product,2026-01-06 08:19:49,1
1205,SES00309,PROD003,view_product,2026-01-06 08:22:10,1
1206,SES00309,PROD026,add_to_cart,2026-01-06 08:24:59,1
1207,SES00309,PROD026,begin_checkout,2026-01-06 08:25:57,1
1208,SES00310,PROD037,view_product,2026-03-24 21:32:05,1
1209,SES00310,PROD037,add_to_cart,2026-03-24 21:32:42,2
1210,SES00310,PROD037,begin_checkout,2026-03-24 21:36:59,2
1211,SES00311,PROD094,view_product,2026-01-16 21:42:15,1
1212,SES00311,PROD054,view_product,2026-01-16 21:42:47,1
1213,SES00311,PROD018,view_product,2026-01-16 21:43:33,1
1214,SES00311,PROD076,view_product,2026-01-16 21:44:36,1
1215,SES00311,PROD018,add_to_cart,2026-01-16 21:47:22,1
1216,SES00312,PROD091,view_product,2026-03-30 18:44:52,1
1217,SES00312,PROD073,view_product,2026-03-30 18:45:49,1
1218,SES00312,PROD097,view_product,2026-03-30 18:47:36,1
1219,SES00312,PROD018,view_product,2026-03-30 18:49:00,1
1220,SES00313,PROD029,view_product,2026-03-28 00:44:45,1
1221,SES00313,PROD004,view_product,2026-03-28 00:46:11,1
1222,SES00313,PROD001,view_product,2026-03-28 00:49:04,1
1223,SES00313,PROD020,view_product,2026-03-28 00:51:56,1
1224,SES00314,PROD004,view_product,2026-03-16 12:04:04,1
1225,SES00314,PROD016,view_product,2026-03-16 12:06:20,1
1226,SES00315,PROD081,view_product,2026-03-31 12:38:05,1
1227,SES00315,PROD088,view_product,2026-03-31 12:39:50,1
1228,SES00315,PROD061,view_product,2026-03-31 12:42:11,1
1229,SES00316,PROD046,view_product,2026-02-26 11:21:34,1
1230,SES00316,PROD021,view_product,2026-02-26 11:22:53,1
1231,SES00316,PROD021,add_to_cart,2026-02-26 11:24:22,1
1232,SES00316,PROD021,begin_checkout,2026-02-26 11:25:31,1
1233,SES00316,PROD021,purchase,2026-02-26 11:29:38,1
1234,SES00317,PROD013,view_product,2026-03-21 12:07:00,1
1235,SES00317,PROD069,view_product,2026-03-21 12:07:46,1
1236,SES00317,PROD075,view_product,2026-03-21 12:07:59,1
1237,SES00317,PROD069,add_to_cart,2026-03-21 12:10:18,1
1238,SES00317,PROD069,begin_checkout,2026-03-21 12:12:11,1
1239,SES00317,PROD069,purchase,2026-03-21 12:15:49,1
1240,SES00318,PROD069,view_product,2026-03-19 04:44:37,1
1241,SES00318,PROD092,view_product,2026-03-19 04:46:33,1
1242,SES00318,PROD071,view_product,2026-03-19 04:48:40,1
1243,SES00318,PROD090,view_product,2026-03-19 04:49:09,1
1244,SES00318,PROD097,view_product,2026-03-19 04:49:48,1
1245,SES00319,PROD057,view_product,2026-02-16 13:23:53,1
1246,SES00319,PROD077,view_product,2026-02-16 13:25:30,1
1247,SES00319,PROD077,add_to_cart,2026-02-16 13:29:13,1
1248,SES00319,PROD077,begin_checkout,2026-02-16 13:30:48,1
1249,SES00320,PROD089,view_product,2026-01-31 04:04:37,1
1250,SES00320,PROD098,view_product,2026-01-31 04:06:50,1
1251,SES00320,PROD015,view_product,2026-01-31 04:08:50,1
1252,SES00320,PROD010,view_product,2026-01-31 04:09:10,1
1253,SES00320,PROD089,add_to_cart,2026-01-31 04:11:36,1
1254,SES00320,PROD089,begin_checkout,2026-01-31 04:16:06,1
1255,SES00320,PROD089,purchase,2026-01-31 04:21:25,1
1256,SES00321,PROD076,view_product,2026-01-10 08:53:07,1
1257,SES00321,PROD026,view_product,2026-01-10 08:54:46,1
1258,SES00321,PROD076,add_to_cart,2026-01-10 08:56:12,2
1259,SES00322,PROD073,view_product,2026-03-20 07:17:05,1
1260,SES00322,PROD009,view_product,2026-03-20 07:19:30,1
1261,SES00322,PROD013,view_product,2026-03-20 07:20:35,1
1262,SES00322,PROD075,view_product,2026-03-20 07:21:34,1
1263,SES00322,PROD098,view_product,2026-03-20 07:22:56,1
1264,SES00322,PROD098,add_to_cart,2026-03-20 07:26:16,1
1265,SES00322,PROD098,begin_checkout,2026-03-20 07:28:35,1
1266,SES00323,PROD087,view_product,2026-02-16 02:11:49,1
1267,SES00323,PROD014,view_product,2026-02-16 02:13:47,1
1268,SES00323,PROD024,view_product,2026-02-16 02:14:51,1
1269,SES00323,PROD046,view_product,2026-02-16 02:17:12,1
1270,SES00323,PROD087,add_to_cart,2026-02-16 02:18:47,1
1271,SES00323,PROD087,begin_checkout,2026-02-16 02:20:13,1
1272,SES00324,PROD064,view_product,2026-03-03 23:44:36,1
1273,SES00324,PROD015,view_product,2026-03-03 23:46:42,1
1274,SES00324,PROD050,view_product,2026-03-03 23:49:25,1
1275,SES00325,PROD025,view_product,2026-01-22 22:21:07,1
1276,SES00325,PROD009,view_product,2026-01-22 22:22:02,1
1277,SES00325,PROD061,view_product,2026-01-22 22:22:15,1
1278,SES00325,PROD087,view_product,2026-01-22 22:24:30,1
1279,SES00326,PROD089,view_product,2026-03-07 16:25:02,1
1280,SES00326,PROD076,view_product,2026-03-07 16:25:28,1
1281,SES00326,PROD014,view_product,2026-03-07 16:27:11,1
1282,SES00326,PROD095,view_product,2026-03-07 16:28:11,1
1283,SES00326,PROD095,add_to_cart,2026-03-07 16:32:00,1
1284,SES00326,PROD095,begin_checkout,2026-03-07 16:36:45,1
1285,SES00326,PROD095,purchase,2026-03-07 16:42:24,1
1286,SES00327,PROD099,view_product,2026-02-09 06:25:55,1
1287,SES00327,PROD059,view_product,2026-02-09 06:26:36,1
1288,SES00327,PROD059,add_to_cart,2026-02-09 06:27:25,1
1289,SES00327,PROD059,begin_checkout,2026-02-09 06:28:22,1
1290,SES00328,PROD080,view_product,2026-02-07 03:36:27,1
1291,SES00328,PROD013,view_product,2026-02-07 03:39:26,1
1292,SES00328,PROD098,view_product,2026-02-07 03:41:49,1
1293,SES00329,PROD044,view_product,2026-03-06 06:49:20,1
1294,SES00329,PROD070,view_product,2026-03-06 06:50:00,1
1295,SES00329,PROD003,view_product,2026-03-06 06:51:48,1
1296,SES00329,PROD098,view_product,2026-03-06 06:53:53,1
1297,SES00329,PROD005,view_product,2026-03-06 06:55:23,1
1298,SES00330,PROD091,view_product,2026-01-18 04:10:06,1
1299,SES00330,PROD022,view_product,2026-01-18 04:10:50,1
1300,SES00330,PROD063,view_product,2026-01-18 04:12:19,1
1301,SES00331,PROD074,view_product,2026-03-07 12:55:40,1
1302,SES00331,PROD061,view_product,2026-03-07 12:57:30,1
1303,SES00331,PROD072,view_product,2026-03-07 12:58:47,1
1304,SES00331,PROD021,view_product,2026-03-07 13:01:03,1
1305,SES00331,PROD065,view_product,2026-03-07 13:03:44,1
1306,SES00332,PROD017,view_product,2026-01-28 14:48:58,1
1307,SES00332,PROD017,add_to_cart,2026-01-28 14:51:53,1
1308,SES00332,PROD017,begin_checkout,2026-01-28 14:53:12,1
1309,SES00332,PROD017,purchase,2026-01-28 15:00:17,1
1310,SES00333,PROD040,view_product,2026-02-28 18:43:11,1
1311,SES00333,PROD040,add_to_cart,2026-02-28 18:43:35,1
1312,SES00333,PROD040,begin_checkout,2026-02-28 18:47:41,1
1313,SES00333,PROD040,purchase,2026-02-28 18:55:52,1
1314,SES00334,PROD013,view_product,2026-01-31 17:33:30,1
1315,SES00334,PROD063,view_product,2026-01-31 17:35:47,1
1316,SES00334,PROD089,view_product,2026-01-31 17:38:05,1
1317,SES00334,PROD087,view_product,2026-01-31 17:41:05,1
1318,SES00334,PROD027,view_product,2026-01-31 17:42:41,1
1319,SES00334,PROD089,add_to_cart,2026-01-31 17:44:47,1
1320,SES00334,PROD089,begin_checkout,2026-01-31 17:45:55,1
1321,SES00335,PROD080,view_product,2026-01-05 14:45:54,1
1322,SES00335,PROD096,view_product,2026-01-05 14:48:32,1
1323,SES00335,PROD096,add_to_cart,2026-01-05 14:51:12,1
1324,SES00336,PROD039,view_product,2026-03-31 15:46:02,1
1325,SES00336,PROD056,view_product,2026-03-31 15:47:58,1
1326,SES00336,PROD085,view_product,2026-03-31 15:49:50,1
1327,SES00336,PROD070,view_product,2026-03-31 15:51:04,1
1328,SES00336,PROD041,view_product,2026-03-31 15:53:53,1
1329,SES00337,PROD074,view_product,2026-03-23 05:26:10,1
1330,SES00337,PROD064,view_product,2026-03-23 05:29:09,1
1331,SES00338,PROD073,view_product,2026-03-30 11:39:31,1
1332,SES00338,PROD094,view_product,2026-03-30 11:40:32,1
1333,SES00338,PROD081,view_product,2026-03-30 11:42:15,1
1334,SES00338,PROD008,view_product,2026-03-30 11:44:23,1
1335,SES00338,PROD094,add_to_cart,2026-03-30 11:47:53,1
1336,SES00338,PROD094,begin_checkout,2026-03-30 11:52:05,1
1337,SES00338,PROD094,purchase,2026-03-30 11:54:10,1
1338,SES00339,PROD088,view_product,2026-01-26 22:02:04,1
1339,SES00339,PROD077,view_product,2026-01-26 22:03:15,1
1340,SES00339,PROD031,view_product,2026-01-26 22:03:54,1
1341,SES00339,PROD088,add_to_cart,2026-01-26 22:07:40,1
1342,SES00339,PROD088,begin_checkout,2026-01-26 22:12:18,1
1343,SES00340,PROD034,view_product,2026-01-04 14:14:50,1
1344,SES00341,PROD041,view_product,2026-03-12 03:31:55,1
1345,SES00341,PROD041,add_to_cart,2026-03-12 03:33:54,2
1346,SES00342,PROD031,view_product,2026-02-08 12:52:32,1
1347,SES00342,PROD015,view_product,2026-02-08 12:54:50,1
1348,SES00343,PROD031,view_product,2026-03-17 06:11:46,1
1349,SES00343,PROD031,add_to_cart,2026-03-17 06:14:30,1
1350,SES00344,PROD014,view_product,2026-03-14 05:34:04,1
1351,SES00344,PROD023,view_product,2026-03-14 05:35:24,1
1352,SES00345,PROD041,view_product,2026-02-17 14:39:34,1
1353,SES00346,PROD003,view_product,2026-03-11 00:50:21,1
1354,SES00346,PROD083,view_product,2026-03-11 00:53:20,1
1355,SES00346,PROD078,view_product,2026-03-11 00:53:43,1
1356,SES00347,PROD088,view_product,2026-02-23 15:58:07,1
1357,SES00347,PROD016,view_product,2026-02-23 16:00:10,1
1358,SES00347,PROD069,view_product,2026-02-23 16:01:59,1
1359,SES00347,PROD016,add_to_cart,2026-02-23 16:03:19,2
1360,SES00347,PROD016,begin_checkout,2026-02-23 16:05:49,2
1361,SES00347,PROD016,purchase,2026-02-23 16:09:33,2
1362,SES00348,PROD100,view_product,2026-03-04 13:40:01,1
1363,SES00349,PROD021,view_product,2026-03-11 15:39:06,1
1364,SES00350,PROD098,view_product,2026-03-26 23:25:52,1
1365,SES00351,PROD041,view_product,2026-03-04 05:52:44,1
1366,SES00351,PROD074,view_product,2026-03-04 05:53:34,1
1367,SES00351,PROD011,view_product,2026-03-04 05:54:47,1
1368,SES00352,PROD088,view_product,2026-03-22 15:30:01,1
1369,SES00352,PROD053,view_product,2026-03-22 15:31:17,1
1370,SES00352,PROD041,view_product,2026-03-22 15:32:11,1
1371,SES00352,PROD058,view_product,2026-03-22 15:34:52,1
1372,SES00352,PROD062,view_product,2026-03-22 15:36:25,1
1373,SES00353,PROD029,view_product,2026-01-18 15:52:47,1
1374,SES00353,PROD003,view_product,2026-01-18 15:53:55,1
1375,SES00353,PROD072,view_product,2026-01-18 15:54:27,1
1376,SES00353,PROD083,view_product,2026-01-18 15:56:35,1
1377,SES00353,PROD079,view_product,2026-01-18 15:57:35,1
1378,SES00353,PROD003,add_to_cart,2026-01-18 16:00:28,1
1379,SES00353,PROD003,begin_checkout,2026-01-18 16:03:11,1
1380,SES00353,PROD003,purchase,2026-01-18 16:10:27,1
1381,SES00354,PROD087,view_product,2026-02-21 01:18:28,1
1382,SES00354,PROD064,view_product,2026-02-21 01:19:26,1
1383,SES00354,PROD016,view_product,2026-02-21 01:20:44,1
1384,SES00354,PROD029,view_product,2026-02-21 01:22:07,1
1385,SES00355,PROD094,view_product,2026-02-03 01:27:33,1
1386,SES00355,PROD087,view_product,2026-02-03 01:28:29,1
1387,SES00355,PROD025,view_product,2026-02-03 01:30:23,1
1388,SES00356,PROD075,view_product,2026-01-23 20:45:23,1
1389,SES00356,PROD088,view_product,2026-01-23 20:45:54,1
1390,SES00356,PROD083,view_product,2026-01-23 20:46:06,1
1391,SES00357,PROD091,view_product,2026-03-09 06:52:57,1
1392,SES00357,PROD055,view_product,2026-03-09 06:53:25,1
1393,SES00357,PROD095,view_product,2026-03-09 06:53:59,1
1394,SES00357,PROD077,view_product,2026-03-09 06:56:31,1
1395,SES00357,PROD095,add_to_cart,2026-03-09 06:58:46,2
1396,SES00358,PROD001,view_product,2026-03-07 03:04:41,1
1397,SES00359,PROD075,view_product,2026-02-06 00:16:39,1
1398,SES00359,PROD075,add_to_cart,2026-02-06 00:20:38,2
1399,SES00359,PROD075,begin_checkout,2026-02-06 00:21:53,2
1400,SES00359,PROD075,purchase,2026-02-06 00:30:16,2
1401,SES00360,PROD056,view_product,2026-02-18 11:17:28,1
1402,SES00360,PROD037,view_product,2026-02-18 11:18:45,1
1403,SES00360,PROD034,view_product,2026-02-18 11:21:07,1
1404,SES00360,PROD056,add_to_cart,2026-02-18 11:23:27,1
1405,SES00361,PROD020,view_product,2026-03-05 19:55:02,1
1406,SES00361,PROD007,view_product,2026-03-05 19:55:58,1
1407,SES00361,PROD007,add_to_cart,2026-03-05 19:58:12,1
1408,SES00361,PROD007,begin_checkout,2026-03-05 20:02:55,1
1409,SES00361,PROD007,purchase,2026-03-05 20:10:00,1
1410,SES00362,PROD022,view_product,2026-02-03 22:40:33,1
1411,SES00362,PROD096,view_product,2026-02-03 22:41:52,1
1412,SES00363,PROD010,view_product,2026-03-04 04:48:58,1
1413,SES00363,PROD032,view_product,2026-03-04 04:50:32,1
1414,SES00363,PROD099,view_product,2026-03-04 04:50:48,1
1415,SES00363,PROD064,view_product,2026-03-04 04:52:10,1
1416,SES00364,PROD020,view_product,2026-03-30 07:37:25,1
1417,SES00364,PROD004,view_product,2026-03-30 07:40:23,1
1418,SES00364,PROD011,view_product,2026-03-30 07:42:35,1
1419,SES00365,PROD084,view_product,2026-02-27 16:38:35,1
1420,SES00366,PROD007,view_product,2026-03-30 01:12:09,1
1421,SES00366,PROD083,view_product,2026-03-30 01:13:41,1
1422,SES00367,PROD099,view_product,2026-03-27 15:05:49,1
1423,SES00367,PROD052,view_product,2026-03-27 15:06:04,1
1424,SES00368,PROD016,view_product,2026-01-28 15:59:10,1
1425,SES00368,PROD039,view_product,2026-01-28 16:01:10,1
1426,SES00369,PROD048,view_product,2026-03-29 17:53:33,1
1427,SES00369,PROD048,add_to_cart,2026-03-29 17:55:49,2
1428,SES00369,PROD048,begin_checkout,2026-03-29 17:59:55,2
1429,SES00370,PROD066,view_product,2026-01-19 02:16:03,1
1430,SES00371,PROD011,view_product,2026-03-11 06:54:54,1
1431,SES00371,PROD038,view_product,2026-03-11 06:55:42,1
1432,SES00371,PROD060,view_product,2026-03-11 06:56:24,1
1433,SES00371,PROD056,view_product,2026-03-11 06:57:50,1
1434,SES00371,PROD062,view_product,2026-03-11 06:59:03,1
1435,SES00372,PROD055,view_product,2026-01-08 10:22:36,1
1436,SES00372,PROD053,view_product,2026-01-08 10:23:50,1
1437,SES00372,PROD013,view_product,2026-01-08 10:25:30,1
1438,SES00372,PROD060,view_product,2026-01-08 10:26:45,1
1439,SES00372,PROD085,view_product,2026-01-08 10:29:24,1
1440,SES00372,PROD085,add_to_cart,2026-01-08 10:32:48,1
1441,SES00373,PROD041,view_product,2026-02-08 03:41:31,1
1442,SES00373,PROD076,view_product,2026-02-08 03:43:36,1
1443,SES00373,PROD093,view_product,2026-02-08 03:46:25,1
1444,SES00374,PROD034,view_product,2026-02-26 04:11:32,1
1445,SES00374,PROD087,view_product,2026-02-26 04:11:43,1
1446,SES00374,PROD014,view_product,2026-02-26 04:13:34,1
1447,SES00374,PROD056,view_product,2026-02-26 04:14:13,1
1448,SES00374,PROD069,view_product,2026-02-26 04:14:26,1
1449,SES00374,PROD056,add_to_cart,2026-02-26 04:16:24,1
1450,SES00375,PROD047,view_product,2026-02-28 10:30:29,1
1451,SES00375,PROD089,view_product,2026-02-28 10:31:11,1
1452,SES00375,PROD087,view_product,2026-02-28 10:31:55,1
1453,SES00375,PROD051,view_product,2026-02-28 10:32:08,1
1454,SES00375,PROD039,view_product,2026-02-28 10:33:06,1
1455,SES00375,PROD047,add_to_cart,2026-02-28 10:34:09,1
1456,SES00376,PROD025,view_product,2026-03-05 02:00:59,1
1457,SES00376,PROD012,view_product,2026-03-05 02:03:10,1
1458,SES00376,PROD039,view_product,2026-03-05 02:05:08,1
1459,SES00376,PROD099,view_product,2026-03-05 02:05:23,1
1460,SES00376,PROD060,view_product,2026-03-05 02:06:02,1
1461,SES00376,PROD012,add_to_cart,2026-03-05 02:08:10,1
1462,SES00377,PROD007,view_product,2026-03-25 09:53:07,1
1463,SES00377,PROD043,view_product,2026-03-25 09:55:07,1
1464,SES00377,PROD002,view_product,2026-03-25 09:57:03,1
1465,SES00377,PROD014,view_product,2026-03-25 09:59:19,1
1466,SES00378,PROD093,view_product,2026-01-04 14:15:47,1
1467,SES00378,PROD079,view_product,2026-01-04 14:18:12,1
1468,SES00378,PROD087,view_product,2026-01-04 14:18:26,1
1469,SES00378,PROD063,view_product,2026-01-04 14:20:24,1
1470,SES00378,PROD030,view_product,2026-01-04 14:23:01,1
1471,SES00378,PROD093,add_to_cart,2026-01-04 14:26:01,1
1472,SES00378,PROD093,begin_checkout,2026-01-04 14:30:33,1
1473,SES00378,PROD093,purchase,2026-01-04 14:37:28,1
1474,SES00379,PROD065,view_product,2026-03-12 12:14:03,1
1475,SES00379,PROD029,view_product,2026-03-12 12:15:39,1
1476,SES00380,PROD093,view_product,2026-03-11 10:34:01,1
1477,SES00380,PROD092,view_product,2026-03-11 10:36:58,1
1478,SES00380,PROD050,view_product,2026-03-11 10:38:40,1
1479,SES00381,PROD086,view_product,2026-03-02 09:02:04,1
1480,SES00381,PROD086,add_to_cart,2026-03-02 09:04:24,1
1481,SES00381,PROD086,begin_checkout,2026-03-02 09:08:26,1
1482,SES00382,PROD046,view_product,2026-02-24 01:31:26,1
1483,SES00382,PROD087,view_product,2026-02-24 01:33:44,1
1484,SES00382,PROD021,view_product,2026-02-24 01:34:02,1
1485,SES00383,PROD044,view_product,2026-01-23 00:13:56,1
1486,SES00383,PROD046,view_product,2026-01-23 00:16:28,1
1487,SES00383,PROD099,view_product,2026-01-23 00:17:46,1
1488,SES00384,PROD057,view_product,2026-03-26 19:53:37,1
1489,SES00385,PROD072,view_product,2026-03-29 15:22:26,1
1490,SES00386,PROD091,view_product,2026-01-20 22:37:23,1
1491,SES00386,PROD057,view_product,2026-01-20 22:39:40,1
1492,SES00386,PROD098,view_product,2026-01-20 22:40:15,1
1493,SES00386,PROD057,add_to_cart,2026-01-20 22:41:05,1
1494,SES00386,PROD057,begin_checkout,2026-01-20 22:43:18,1
1495,SES00386,PROD057,purchase,2026-01-20 22:51:23,1
1496,SES00387,PROD048,view_product,2026-02-03 03:21:56,1
1497,SES00387,PROD092,view_product,2026-02-03 03:23:38,1
1498,SES00387,PROD097,view_product,2026-02-03 03:26:29,1
1499,SES00388,PROD053,view_product,2026-02-10 22:42:44,1
1500,SES00388,PROD059,view_product,2026-02-10 22:43:01,1
1501,SES00388,PROD067,view_product,2026-02-10 22:45:04,1
1502,SES00388,PROD088,view_product,2026-02-10 22:45:51,1
1503,SES00389,PROD056,view_product,2026-03-28 12:22:38,1
1504,SES00389,PROD008,view_product,2026-03-28 12:22:57,1
1505,SES00390,PROD038,view_product,2026-01-06 14:44:54,1
1506,SES00390,PROD054,view_product,2026-01-06 14:46:21,1
1507,SES00390,PROD052,view_product,2026-01-06 14:47:51,1
1508,SES00390,PROD088,view_product,2026-01-06 14:49:29,1
1509,SES00390,PROD090,view_product,2026-01-06 14:49:41,1
1510,SES00391,PROD083,view_product,2026-03-01 06:23:03,1
1511,SES00391,PROD027,view_product,2026-03-01 06:25:59,1
1512,SES00391,PROD070,view_product,2026-03-01 06:28:02,1
1513,SES00391,PROD080,view_product,2026-03-01 06:29:40,1
1514,SES00392,PROD043,view_product,2026-01-20 03:46:19,1
1515,SES00392,PROD050,view_product,2026-01-20 03:48:47,1
1516,SES00392,PROD093,view_product,2026-01-20 03:50:09,1
1517,SES00392,PROD095,view_product,2026-01-20 03:51:13,1
1518,SES00392,PROD017,view_product,2026-01-20 03:51:46,1
1519,SES00393,PROD076,view_product,2026-03-27 10:20:47,1
1520,SES00393,PROD034,view_product,2026-03-27 10:23:06,1
1521,SES00393,PROD031,view_product,2026-03-27 10:23:44,1
1522,SES00393,PROD100,view_product,2026-03-27 10:24:09,1
1523,SES00393,PROD039,view_product,2026-03-27 10:25:54,1
1524,SES00393,PROD039,add_to_cart,2026-03-27 10:26:21,1
1525,SES00394,PROD044,view_product,2026-02-13 13:40:31,1
1526,SES00394,PROD031,view_product,2026-02-13 13:43:21,1
1527,SES00394,PROD096,view_product,2026-02-13 13:46:21,1
1528,SES00394,PROD075,view_product,2026-02-13 13:48:47,1
1529,SES00395,PROD092,view_product,2026-03-06 18:04:53,1
1530,SES00395,PROD049,view_product,2026-03-06 18:06:06,1
1531,SES00395,PROD092,add_to_cart,2026-03-06 18:07:53,2
1532,SES00395,PROD092,begin_checkout,2026-03-06 18:09:38,2
1533,SES00396,PROD061,view_product,2026-01-08 22:59:06,1
1534,SES00396,PROD028,view_product,2026-01-08 22:59:35,1
1535,SES00396,PROD028,add_to_cart,2026-01-08 23:02:02,1
1536,SES00397,PROD089,view_product,2026-02-26 17:32:26,1
1537,SES00397,PROD063,view_product,2026-02-26 17:33:12,1
1538,SES00397,PROD094,view_product,2026-02-26 17:35:31,1
1539,SES00397,PROD054,view_product,2026-02-26 17:36:13,1
1540,SES00398,PROD059,view_product,2026-02-19 19:48:49,1
1541,SES00398,PROD061,view_product,2026-02-19 19:49:39,1
1542,SES00399,PROD074,view_product,2026-02-28 09:52:11,1
1543,SES00399,PROD038,view_product,2026-02-28 09:53:00,1
1544,SES00399,PROD006,view_product,2026-02-28 09:53:40,1
1545,SES00399,PROD038,add_to_cart,2026-02-28 09:55:59,1
1546,SES00399,PROD038,begin_checkout,2026-02-28 09:57:42,1
1547,SES00399,PROD038,purchase,2026-02-28 10:05:53,1
1548,SES00400,PROD001,view_product,2026-03-28 07:39:39,1
1549,SES00400,PROD016,view_product,2026-03-28 07:40:00,1
1550,SES00400,PROD071,view_product,2026-03-28 07:41:56,1
1551,SES00400,PROD045,view_product,2026-03-28 07:44:09,1
1552,SES00401,PROD017,view_product,2026-03-17 20:42:40,1
1553,SES00401,PROD098,view_product,2026-03-17 20:44:45,1
1554,SES00401,PROD018,view_product,2026-03-17 20:47:45,1
1555,SES00401,PROD065,view_product,2026-03-17 20:49:49,1
1556,SES00401,PROD082,view_product,2026-03-17 20:50:37,1
1557,SES00402,PROD044,view_product,2026-03-06 12:26:12,1
1558,SES00402,PROD070,view_product,2026-03-06 12:27:33,1
1559,SES00402,PROD006,view_product,2026-03-06 12:30:28,1
1560,SES00402,PROD086,view_product,2026-03-06 12:31:00,1
1561,SES00403,PROD083,view_product,2026-03-31 07:50:18,1
1562,SES00403,PROD083,add_to_cart,2026-03-31 07:52:46,2
1563,SES00403,PROD083,begin_checkout,2026-03-31 07:57:19,2
1564,SES00403,PROD083,purchase,2026-03-31 07:58:38,2
1565,SES00404,PROD032,view_product,2026-01-18 10:52:34,1
1566,SES00404,PROD091,view_product,2026-01-18 10:54:37,1
1567,SES00404,PROD091,add_to_cart,2026-01-18 10:55:03,1
1568,SES00404,PROD091,begin_checkout,2026-01-18 10:55:44,1
1569,SES00405,PROD013,view_product,2026-02-21 06:08:28,1
1570,SES00405,PROD013,add_to_cart,2026-02-21 06:11:59,1
1571,SES00405,PROD013,begin_checkout,2026-02-21 06:15:06,1
1572,SES00406,PROD050,view_product,2026-03-07 13:59:42,1
1573,SES00406,PROD013,view_product,2026-03-07 14:01:37,1
1574,SES00406,PROD041,view_product,2026-03-07 14:03:09,1
1575,SES00406,PROD050,add_to_cart,2026-03-07 14:04:25,1
1576,SES00407,PROD008,view_product,2026-03-15 01:14:15,1
1577,SES00407,PROD041,view_product,2026-03-15 01:16:09,1
1578,SES00407,PROD060,view_product,2026-03-15 01:16:35,1
1579,SES00408,PROD087,view_product,2026-03-28 00:56:30,1
1580,SES00408,PROD013,view_product,2026-03-28 00:57:12,1
1581,SES00408,PROD032,view_product,2026-03-28 00:58:39,1
1582,SES00408,PROD098,view_product,2026-03-28 01:01:14,1
1583,SES00408,PROD072,view_product,2026-03-28 01:03:08,1
1584,SES00409,PROD070,view_product,2026-02-18 14:07:58,1
1585,SES00409,PROD022,view_product,2026-02-18 14:09:56,1
1586,SES00409,PROD032,view_product,2026-02-18 14:12:28,1
1587,SES00410,PROD008,view_product,2026-03-05 06:26:32,1
1588,SES00410,PROD008,add_to_cart,2026-03-05 06:28:24,2
1589,SES00411,PROD021,view_product,2026-01-21 15:47:37,1
1590,SES00412,PROD056,view_product,2026-01-12 22:35:44,1
1591,SES00412,PROD027,view_product,2026-01-12 22:37:15,1
1592,SES00412,PROD079,view_product,2026-01-12 22:38:52,1
1593,SES00413,PROD044,view_product,2026-03-10 17:13:54,1
1594,SES00413,PROD027,view_product,2026-03-10 17:15:28,1
1595,SES00413,PROD059,view_product,2026-03-10 17:15:42,1
1596,SES00414,PROD053,view_product,2026-03-13 13:19:31,1
1597,SES00414,PROD072,view_product,2026-03-13 13:21:21,1
1598,SES00415,PROD087,view_product,2026-01-08 12:41:14,1
1599,SES00415,PROD016,view_product,2026-01-08 12:42:55,1
1600,SES00415,PROD046,view_product,2026-01-08 12:44:44,1
1601,SES00415,PROD049,view_product,2026-01-08 12:45:39,1
1602,SES00416,PROD057,view_product,2026-01-01 19:39:53,1
1603,SES00416,PROD002,view_product,2026-01-01 19:40:08,1
1604,SES00417,PROD092,view_product,2026-01-19 14:17:32,1
1605,SES00417,PROD029,view_product,2026-01-19 14:19:14,1
1606,SES00417,PROD030,view_product,2026-01-19 14:19:33,1
1607,SES00417,PROD030,add_to_cart,2026-01-19 14:20:41,1
1608,SES00417,PROD030,begin_checkout,2026-01-19 14:24:33,1
1609,SES00417,PROD030,purchase,2026-01-19 14:30:17,1
1610,SES00418,PROD017,view_product,2026-02-25 01:01:58,1
1611,SES00419,PROD087,view_product,2026-03-27 12:55:35,1
1612,SES00419,PROD003,view_product,2026-03-27 12:58:22,1
1613,SES00419,PROD003,add_to_cart,2026-03-27 13:00:26,1
1614,SES00420,PROD036,view_product,2026-01-06 00:53:05,1
1615,SES00420,PROD016,view_product,2026-01-06 00:55:21,1
1616,SES00420,PROD088,view_product,2026-01-06 00:57:03,1
1617,SES00420,PROD067,view_product,2026-01-06 00:59:25,1
1618,SES00421,PROD058,view_product,2026-01-22 19:15:41,1
1619,SES00421,PROD041,view_product,2026-01-22 19:16:11,1
1620,SES00421,PROD001,view_product,2026-01-22 19:18:47,1
1621,SES00421,PROD051,view_product,2026-01-22 19:19:03,1
1622,SES00421,PROD025,view_product,2026-01-22 19:20:10,1
1623,SES00422,PROD081,view_product,2026-01-25 06:33:09,1
1624,SES00422,PROD081,add_to_cart,2026-01-25 06:33:30,1
1625,SES00422,PROD081,begin_checkout,2026-01-25 06:36:51,1
1626,SES00423,PROD031,view_product,2026-02-03 02:09:36,1
1627,SES00423,PROD010,view_product,2026-02-03 02:10:10,1
1628,SES00423,PROD100,view_product,2026-02-03 02:13:00,1
1629,SES00423,PROD077,view_product,2026-02-03 02:15:04,1
1630,SES00423,PROD080,view_product,2026-02-03 02:17:42,1
1631,SES00423,PROD031,add_to_cart,2026-02-03 02:19:33,2
1632,SES00423,PROD031,begin_checkout,2026-02-03 02:20:36,2
1633,SES00424,PROD014,view_product,2026-01-06 07:40:26,1
1634,SES00425,PROD085,view_product,2026-01-10 07:20:10,1
1635,SES00425,PROD080,view_product,2026-01-10 07:22:09,1
1636,SES00425,PROD002,view_product,2026-01-10 07:24:57,1
1637,SES00425,PROD059,view_product,2026-01-10 07:27:45,1
1638,SES00425,PROD050,view_product,2026-01-10 07:28:20,1
1639,SES00425,PROD085,add_to_cart,2026-01-10 07:29:59,1
1640,SES00425,PROD085,begin_checkout,2026-01-10 07:31:24,1
1641,SES00425,PROD085,purchase,2026-01-10 07:33:33,1
1642,SES00426,PROD046,view_product,2026-03-29 19:22:53,1
1643,SES00426,PROD054,view_product,2026-03-29 19:24:56,1
1644,SES00426,PROD062,view_product,2026-03-29 19:25:53,1
1645,SES00426,PROD046,add_to_cart,2026-03-29 19:27:27,1
1646,SES00426,PROD046,begin_checkout,2026-03-29 19:32:19,1
1647,SES00427,PROD078,view_product,2026-03-21 06:30:25,1
1648,SES00427,PROD044,view_product,2026-03-21 06:30:37,1
1649,SES00427,PROD038,view_product,2026-03-21 06:32:59,1
1650,SES00428,PROD055,view_product,2026-02-19 05:40:27,1
1651,SES00428,PROD055,add_to_cart,2026-02-19 05:41:33,1
1652,SES00429,PROD075,view_product,2026-03-09 11:00:17,1
1653,SES00429,PROD073,view_product,2026-03-09 11:01:43,1
1654,SES00429,PROD043,view_product,2026-03-09 11:03:40,1
1655,SES00429,PROD075,add_to_cart,2026-03-09 11:07:17,1
1656,SES00430,PROD028,view_product,2026-03-26 12:08:05,1
1657,SES00430,PROD031,view_product,2026-03-26 12:09:51,1
1658,SES00430,PROD062,view_product,2026-03-26 12:10:53,1
1659,SES00430,PROD095,view_product,2026-03-26 12:12:45,1
1660,SES00430,PROD099,view_product,2026-03-26 12:13:42,1
1661,SES00431,PROD057,view_product,2026-02-04 17:58:49,1
1662,SES00431,PROD025,view_product,2026-02-04 18:00:31,1
1663,SES00431,PROD081,view_product,2026-02-04 18:00:52,1
1664,SES00432,PROD071,view_product,2026-01-22 06:11:44,1
1665,SES00432,PROD032,view_product,2026-01-22 06:11:59,1
1666,SES00432,PROD023,view_product,2026-01-22 06:12:54,1
1667,SES00433,PROD044,view_product,2026-01-03 00:56:11,1
1668,SES00433,PROD044,add_to_cart,2026-01-03 00:58:01,1
1669,SES00434,PROD016,view_product,2026-03-19 13:52:15,1
1670,SES00435,PROD055,view_product,2026-02-21 16:59:19,1
1671,SES00435,PROD082,view_product,2026-02-21 17:01:59,1
1672,SES00435,PROD032,view_product,2026-02-21 17:02:57,1
1673,SES00435,PROD006,view_product,2026-02-21 17:05:24,1
1674,SES00435,PROD098,view_product,2026-02-21 17:06:49,1
1675,SES00436,PROD075,view_product,2026-03-19 05:56:46,1
1676,SES00436,PROD063,view_product,2026-03-19 05:59:45,1
1677,SES00436,PROD027,view_product,2026-03-19 06:02:32,1
1678,SES00436,PROD094,view_product,2026-03-19 06:02:58,1
1679,SES00436,PROD011,view_product,2026-03-19 06:03:50,1
1680,SES00437,PROD042,view_product,2026-02-19 10:27:16,1
1681,SES00437,PROD092,view_product,2026-02-19 10:29:40,1
1682,SES00438,PROD084,view_product,2026-03-07 01:18:05,1
1683,SES00438,PROD005,view_product,2026-03-07 01:19:15,1
1684,SES00438,PROD027,view_product,2026-03-07 01:21:06,1
1685,SES00438,PROD029,view_product,2026-03-07 01:22:11,1
1686,SES00438,PROD026,view_product,2026-03-07 01:23:39,1
1687,SES00439,PROD038,view_product,2026-02-06 07:46:02,1
1688,SES00440,PROD056,view_product,2026-02-19 17:40:56,1
1689,SES00440,PROD053,view_product,2026-02-19 17:42:15,1
1690,SES00440,PROD048,view_product,2026-02-19 17:44:02,1
1691,SES00440,PROD064,view_product,2026-02-19 17:44:18,1
1692,SES00440,PROD053,add_to_cart,2026-02-19 17:44:52,1
1693,SES00440,PROD053,begin_checkout,2026-02-19 17:46:04,1
1694,SES00440,PROD053,purchase,2026-02-19 17:55:37,1
1695,SES00441,PROD005,view_product,2026-03-31 23:10:28,1
1696,SES00441,PROD070,view_product,2026-03-31 23:11:28,1
1697,SES00441,PROD026,view_product,2026-03-31 23:13:02,1
1698,SES00441,PROD026,add_to_cart,2026-03-31 23:16:11,2
1699,SES00442,PROD002,view_product,2026-03-25 01:12:11,1
1700,SES00442,PROD099,view_product,2026-03-25 01:13:49,1
1701,SES00442,PROD039,view_product,2026-03-25 01:15:42,1
1702,SES00443,PROD098,view_product,2026-03-15 13:50:01,1
1703,SES00443,PROD020,view_product,2026-03-15 13:52:12,1
1704,SES00443,PROD051,view_product,2026-03-15 13:53:21,1
1705,SES00443,PROD030,view_product,2026-03-15 13:55:43,1
1706,SES00443,PROD093,view_product,2026-03-15 13:58:23,1
1707,SES00444,PROD055,view_product,2026-02-14 19:10:29,1
1708,SES00444,PROD099,view_product,2026-02-14 19:11:32,1
1709,SES00445,PROD040,view_product,2026-01-03 22:09:03,1
1710,SES00445,PROD095,view_product,2026-01-03 22:11:20,1
1711,SES00446,PROD098,view_product,2026-02-02 23:52:01,1
1712,SES00446,PROD100,view_product,2026-02-02 23:53:34,1
1713,SES00446,PROD089,view_product,2026-02-02 23:56:14,1
1714,SES00446,PROD069,view_product,2026-02-02 23:56:29,1
1715,SES00447,PROD074,view_product,2026-02-02 01:34:48,1
1716,SES00447,PROD051,view_product,2026-02-02 01:36:36,1
1717,SES00447,PROD049,view_product,2026-02-02 01:37:34,1
1718,SES00447,PROD027,view_product,2026-02-02 01:39:45,1
1719,SES00447,PROD009,view_product,2026-02-02 01:40:22,1
1720,SES00447,PROD027,add_to_cart,2026-02-02 01:41:54,1
1721,SES00447,PROD027,begin_checkout,2026-02-02 01:43:17,1
1722,SES00448,PROD050,view_product,2026-03-05 13:57:45,1
1723,SES00448,PROD050,add_to_cart,2026-03-05 13:58:17,1
1724,SES00448,PROD050,begin_checkout,2026-03-05 14:01:55,1
1725,SES00448,PROD050,purchase,2026-03-05 14:05:50,1
1726,SES00449,PROD054,view_product,2026-02-07 23:21:30,1
1727,SES00449,PROD062,view_product,2026-02-07 23:22:13,1
1728,SES00449,PROD096,view_product,2026-02-07 23:23:15,1
1729,SES00449,PROD009,view_product,2026-02-07 23:24:44,1
1730,SES00449,PROD050,view_product,2026-02-07 23:26:44,1
1731,SES00450,PROD092,view_product,2026-02-25 20:03:47,1
1732,SES00450,PROD088,view_product,2026-02-25 20:04:33,1
1733,SES00450,PROD059,view_product,2026-02-25 20:06:37,1
1734,SES00450,PROD036,view_product,2026-02-25 20:07:03,1
1735,SES00450,PROD026,view_product,2026-02-25 20:08:55,1
1736,SES00451,PROD006,view_product,2026-02-25 06:26:05,1
1737,SES00451,PROD095,view_product,2026-02-25 06:27:43,1
1738,SES00451,PROD012,view_product,2026-02-25 06:29:09,1
1739,SES00451,PROD037,view_product,2026-02-25 06:30:59,1
1740,SES00451,PROD083,view_product,2026-02-25 06:33:45,1
1741,SES00452,PROD059,view_product,2026-02-10 07:11:09,1
1742,SES00452,PROD050,view_product,2026-02-10 07:11:43,1
1743,SES00452,PROD085,view_product,2026-02-10 07:13:33,1
1744,SES00452,PROD024,view_product,2026-02-10 07:13:54,1
1745,SES00452,PROD050,add_to_cart,2026-02-10 07:16:49,1
1746,SES00452,PROD050,begin_checkout,2026-02-10 07:17:53,1
1747,SES00453,PROD048,view_product,2026-03-24 21:55:02,1
1748,SES00454,PROD006,view_product,2026-02-09 19:37:43,1
1749,SES00454,PROD060,view_product,2026-02-09 19:39:30,1
1750,SES00454,PROD004,view_product,2026-02-09 19:41:07,1
1751,SES00454,PROD010,view_product,2026-02-09 19:42:59,1
1752,SES00454,PROD082,view_product,2026-02-09 19:43:58,1
1753,SES00454,PROD006,add_to_cart,2026-02-09 19:47:14,1
1754,SES00455,PROD092,view_product,2026-02-17 01:35:00,1
1755,SES00455,PROD057,view_product,2026-02-17 01:37:10,1
1756,SES00456,PROD038,view_product,2026-01-17 13:32:31,1
1757,SES00456,PROD016,view_product,2026-01-17 13:34:21,1
1758,SES00456,PROD038,add_to_cart,2026-01-17 13:35:15,1
1759,SES00456,PROD038,begin_checkout,2026-01-17 13:37:16,1
1760,SES00457,PROD083,view_product,2026-01-21 23:43:44,1
1761,SES00457,PROD085,view_product,2026-01-21 23:45:47,1
1762,SES00457,PROD092,view_product,2026-01-21 23:46:10,1
1763,SES00457,PROD014,view_product,2026-01-21 23:48:53,1
1764,SES00457,PROD050,view_product,2026-01-21 23:49:04,1
1765,SES00457,PROD014,add_to_cart,2026-01-21 23:50:22,1
1766,SES00457,PROD014,begin_checkout,2026-01-21 23:52:54,1
1767,SES00457,PROD014,purchase,2026-01-21 23:54:10,1
1768,SES00458,PROD029,view_product,2026-02-02 17:32:53,1
1769,SES00459,PROD014,view_product,2026-01-17 07:14:32,1
1770,SES00459,PROD042,view_product,2026-01-17 07:15:35,1
1771,SES00459,PROD072,view_product,2026-01-17 07:18:03,1
1772,SES00459,PROD081,view_product,2026-01-17 07:19:54,1
1773,SES00459,PROD025,view_product,2026-01-17 07:21:53,1
1774,SES00459,PROD042,add_to_cart,2026-01-17 07:23:30,1
1775,SES00459,PROD042,begin_checkout,2026-01-17 07:27:25,1
1776,SES00460,PROD048,view_product,2026-03-14 16:27:17,1
1777,SES00460,PROD006,view_product,2026-03-14 16:30:00,1
1778,SES00460,PROD009,view_product,2026-03-14 16:32:17,1
1779,SES00460,PROD028,view_product,2026-03-14 16:32:53,1
1780,SES00460,PROD053,view_product,2026-03-14 16:35:20,1
1781,SES00461,PROD042,view_product,2026-02-25 06:21:22,1
1782,SES00461,PROD081,view_product,2026-02-25 06:22:57,1
1783,SES00461,PROD090,view_product,2026-02-25 06:23:51,1
1784,SES00461,PROD050,view_product,2026-02-25 06:26:43,1
1785,SES00461,PROD087,view_product,2026-02-25 06:28:14,1
1786,SES00462,PROD066,view_product,2026-01-02 17:09:46,1
1787,SES00462,PROD082,view_product,2026-01-02 17:12:26,1
1788,SES00462,PROD095,view_product,2026-01-02 17:12:39,1
1789,SES00462,PROD030,view_product,2026-01-02 17:13:48,1
1790,SES00462,PROD066,add_to_cart,2026-01-02 17:17:11,1
1791,SES00462,PROD066,begin_checkout,2026-01-02 17:19:45,1
1792,SES00462,PROD066,purchase,2026-01-02 17:21:46,1
1793,SES00463,PROD057,view_product,2026-02-06 11:34:53,1
1794,SES00463,PROD095,view_product,2026-02-06 11:37:47,1
1795,SES00463,PROD043,view_product,2026-02-06 11:38:07,1
1796,SES00463,PROD018,view_product,2026-02-06 11:40:30,1
1797,SES00463,PROD036,view_product,2026-02-06 11:42:26,1
1798,SES00464,PROD070,view_product,2026-03-24 05:33:04,1
1799,SES00464,PROD007,view_product,2026-03-24 05:34:17,1
1800,SES00465,PROD081,view_product,2026-03-26 17:33:33,1
1801,SES00465,PROD001,view_product,2026-03-26 17:34:32,1
1802,SES00465,PROD009,view_product,2026-03-26 17:34:55,1
1803,SES00465,PROD063,view_product,2026-03-26 17:37:47,1
1804,SES00466,PROD031,view_product,2026-01-13 04:35:12,1
1805,SES00466,PROD065,view_product,2026-01-13 04:37:11,1
1806,SES00467,PROD037,view_product,2026-01-24 18:45:51,1
1807,SES00467,PROD074,view_product,2026-01-24 18:46:52,1
1808,SES00467,PROD058,view_product,2026-01-24 18:48:11,1
1809,SES00468,PROD065,view_product,2026-02-08 15:59:25,1
1810,SES00468,PROD079,view_product,2026-02-08 16:01:38,1
1811,SES00468,PROD095,view_product,2026-02-08 16:01:53,1
1812,SES00468,PROD056,view_product,2026-02-08 16:03:40,1
1813,SES00469,PROD033,view_product,2026-01-30 03:37:32,1
1814,SES00469,PROD049,view_product,2026-01-30 03:39:00,1
1815,SES00470,PROD020,view_product,2026-01-07 23:38:04,1
1816,SES00470,PROD025,view_product,2026-01-07 23:38:17,1
1817,SES00471,PROD050,view_product,2026-02-09 06:43:49,1
1818,SES00471,PROD063,view_product,2026-02-09 06:46:29,1
1819,SES00471,PROD040,view_product,2026-02-09 06:46:57,1
1820,SES00472,PROD033,view_product,2026-02-07 08:44:13,1
1821,SES00472,PROD099,view_product,2026-02-07 08:46:33,1
1822,SES00472,PROD097,view_product,2026-02-07 08:48:48,1
1823,SES00472,PROD093,view_product,2026-02-07 08:51:40,1
1824,SES00473,PROD005,view_product,2026-03-31 22:56:59,1
1825,SES00473,PROD047,view_product,2026-03-31 22:59:59,1
1826,SES00473,PROD081,view_product,2026-03-31 23:02:54,1
1827,SES00473,PROD091,view_product,2026-03-31 23:03:41,1
1828,SES00473,PROD091,add_to_cart,2026-03-31 23:04:33,2
1829,SES00473,PROD091,begin_checkout,2026-03-31 23:06:25,2
1830,SES00473,PROD091,purchase,2026-03-31 23:08:59,2
1831,SES00474,PROD067,view_product,2026-02-08 14:38:49,1
1832,SES00475,PROD076,view_product,2026-03-09 04:06:19,1
1833,SES00475,PROD040,view_product,2026-03-09 04:06:56,1
1834,SES00475,PROD094,view_product,2026-03-09 04:09:48,1
1835,SES00475,PROD053,view_product,2026-03-09 04:12:24,1
1836,SES00476,PROD001,view_product,2026-03-30 04:10:10,1
1837,SES00476,PROD022,view_product,2026-03-30 04:10:44,1
1838,SES00476,PROD063,view_product,2026-03-30 04:11:11,1
1839,SES00477,PROD024,view_product,2026-02-07 23:53:53,1
1840,SES00477,PROD091,view_product,2026-02-07 23:56:07,1
1841,SES00477,PROD018,view_product,2026-02-07 23:57:03,1
1842,SES00478,PROD098,view_product,2026-01-21 15:21:10,1
1843,SES00478,PROD025,view_product,2026-01-21 15:23:04,1
1844,SES00479,PROD011,view_product,2026-01-11 14:27:57,1
1845,SES00479,PROD049,view_product,2026-01-11 14:28:23,1
1846,SES00479,PROD016,view_product,2026-01-11 14:30:00,1
1847,SES00479,PROD011,add_to_cart,2026-01-11 14:33:07,1
1848,SES00480,PROD013,view_product,2026-01-01 16:51:25,1
1849,SES00481,PROD078,view_product,2026-03-15 22:08:07,1
1850,SES00481,PROD055,view_product,2026-03-15 22:09:44,1
1851,SES00481,PROD044,view_product,2026-03-15 22:11:14,1
1852,SES00482,PROD043,view_product,2026-03-06 13:46:47,1
1853,SES00482,PROD013,view_product,2026-03-06 13:48:39,1
1854,SES00482,PROD001,view_product,2026-03-06 13:49:24,1
1855,SES00482,PROD043,add_to_cart,2026-03-06 13:50:50,2
1856,SES00483,PROD066,view_product,2026-02-13 21:02:53,1
1857,SES00483,PROD053,view_product,2026-02-13 21:05:46,1
1858,SES00483,PROD085,view_product,2026-02-13 21:07:18,1
1859,SES00483,PROD025,view_product,2026-02-13 21:07:32,1
1860,SES00484,PROD078,view_product,2026-03-20 09:46:37,1
1861,SES00484,PROD063,view_product,2026-03-20 09:49:23,1
1862,SES00485,PROD038,view_product,2026-03-05 22:03:13,1
1863,SES00485,PROD078,view_product,2026-03-05 22:05:36,1
1864,SES00485,PROD025,view_product,2026-03-05 22:08:12,1
1865,SES00485,PROD092,view_product,2026-03-05 22:10:31,1
1866,SES00485,PROD092,add_to_cart,2026-03-05 22:12:03,1
1867,SES00486,PROD062,view_product,2026-03-26 22:26:53,1
1868,SES00487,PROD021,view_product,2026-03-06 01:20:36,1
1869,SES00488,PROD086,view_product,2026-01-26 00:19:48,1
1870,SES00489,PROD099,view_product,2026-03-19 05:46:23,1
1871,SES00489,PROD077,view_product,2026-03-19 05:48:10,1
1872,SES00489,PROD009,view_product,2026-03-19 05:51:07,1
1873,SES00489,PROD083,view_product,2026-03-19 05:54:01,1
1874,SES00489,PROD044,view_product,2026-03-19 05:56:34,1
1875,SES00490,PROD044,view_product,2026-01-26 03:46:38,1
1876,SES00491,PROD074,view_product,2026-03-23 22:13:45,1
1877,SES00491,PROD095,view_product,2026-03-23 22:16:26,1
1878,SES00491,PROD001,view_product,2026-03-23 22:18:53,1
1879,SES00491,PROD040,view_product,2026-03-23 22:19:51,1
1880,SES00492,PROD067,view_product,2026-02-01 00:52:03,1
1881,SES00492,PROD085,view_product,2026-02-01 00:54:44,1
1882,SES00492,PROD085,add_to_cart,2026-02-01 00:58:37,1
1883,SES00492,PROD085,begin_checkout,2026-02-01 01:00:21,1
1884,SES00493,PROD096,view_product,2026-03-08 00:28:31,1
1885,SES00493,PROD086,view_product,2026-03-08 00:31:14,1
1886,SES00493,PROD096,add_to_cart,2026-03-08 00:35:06,1
1887,SES00494,PROD043,view_product,2026-02-18 01:30:24,1
1888,SES00495,PROD063,view_product,2026-03-27 17:35:14,1
1889,SES00495,PROD094,view_product,2026-03-27 17:36:40,1
1890,SES00496,PROD045,view_product,2026-01-03 02:17:32,1
1891,SES00496,PROD097,view_product,2026-01-03 02:18:54,1
1892,SES00496,PROD051,view_product,2026-01-03 02:20:16,1
1893,SES00496,PROD010,view_product,2026-01-03 02:21:15,1
1894,SES00497,PROD091,view_product,2026-02-01 09:38:38,1
1895,SES00498,PROD028,view_product,2026-03-09 13:42:38,1
1896,SES00498,PROD096,view_product,2026-03-09 13:45:34,1
1897,SES00498,PROD028,add_to_cart,2026-03-09 13:49:28,1
1898,SES00498,PROD028,begin_checkout,2026-03-09 13:53:36,1
1899,SES00499,PROD016,view_product,2026-02-04 12:36:34,1
1900,SES00500,PROD031,view_product,2026-03-02 20:58:57,1
1901,SES00501,PROD100,view_product,2026-03-05 09:09:45,1
1902,SES00502,PROD011,view_product,2026-03-05 10:04:01,1
1903,SES00503,PROD036,view_product,2026-01-03 05:42:03,1
1904,SES00503,PROD089,view_product,2026-01-03 05:42:59,1
1905,SES00503,PROD096,view_product,2026-01-03 05:44:47,1
1906,SES00503,PROD013,view_product,2026-01-03 05:47:00,1
1907,SES00504,PROD024,view_product,2026-01-13 03:51:51,1
1908,SES00504,PROD052,view_product,2026-01-13 03:54:18,1
1909,SES00504,PROD090,view_product,2026-01-13 03:56:43,1
1910,SES00504,PROD003,view_product,2026-01-13 03:58:58,1
1911,SES00504,PROD051,view_product,2026-01-13 03:59:24,1
1912,SES00505,PROD085,view_product,2026-03-18 17:00:24,1
1913,SES00505,PROD016,view_product,2026-03-18 17:03:07,1
1914,SES00506,PROD084,view_product,2026-01-31 12:22:18,1
1915,SES00506,PROD021,view_product,2026-01-31 12:24:51,1
1916,SES00506,PROD084,add_to_cart,2026-01-31 12:25:37,1
1917,SES00506,PROD084,begin_checkout,2026-01-31 12:29:13,1
1918,SES00507,PROD038,view_product,2026-01-01 00:14:34,1
1919,SES00507,PROD085,view_product,2026-01-01 00:16:49,1
1920,SES00507,PROD069,view_product,2026-01-01 00:18:19,1
1921,SES00507,PROD057,view_product,2026-01-01 00:20:42,1
1922,SES00507,PROD018,view_product,2026-01-01 00:22:22,1
1923,SES00508,PROD019,view_product,2026-03-06 08:01:39,1
1924,SES00508,PROD039,view_product,2026-03-06 08:02:23,1
1925,SES00509,PROD033,view_product,2026-02-09 11:26:21,1
1926,SES00509,PROD034,view_product,2026-02-09 11:28:27,1
1927,SES00509,PROD049,view_product,2026-02-09 11:28:58,1
1928,SES00509,PROD084,view_product,2026-02-09 11:30:13,1
1929,SES00509,PROD021,view_product,2026-02-09 11:32:11,1
1930,SES00510,PROD092,view_product,2026-03-03 03:02:34,1
1931,SES00510,PROD048,view_product,2026-03-03 03:05:32,1
1932,SES00511,PROD004,view_product,2026-01-31 21:40:58,1
1933,SES00511,PROD078,view_product,2026-01-31 21:41:39,1
1934,SES00511,PROD032,view_product,2026-01-31 21:44:05,1
1935,SES00511,PROD010,view_product,2026-01-31 21:44:43,1
1936,SES00512,PROD019,view_product,2026-03-22 01:55:08,1
1937,SES00512,PROD029,view_product,2026-03-22 01:55:43,1
1938,SES00512,PROD036,view_product,2026-03-22 01:57:29,1
1939,SES00513,PROD076,view_product,2026-03-17 23:56:30,1
1940,SES00513,PROD063,view_product,2026-03-17 23:58:09,1
1941,SES00513,PROD013,view_product,2026-03-18 00:00:45,1
1942,SES00514,PROD024,view_product,2026-03-29 01:12:02,1
1943,SES00514,PROD045,view_product,2026-03-29 01:14:33,1
1944,SES00514,PROD095,view_product,2026-03-29 01:17:15,1
1945,SES00514,PROD087,view_product,2026-03-29 01:19:08,1
1946,SES00515,PROD049,view_product,2026-03-26 11:11:42,1
1947,SES00515,PROD073,view_product,2026-03-26 11:12:05,1
1948,SES00516,PROD024,view_product,2026-03-29 12:19:04,1
1949,SES00516,PROD057,view_product,2026-03-29 12:20:27,1
1950,SES00516,PROD046,view_product,2026-03-29 12:21:47,1
1951,SES00516,PROD060,view_product,2026-03-29 12:23:46,1
1952,SES00517,PROD053,view_product,2026-03-15 13:16:26,1
1953,SES00517,PROD099,view_product,2026-03-15 13:19:18,1
1954,SES00517,PROD041,view_product,2026-03-15 13:19:48,1
1955,SES00517,PROD053,add_to_cart,2026-03-15 13:20:45,2
1956,SES00517,PROD053,begin_checkout,2026-03-15 13:21:58,2
1957,SES00518,PROD094,view_product,2026-03-26 21:25:50,1
1958,SES00518,PROD018,view_product,2026-03-26 21:26:31,1
1959,SES00518,PROD062,view_product,2026-03-26 21:28:24,1
1960,SES00518,PROD064,view_product,2026-03-26 21:28:37,1
1961,SES00518,PROD066,view_product,2026-03-26 21:31:24,1
1962,SES00518,PROD094,add_to_cart,2026-03-26 21:34:38,1
1963,SES00518,PROD094,begin_checkout,2026-03-26 21:38:04,1
1964,SES00518,PROD094,purchase,2026-03-26 21:48:04,1
1965,SES00519,PROD023,view_product,2026-03-07 11:46:45,1
1966,SES00519,PROD010,view_product,2026-03-07 11:47:29,1
1967,SES00520,PROD044,view_product,2026-02-11 01:02:04,1
1968,SES00521,PROD034,view_product,2026-03-25 06:52:50,1
1969,SES00521,PROD028,view_product,2026-03-25 06:55:25,1
1970,SES00521,PROD001,view_product,2026-03-25 06:57:15,1
1971,SES00521,PROD028,add_to_cart,2026-03-25 07:00:14,2
1972,SES00521,PROD028,begin_checkout,2026-03-25 07:01:02,2
1973,SES00522,PROD059,view_product,2026-03-24 08:48:21,1
1974,SES00522,PROD043,view_product,2026-03-24 08:50:00,1
1975,SES00522,PROD039,view_product,2026-03-24 08:50:57,1
1976,SES00522,PROD046,view_product,2026-03-24 08:52:49,1
1977,SES00522,PROD014,view_product,2026-03-24 08:54:29,1
1978,SES00522,PROD046,add_to_cart,2026-03-24 08:55:05,1
1979,SES00522,PROD046,begin_checkout,2026-03-24 08:56:53,1
1980,SES00523,PROD061,view_product,2026-01-01 16:07:54,1
1981,SES00523,PROD051,view_product,2026-01-01 16:09:20,1
1982,SES00523,PROD061,add_to_cart,2026-01-01 16:10:43,1
1983,SES00523,PROD061,begin_checkout,2026-01-01 16:14:57,1
1984,SES00524,PROD015,view_product,2026-03-14 12:52:16,1
1985,SES00524,PROD025,view_product,2026-03-14 12:52:36,1
1986,SES00524,PROD025,add_to_cart,2026-03-14 12:52:59,1
1987,SES00524,PROD025,begin_checkout,2026-03-14 12:55:10,1
1988,SES00525,PROD088,view_product,2026-01-26 19:23:20,1
1989,SES00525,PROD092,view_product,2026-01-26 19:25:38,1
1990,SES00525,PROD017,view_product,2026-01-26 19:27:27,1
1991,SES00525,PROD042,view_product,2026-01-26 19:28:10,1
1992,SES00525,PROD088,add_to_cart,2026-01-26 19:28:57,1
1993,SES00525,PROD088,begin_checkout,2026-01-26 19:33:43,1
1994,SES00526,PROD056,view_product,2026-03-22 13:41:38,1
1995,SES00526,PROD056,add_to_cart,2026-03-22 13:43:42,1
1996,SES00526,PROD056,begin_checkout,2026-03-22 13:45:30,1
1997,SES00527,PROD086,view_product,2026-01-12 04:01:57,1
1998,SES00527,PROD055,view_product,2026-01-12 04:04:08,1
1999,SES00528,PROD076,view_product,2026-03-10 01:50:02,1
2000,SES00528,PROD081,view_product,2026-03-10 01:50:50,1
2001,SES00528,PROD076,add_to_cart,2026-03-10 01:52:15,1
2002,SES00529,PROD049,view_product,2026-02-11 09:23:22,1
2003,SES00530,PROD083,view_product,2026-02-02 15:22:22,1
2004,SES00530,PROD007,view_product,2026-02-02 15:24:05,1
2005,SES00530,PROD039,view_product,2026-02-02 15:25:26,1
2006,SES00530,PROD015,view_product,2026-02-02 15:27:05,1
2007,SES00531,PROD028,view_product,2026-01-18 15:32:04,1
2008,SES00531,PROD037,view_product,2026-01-18 15:34:49,1
2009,SES00531,PROD061,view_product,2026-01-18 15:35:24,1
2010,SES00532,PROD088,view_product,2026-02-02 10:58:32,1
2011,SES00533,PROD048,view_product,2026-03-11 02:07:55,1
2012,SES00533,PROD031,view_product,2026-03-11 02:09:43,1
2013,SES00533,PROD084,view_product,2026-03-11 02:10:15,1
2014,SES00533,PROD036,view_product,2026-03-11 02:10:52,1
2015,SES00533,PROD027,view_product,2026-03-11 02:11:35,1
2016,SES00534,PROD091,view_product,2026-03-30 13:32:08,1
2017,SES00534,PROD058,view_product,2026-03-30 13:32:37,1
2018,SES00535,PROD006,view_product,2026-02-16 00:58:44,1
2019,SES00535,PROD017,view_product,2026-02-16 01:00:41,1
2020,SES00536,PROD081,view_product,2026-03-06 09:42:30,1
2021,SES00536,PROD092,view_product,2026-03-06 09:44:43,1
2022,SES00536,PROD016,view_product,2026-03-06 09:46:40,1
2023,SES00536,PROD056,view_product,2026-03-06 09:49:04,1
2024,SES00537,PROD006,view_product,2026-02-28 04:08:43,1
2025,SES00537,PROD073,view_product,2026-02-28 04:10:34,1
2026,SES00537,PROD008,view_product,2026-02-28 04:12:50,1
2027,SES00538,PROD072,view_product,2026-01-08 06:46:29,1
2028,SES00538,PROD100,view_product,2026-01-08 06:47:48,1
2029,SES00538,PROD050,view_product,2026-01-08 06:48:50,1
2030,SES00538,PROD052,view_product,2026-01-08 06:49:47,1
2031,SES00538,PROD100,add_to_cart,2026-01-08 06:50:04,1
2032,SES00539,PROD038,view_product,2026-03-21 08:36:53,1
2033,SES00539,PROD091,view_product,2026-03-21 08:39:24,1
2034,SES00539,PROD038,add_to_cart,2026-03-21 08:40:39,1
2035,SES00539,PROD038,begin_checkout,2026-03-21 08:42:24,1
2036,SES00540,PROD027,view_product,2026-03-26 19:08:25,1
2037,SES00540,PROD069,view_product,2026-03-26 19:08:35,1
2038,SES00541,PROD034,view_product,2026-02-22 12:18:27,1
2039,SES00541,PROD093,view_product,2026-02-22 12:20:00,1
2040,SES00541,PROD018,view_product,2026-02-22 12:20:24,1
2041,SES00541,PROD053,view_product,2026-02-22 12:23:14,1
2042,SES00541,PROD079,view_product,2026-02-22 12:23:26,1
2043,SES00542,PROD014,view_product,2026-01-18 03:52:19,1
2044,SES00542,PROD093,view_product,2026-01-18 03:53:34,1
2045,SES00542,PROD096,view_product,2026-01-18 03:56:24,1
2046,SES00542,PROD089,view_product,2026-01-18 03:59:16,1
2047,SES00542,PROD049,view_product,2026-01-18 04:02:00,1
2048,SES00543,PROD020,view_product,2026-01-22 10:09:35,1
2049,SES00543,PROD058,view_product,2026-01-22 10:11:19,1
2050,SES00543,PROD030,view_product,2026-01-22 10:12:06,1
2051,SES00543,PROD094,view_product,2026-01-22 10:14:18,1
2052,SES00543,PROD058,add_to_cart,2026-01-22 10:18:01,1
2053,SES00544,PROD023,view_product,2026-01-18 12:25:25,1
2054,SES00544,PROD051,view_product,2026-01-18 12:26:23,1
2055,SES00544,PROD023,add_to_cart,2026-01-18 12:28:34,1
2056,SES00545,PROD078,view_product,2026-01-10 17:34:17,1
2057,SES00545,PROD078,add_to_cart,2026-01-10 17:34:35,1
2058,SES00546,PROD002,view_product,2026-03-06 02:41:22,1
2059,SES00546,PROD014,view_product,2026-03-06 02:42:23,1
2060,SES00546,PROD070,view_product,2026-03-06 02:43:08,1
2061,SES00546,PROD095,view_product,2026-03-06 02:45:20,1
2062,SES00546,PROD044,view_product,2026-03-06 02:47:54,1
2063,SES00547,PROD070,view_product,2026-01-30 20:16:50,1
2064,SES00548,PROD019,view_product,2026-03-13 11:54:47,1
2065,SES00548,PROD001,view_product,2026-03-13 11:56:46,1
2066,SES00548,PROD029,view_product,2026-03-13 11:58:34,1
2067,SES00548,PROD004,view_product,2026-03-13 11:59:21,1
2068,SES00548,PROD029,add_to_cart,2026-03-13 12:03:21,1
2069,SES00549,PROD014,view_product,2026-01-27 21:57:33,1
2070,SES00549,PROD037,view_product,2026-01-27 21:58:02,1
2071,SES00550,PROD055,view_product,2026-03-12 01:25:42,1
2072,SES00550,PROD068,view_product,2026-03-12 01:28:25,1
2073,SES00550,PROD068,add_to_cart,2026-03-12 01:31:30,1
2074,SES00551,PROD034,view_product,2026-03-26 23:50:15,1
2075,SES00551,PROD092,view_product,2026-03-26 23:51:03,1
2076,SES00551,PROD010,view_product,2026-03-26 23:54:00,1
2077,SES00551,PROD034,add_to_cart,2026-03-26 23:57:19,1
2078,SES00552,PROD019,view_product,2026-03-21 02:16:59,1
2079,SES00552,PROD012,view_product,2026-03-21 02:17:55,1
2080,SES00552,PROD042,view_product,2026-03-21 02:19:43,1
2081,SES00552,PROD012,add_to_cart,2026-03-21 02:22:55,1
2082,SES00553,PROD050,view_product,2026-01-21 10:07:14,1
2083,SES00553,PROD054,view_product,2026-01-21 10:09:31,1
2084,SES00554,PROD068,view_product,2026-01-30 08:13:26,1
2085,SES00554,PROD074,view_product,2026-01-30 08:13:58,1
2086,SES00554,PROD100,view_product,2026-01-30 08:15:08,1
2087,SES00554,PROD089,view_product,2026-01-30 08:16:50,1
2088,SES00554,PROD068,add_to_cart,2026-01-30 08:19:06,1
2089,SES00555,PROD038,view_product,2026-01-06 18:50:17,1
2090,SES00555,PROD059,view_product,2026-01-06 18:52:48,1
2091,SES00556,PROD016,view_product,2026-01-24 13:04:21,1
2092,SES00556,PROD090,view_product,2026-01-24 13:06:07,1
2093,SES00557,PROD062,view_product,2026-01-06 06:04:05,1
2094,SES00558,PROD020,view_product,2026-01-08 16:04:48,1
2095,SES00558,PROD098,view_product,2026-01-08 16:07:13,1
2096,SES00558,PROD024,view_product,2026-01-08 16:08:39,1
2097,SES00558,PROD061,view_product,2026-01-08 16:10:49,1
2098,SES00559,PROD083,view_product,2026-03-28 12:02:52,1
2099,SES00560,PROD071,view_product,2026-03-15 05:52:01,1
2100,SES00560,PROD092,view_product,2026-03-15 05:53:29,1
2101,SES00560,PROD034,view_product,2026-03-15 05:54:37,1
2102,SES00560,PROD074,view_product,2026-03-15 05:56:35,1
2103,SES00561,PROD052,view_product,2026-02-06 15:47:09,1
2104,SES00561,PROD080,view_product,2026-02-06 15:48:15,1
2105,SES00561,PROD052,add_to_cart,2026-02-06 15:50:29,2
2106,SES00561,PROD052,begin_checkout,2026-02-06 15:54:26,2
2107,SES00562,PROD010,view_product,2026-03-25 16:43:39,1
2108,SES00563,PROD009,view_product,2026-01-03 17:22:34,1
2109,SES00564,PROD035,view_product,2026-02-23 13:34:37,1
2110,SES00564,PROD011,view_product,2026-02-23 13:37:11,1
2111,SES00564,PROD011,add_to_cart,2026-02-23 13:38:46,1
2112,SES00564,PROD011,begin_checkout,2026-02-23 13:41:54,1
2113,SES00564,PROD011,purchase,2026-02-23 13:48:59,1
2114,SES00565,PROD043,view_product,2026-02-04 13:11:33,1
2115,SES00566,PROD062,view_product,2026-03-17 06:02:07,1
2116,SES00566,PROD076,view_product,2026-03-17 06:02:55,1
2117,SES00566,PROD005,view_product,2026-03-17 06:05:03,1
2118,SES00566,PROD038,view_product,2026-03-17 06:05:33,1
2119,SES00567,PROD099,view_product,2026-03-26 22:25:02,1
2120,SES00567,PROD092,view_product,2026-03-26 22:27:20,1
2121,SES00568,PROD038,view_product,2026-03-16 15:05:07,1
2122,SES00568,PROD047,view_product,2026-03-16 15:05:27,1
2123,SES00568,PROD080,view_product,2026-03-16 15:07:16,1
2124,SES00568,PROD080,add_to_cart,2026-03-16 15:08:10,1
2125,SES00568,PROD080,begin_checkout,2026-03-16 15:12:54,1
2126,SES00568,PROD080,purchase,2026-03-16 15:14:09,1
2127,SES00569,PROD064,view_product,2026-02-23 02:55:43,1
2128,SES00570,PROD010,view_product,2026-01-07 14:50:37,1
2129,SES00571,PROD016,view_product,2026-03-16 02:17:49,1
2130,SES00571,PROD073,view_product,2026-03-16 02:18:09,1
2131,SES00571,PROD073,add_to_cart,2026-03-16 02:22:03,1
2132,SES00572,PROD011,view_product,2026-02-19 18:12:06,1
2133,SES00572,PROD088,view_product,2026-02-19 18:14:11,1
2134,SES00572,PROD053,view_product,2026-02-19 18:15:28,1
2135,SES00573,PROD090,view_product,2026-01-05 03:26:40,1
2136,SES00573,PROD072,view_product,2026-01-05 03:27:29,1
2137,SES00574,PROD086,view_product,2026-02-08 18:25:35,1
2138,SES00574,PROD012,view_product,2026-02-08 18:28:29,1
2139,SES00574,PROD045,view_product,2026-02-08 18:30:55,1
2140,SES00574,PROD060,view_product,2026-02-08 18:33:04,1
2141,SES00574,PROD012,add_to_cart,2026-02-08 18:35:00,1
2142,SES00575,PROD090,view_product,2026-01-31 19:21:49,1
2143,SES00575,PROD095,view_product,2026-01-31 19:22:28,1
2144,SES00575,PROD090,add_to_cart,2026-01-31 19:24:43,1
2145,SES00575,PROD090,begin_checkout,2026-01-31 19:27:02,1
2146,SES00575,PROD090,purchase,2026-01-31 19:28:34,1
2147,SES00576,PROD035,view_product,2026-01-06 06:01:06,1
2148,SES00576,PROD033,view_product,2026-01-06 06:01:52,1
2149,SES00576,PROD082,view_product,2026-01-06 06:02:19,1
2150,SES00576,PROD023,view_product,2026-01-06 06:03:39,1
2151,SES00577,PROD024,view_product,2026-03-26 14:17:01,1
2152,SES00577,PROD007,view_product,2026-03-26 14:18:38,1
2153,SES00577,PROD012,view_product,2026-03-26 14:20:04,1
2154,SES00577,PROD007,add_to_cart,2026-03-26 14:22:22,2
2155,SES00577,PROD007,begin_checkout,2026-03-26 14:24:14,2
2156,SES00578,PROD026,view_product,2026-02-25 08:58:51,1
2157,SES00578,PROD010,view_product,2026-02-25 08:59:38,1
2158,SES00578,PROD093,view_product,2026-02-25 09:01:10,1
2159,SES00578,PROD086,view_product,2026-02-25 09:04:10,1
2160,SES00578,PROD075,view_product,2026-02-25 09:05:41,1
2161,SES00578,PROD086,add_to_cart,2026-02-25 09:08:03,2
2162,SES00579,PROD017,view_product,2026-02-09 10:57:32,1
2163,SES00579,PROD082,view_product,2026-02-09 10:57:51,1
2164,SES00579,PROD058,view_product,2026-02-09 10:58:56,1
2165,SES00579,PROD075,view_product,2026-02-09 10:59:54,1
2166,SES00580,PROD087,view_product,2026-02-06 15:46:27,1
2167,SES00580,PROD074,view_product,2026-02-06 15:48:11,1
2168,SES00581,PROD084,view_product,2026-02-18 17:58:15,1
2169,SES00581,PROD059,view_product,2026-02-18 18:00:43,1
2170,SES00581,PROD053,view_product,2026-02-18 18:02:42,1
2171,SES00581,PROD046,view_product,2026-02-18 18:05:05,1
2172,SES00582,PROD021,view_product,2026-02-21 13:11:09,1
2173,SES00582,PROD070,view_product,2026-02-21 13:13:10,1
2174,SES00582,PROD056,view_product,2026-02-21 13:16:02,1
2175,SES00582,PROD049,view_product,2026-02-21 13:17:24,1
2176,SES00582,PROD037,view_product,2026-02-21 13:20:12,1
2177,SES00583,PROD012,view_product,2026-01-10 15:15:36,1
2178,SES00583,PROD012,add_to_cart,2026-01-10 15:19:02,1
2179,SES00584,PROD086,view_product,2026-01-10 16:20:45,1
2180,SES00585,PROD016,view_product,2026-02-23 13:20:29,1
2181,SES00585,PROD045,view_product,2026-02-23 13:22:20,1
2182,SES00585,PROD060,view_product,2026-02-23 13:22:31,1
2183,SES00585,PROD053,view_product,2026-02-23 13:24:16,1
2184,SES00586,PROD087,view_product,2026-03-05 22:50:41,1
2185,SES00586,PROD031,view_product,2026-03-05 22:50:54,1
2186,SES00586,PROD001,view_product,2026-03-05 22:51:10,1
2187,SES00586,PROD054,view_product,2026-03-05 22:51:59,1
2188,SES00587,PROD022,view_product,2026-02-20 09:17:30,1
2189,SES00587,PROD074,view_product,2026-02-20 09:20:02,1
2190,SES00587,PROD056,view_product,2026-02-20 09:21:52,1
2191,SES00587,PROD056,add_to_cart,2026-02-20 09:22:20,1
2192,SES00588,PROD067,view_product,2026-02-07 21:44:39,1
2193,SES00588,PROD021,view_product,2026-02-07 21:45:14,1
2194,SES00588,PROD056,view_product,2026-02-07 21:45:56,1
2195,SES00589,PROD021,view_product,2026-03-23 20:26:15,1
2196,SES00589,PROD042,view_product,2026-03-23 20:26:27,1
2197,SES00589,PROD027,view_product,2026-03-23 20:29:17,1
2198,SES00589,PROD012,view_product,2026-03-23 20:31:58,1
2199,SES00589,PROD004,view_product,2026-03-23 20:32:47,1
2200,SES00589,PROD004,add_to_cart,2026-03-23 20:33:22,2
2201,SES00589,PROD004,begin_checkout,2026-03-23 20:34:04,2
2202,SES00590,PROD039,view_product,2026-03-03 07:32:47,1
2203,SES00590,PROD025,view_product,2026-03-03 07:33:59,1
2204,SES00591,PROD011,view_product,2026-02-06 17:03:26,1
2205,SES00591,PROD019,view_product,2026-02-06 17:06:19,1
2206,SES00591,PROD081,view_product,2026-02-06 17:08:57,1
2207,SES00592,PROD012,view_product,2026-03-28 17:54:17,1
2208,SES00592,PROD010,view_product,2026-03-28 17:55:59,1
2209,SES00593,PROD027,view_product,2026-02-13 03:11:45,1
2210,SES00593,PROD027,add_to_cart,2026-02-13 03:13:55,1
2211,SES00594,PROD016,view_product,2026-01-18 08:22:28,1
2212,SES00595,PROD016,view_product,2026-02-23 01:24:06,1
2213,SES00595,PROD025,view_product,2026-02-23 01:26:33,1
2214,SES00595,PROD078,view_product,2026-02-23 01:26:48,1
2215,SES00596,PROD018,view_product,2026-02-05 10:16:06,1
2216,SES00596,PROD029,view_product,2026-02-05 10:17:24,1
2217,SES00596,PROD011,view_product,2026-02-05 10:18:44,1
2218,SES00597,PROD096,view_product,2026-02-03 20:13:09,1
2219,SES00597,PROD064,view_product,2026-02-03 20:14:08,1
2220,SES00597,PROD056,view_product,2026-02-03 20:15:22,1
2221,SES00597,PROD066,view_product,2026-02-03 20:16:16,1
2222,SES00597,PROD056,add_to_cart,2026-02-03 20:16:57,2
2223,SES00597,PROD056,begin_checkout,2026-02-03 20:20:06,2
2224,SES00598,PROD041,view_product,2026-02-12 02:06:28,1
2225,SES00598,PROD080,view_product,2026-02-12 02:08:16,1
2226,SES00598,PROD014,view_product,2026-02-12 02:10:15,1
2227,SES00598,PROD080,add_to_cart,2026-02-12 02:13:11,1
2228,SES00599,PROD083,view_product,2026-02-19 15:33:30,1
2229,SES00599,PROD068,view_product,2026-02-19 15:34:26,1
2230,SES00599,PROD046,view_product,2026-02-19 15:35:58,1
2231,SES00599,PROD051,view_product,2026-02-19 15:37:57,1
2232,SES00599,PROD004,view_product,2026-02-19 15:38:54,1
2233,SES00599,PROD083,add_to_cart,2026-02-19 15:40:44,1
2234,SES00599,PROD083,begin_checkout,2026-02-19 15:43:54,1
2235,SES00599,PROD083,purchase,2026-02-19 15:50:20,1
2236,SES00600,PROD078,view_product,2026-03-31 06:14:35,1
2237,SES00600,PROD028,view_product,2026-03-31 06:15:11,1
2238,SES00600,PROD068,view_product,2026-03-31 06:17:44,1
2239,SES00600,PROD068,add_to_cart,2026-03-31 06:21:25,2
2240,SES00601,PROD026,view_product,2026-03-16 22:47:13,1
2241,SES00601,PROD007,view_product,2026-03-16 22:47:34,1
2242,SES00601,PROD064,view_product,2026-03-16 22:48:54,1
2243,SES00602,PROD037,view_product,2026-02-01 17:40:38,1
2244,SES00603,PROD005,view_product,2026-01-01 10:51:17,1
2245,SES00603,PROD069,view_product,2026-01-01 10:54:12,1
2246,SES00603,PROD068,view_product,2026-01-01 10:54:26,1
2247,SES00603,PROD006,view_product,2026-01-01 10:54:53,1
2248,SES00604,PROD052,view_product,2026-02-10 07:13:43,1
2249,SES00604,PROD011,view_product,2026-02-10 07:15:59,1
2250,SES00604,PROD072,view_product,2026-02-10 07:18:45,1
2251,SES00604,PROD011,add_to_cart,2026-02-10 07:20:56,1
2252,SES00604,PROD011,begin_checkout,2026-02-10 07:22:28,1
2253,SES00605,PROD018,view_product,2026-01-10 23:25:11,1
2254,SES00606,PROD093,view_product,2026-03-12 07:40:24,1
2255,SES00606,PROD048,view_product,2026-03-12 07:40:35,1
2256,SES00607,PROD039,view_product,2026-01-26 05:07:27,1
2257,SES00607,PROD039,add_to_cart,2026-01-26 05:08:25,1
2258,SES00608,PROD082,view_product,2026-02-01 00:08:19,1
2259,SES00608,PROD058,view_product,2026-02-01 00:10:44,1
2260,SES00608,PROD086,view_product,2026-02-01 00:11:55,1
2261,SES00608,PROD016,view_product,2026-02-01 00:14:32,1
2262,SES00609,PROD099,view_product,2026-03-17 00:23:58,1
2263,SES00609,PROD038,view_product,2026-03-17 00:25:38,1
2264,SES00609,PROD092,view_product,2026-03-17 00:28:10,1
2265,SES00610,PROD008,view_product,2026-03-25 02:19:28,1
2266,SES00610,PROD028,view_product,2026-03-25 02:21:37,1
2267,SES00610,PROD002,view_product,2026-03-25 02:23:25,1
2268,SES00610,PROD086,view_product,2026-03-25 02:24:23,1
2269,SES00611,PROD091,view_product,2026-03-17 05:30:53,1
2270,SES00611,PROD059,view_product,2026-03-17 05:33:12,1
2271,SES00611,PROD084,view_product,2026-03-17 05:33:49,1
2272,SES00612,PROD025,view_product,2026-02-13 22:15:25,1
2273,SES00612,PROD009,view_product,2026-02-13 22:16:53,1
2274,SES00612,PROD036,view_product,2026-02-13 22:19:30,1
2275,SES00612,PROD055,view_product,2026-02-13 22:22:25,1
2276,SES00612,PROD055,add_to_cart,2026-02-13 22:25:50,2
2277,SES00612,PROD055,begin_checkout,2026-02-13 22:26:28,2
2278,SES00613,PROD071,view_product,2026-03-06 06:18:49,1
2279,SES00613,PROD071,add_to_cart,2026-03-06 06:21:12,1
2280,SES00613,PROD071,begin_checkout,2026-03-06 06:24:32,1
2281,SES00613,PROD071,purchase,2026-03-06 06:30:11,1
2282,SES00614,PROD077,view_product,2026-02-11 00:44:33,1
2283,SES00614,PROD036,view_product,2026-02-11 00:47:18,1
2284,SES00615,PROD007,view_product,2026-03-15 09:03:05,1
2285,SES00616,PROD051,view_product,2026-01-27 17:53:19,1
2286,SES00616,PROD013,view_product,2026-01-27 17:55:35,1
2287,SES00616,PROD029,view_product,2026-01-27 17:56:37,1
2288,SES00616,PROD094,view_product,2026-01-27 17:57:30,1
2289,SES00617,PROD065,view_product,2026-02-27 21:33:28,1
2290,SES00617,PROD090,view_product,2026-02-27 21:35:40,1
2291,SES00618,PROD022,view_product,2026-03-08 19:01:21,1
2292,SES00618,PROD022,add_to_cart,2026-03-08 19:01:39,1
2293,SES00619,PROD077,view_product,2026-01-26 14:48:04,1
2294,SES00620,PROD073,view_product,2026-01-25 00:45:51,1
2295,SES00621,PROD058,view_product,2026-01-15 05:35:25,1
2296,SES00621,PROD063,view_product,2026-01-15 05:37:54,1
2297,SES00621,PROD095,view_product,2026-01-15 05:39:09,1
2298,SES00622,PROD100,view_product,2026-03-22 08:49:04,1
2299,SES00622,PROD085,view_product,2026-03-22 08:51:26,1
2300,SES00622,PROD077,view_product,2026-03-22 08:54:19,1
2301,SES00622,PROD062,view_product,2026-03-22 08:54:34,1
2302,SES00622,PROD015,view_product,2026-03-22 08:55:21,1
2303,SES00623,PROD032,view_product,2026-03-06 00:28:47,1
2304,SES00624,PROD082,view_product,2026-02-04 21:33:01,1
2305,SES00624,PROD014,view_product,2026-02-04 21:35:06,1
2306,SES00624,PROD036,view_product,2026-02-04 21:37:30,1
2307,SES00624,PROD081,view_product,2026-02-04 21:38:24,1
2308,SES00624,PROD036,add_to_cart,2026-02-04 21:40:19,2
2309,SES00624,PROD036,begin_checkout,2026-02-04 21:43:10,2
2310,SES00625,PROD073,view_product,2026-02-03 07:53:26,1
2311,SES00625,PROD045,view_product,2026-02-03 07:55:43,1
2312,SES00625,PROD037,view_product,2026-02-03 07:56:30,1
2313,SES00625,PROD015,view_product,2026-02-03 07:58:39,1
2314,SES00626,PROD009,view_product,2026-02-24 04:35:50,1
2315,SES00626,PROD038,view_product,2026-02-24 04:36:10,1
2316,SES00626,PROD002,view_product,2026-02-24 04:37:15,1
2317,SES00626,PROD002,add_to_cart,2026-02-24 04:39:35,1
2318,SES00626,PROD002,begin_checkout,2026-02-24 04:43:45,1
2319,SES00626,PROD002,purchase,2026-02-24 04:44:45,1
2320,SES00627,PROD020,view_product,2026-03-18 05:48:45,1
2321,SES00627,PROD012,view_product,2026-03-18 05:50:45,1
2322,SES00627,PROD092,view_product,2026-03-18 05:53:24,1
2323,SES00627,PROD035,view_product,2026-03-18 05:53:54,1
2324,SES00627,PROD019,view_product,2026-03-18 05:55:18,1
2325,SES00627,PROD035,add_to_cart,2026-03-18 05:56:36,2
2326,SES00628,PROD077,view_product,2026-03-29 18:53:41,1
2327,SES00628,PROD040,view_product,2026-03-29 18:55:42,1
2328,SES00628,PROD023,view_product,2026-03-29 18:57:14,1
2329,SES00629,PROD040,view_product,2026-01-27 06:37:58,1
2330,SES00629,PROD011,view_product,2026-01-27 06:40:48,1
2331,SES00629,PROD039,view_product,2026-01-27 06:42:56,1
2332,SES00630,PROD065,view_product,2026-02-12 10:03:43,1
2333,SES00630,PROD088,view_product,2026-02-12 10:05:52,1
2334,SES00630,PROD092,view_product,2026-02-12 10:07:32,1
2335,SES00631,PROD012,view_product,2026-03-23 08:05:04,1
2336,SES00631,PROD097,view_product,2026-03-23 08:06:16,1
2337,SES00631,PROD018,view_product,2026-03-23 08:08:54,1
2338,SES00631,PROD079,view_product,2026-03-23 08:11:15,1
2339,SES00631,PROD018,add_to_cart,2026-03-23 08:15:06,1
2340,SES00631,PROD018,begin_checkout,2026-03-23 08:19:02,1
2341,SES00632,PROD035,view_product,2026-02-20 07:05:44,1
2342,SES00632,PROD035,add_to_cart,2026-02-20 07:08:23,2
2343,SES00632,PROD035,begin_checkout,2026-02-20 07:11:42,2
2344,SES00633,PROD067,view_product,2026-03-17 19:11:31,1
2345,SES00633,PROD019,view_product,2026-03-17 19:13:47,1
2346,SES00633,PROD067,add_to_cart,2026-03-17 19:15:21,1
2347,SES00634,PROD009,view_product,2026-03-20 05:13:33,1
2348,SES00634,PROD009,add_to_cart,2026-03-20 05:14:51,1
2349,SES00634,PROD009,begin_checkout,2026-03-20 05:19:23,1
2350,SES00635,PROD031,view_product,2026-03-31 21:51:39,1
2351,SES00635,PROD070,view_product,2026-03-31 21:54:25,1
2352,SES00636,PROD024,view_product,2026-03-01 22:05:46,1
2353,SES00637,PROD038,view_product,2026-03-14 00:14:30,1
2354,SES00637,PROD086,view_product,2026-03-14 00:16:14,1
2355,SES00637,PROD013,view_product,2026-03-14 00:19:14,1
2356,SES00637,PROD076,view_product,2026-03-14 00:20:34,1
2357,SES00637,PROD038,add_to_cart,2026-03-14 00:24:17,1
2358,SES00637,PROD038,begin_checkout,2026-03-14 00:25:01,1
2359,SES00637,PROD038,purchase,2026-03-14 00:28:04,1
2360,SES00638,PROD006,view_product,2026-03-04 15:14:53,1
2361,SES00638,PROD046,view_product,2026-03-04 15:16:13,1
2362,SES00638,PROD018,view_product,2026-03-04 15:16:25,1
2363,SES00638,PROD060,view_product,2026-03-04 15:17:15,1
2364,SES00638,PROD046,add_to_cart,2026-03-04 15:20:30,1
2365,SES00638,PROD046,begin_checkout,2026-03-04 15:25:22,1
2366,SES00638,PROD046,purchase,2026-03-04 15:28:57,1
2367,SES00639,PROD051,view_product,2026-03-11 10:31:57,1
2368,SES00639,PROD009,view_product,2026-03-11 10:33:43,1
2369,SES00639,PROD083,view_product,2026-03-11 10:35:53,1
2370,SES00640,PROD076,view_product,2026-03-17 06:51:08,1
2371,SES00640,PROD075,view_product,2026-03-17 06:53:56,1
2372,SES00640,PROD045,view_product,2026-03-17 06:55:49,1
2373,SES00640,PROD076,add_to_cart,2026-03-17 06:56:44,2
2374,SES00640,PROD076,begin_checkout,2026-03-17 06:58:08,2
2375,SES00640,PROD076,purchase,2026-03-17 07:07:15,2
2376,SES00641,PROD094,view_product,2026-03-31 01:25:20,1
2377,SES00641,PROD050,view_product,2026-03-31 01:25:46,1
2378,SES00641,PROD050,add_to_cart,2026-03-31 01:29:37,1
2379,SES00642,PROD014,view_product,2026-03-03 07:03:04,1
2380,SES00642,PROD090,view_product,2026-03-03 07:03:48,1
2381,SES00642,PROD058,view_product,2026-03-03 07:06:41,1
2382,SES00643,PROD056,view_product,2026-02-16 11:29:59,1
2383,SES00643,PROD068,view_product,2026-02-16 11:30:31,1
2384,SES00644,PROD047,view_product,2026-01-20 18:18:48,1
2385,SES00645,PROD064,view_product,2026-02-03 01:57:11,1
2386,SES00645,PROD025,view_product,2026-02-03 01:58:51,1
2387,SES00645,PROD027,view_product,2026-02-03 02:00:32,1
2388,SES00645,PROD074,view_product,2026-02-03 02:03:20,1
2389,SES00645,PROD061,view_product,2026-02-03 02:05:53,1
2390,SES00646,PROD073,view_product,2026-02-12 14:40:06,1
2391,SES00646,PROD073,add_to_cart,2026-02-12 14:42:28,1
2392,SES00646,PROD073,begin_checkout,2026-02-12 14:45:47,1
2393,SES00647,PROD009,view_product,2026-01-29 03:30:56,1
2394,SES00647,PROD021,view_product,2026-01-29 03:33:22,1
2395,SES00647,PROD037,view_product,2026-01-29 03:35:59,1
2396,SES00647,PROD037,add_to_cart,2026-01-29 03:38:22,2
2397,SES00647,PROD037,begin_checkout,2026-01-29 03:39:21,2
2398,SES00648,PROD084,view_product,2026-02-26 13:59:06,1
2399,SES00648,PROD004,view_product,2026-02-26 14:01:03,1
2400,SES00648,PROD005,view_product,2026-02-26 14:02:19,1
2401,SES00648,PROD084,add_to_cart,2026-02-26 14:04:54,1
2402,SES00649,PROD073,view_product,2026-03-30 13:54:16,1
2403,SES00650,PROD011,view_product,2026-01-07 20:53:43,1
2404,SES00650,PROD071,view_product,2026-01-07 20:54:19,1
2405,SES00650,PROD062,view_product,2026-01-07 20:54:38,1
2406,SES00650,PROD017,view_product,2026-01-07 20:56:55,1
2407,SES00650,PROD035,view_product,2026-01-07 20:59:14,1
2408,SES00650,PROD062,add_to_cart,2026-01-07 21:00:46,1
2409,SES00651,PROD069,view_product,2026-01-23 02:44:15,1
2410,SES00651,PROD078,view_product,2026-01-23 02:44:29,1
2411,SES00652,PROD018,view_product,2026-03-09 12:31:22,1
2412,SES00652,PROD015,view_product,2026-03-09 12:33:02,1
2413,SES00652,PROD057,view_product,2026-03-09 12:34:01,1
2414,SES00652,PROD016,view_product,2026-03-09 12:35:38,1
2415,SES00652,PROD079,view_product,2026-03-09 12:37:39,1
2416,SES00653,PROD073,view_product,2026-01-01 23:25:26,1
2417,SES00653,PROD006,view_product,2026-01-01 23:25:55,1
2418,SES00653,PROD002,view_product,2026-01-01 23:26:19,1
2419,SES00653,PROD093,view_product,2026-01-01 23:27:01,1
2420,SES00653,PROD032,view_product,2026-01-01 23:29:03,1
2421,SES00653,PROD073,add_to_cart,2026-01-01 23:31:52,1
2422,SES00654,PROD010,view_product,2026-02-28 20:23:29,1
2423,SES00655,PROD092,view_product,2026-03-21 07:55:42,1
2424,SES00655,PROD039,view_product,2026-03-21 07:57:06,1
2425,SES00655,PROD047,view_product,2026-03-21 08:00:03,1
2426,SES00655,PROD100,view_product,2026-03-21 08:01:15,1
2427,SES00656,PROD091,view_product,2026-02-18 21:07:16,1
2428,SES00656,PROD080,view_product,2026-02-18 21:08:18,1
2429,SES00656,PROD063,view_product,2026-02-18 21:09:03,1
2430,SES00656,PROD036,view_product,2026-02-18 21:11:26,1
2431,SES00656,PROD080,add_to_cart,2026-02-18 21:14:46,1
2432,SES00657,PROD003,view_product,2026-02-12 17:57:31,1
2433,SES00658,PROD079,view_product,2026-01-30 04:00:59,1
2434,SES00658,PROD050,view_product,2026-01-30 04:02:46,1
2435,SES00658,PROD064,view_product,2026-01-30 04:04:34,1
2436,SES00659,PROD005,view_product,2026-03-06 01:45:56,1
2437,SES00659,PROD070,view_product,2026-03-06 01:46:12,1
2438,SES00659,PROD098,view_product,2026-03-06 01:48:57,1
2439,SES00660,PROD044,view_product,2026-01-26 11:47:33,1
2440,SES00661,PROD093,view_product,2026-03-15 01:15:22,1
2441,SES00661,PROD087,view_product,2026-03-15 01:17:20,1
2442,SES00661,PROD037,view_product,2026-03-15 01:19:56,1
2443,SES00661,PROD069,view_product,2026-03-15 01:22:31,1
2444,SES00662,PROD002,view_product,2026-03-21 08:59:08,1
2445,SES00662,PROD036,view_product,2026-03-21 08:59:39,1
2446,SES00663,PROD035,view_product,2026-02-25 10:46:05,1
2447,SES00663,PROD085,view_product,2026-02-25 10:48:50,1
2448,SES00663,PROD033,view_product,2026-02-25 10:49:03,1
2449,SES00663,PROD033,add_to_cart,2026-02-25 10:52:52,1
2450,SES00663,PROD033,begin_checkout,2026-02-25 10:54:53,1
2451,SES00663,PROD033,purchase,2026-02-25 10:56:10,1
2452,SES00664,PROD008,view_product,2026-02-16 15:00:41,1
2453,SES00664,PROD075,view_product,2026-02-16 15:03:12,1
2454,SES00664,PROD011,view_product,2026-02-16 15:04:42,1
2455,SES00664,PROD036,view_product,2026-02-16 15:05:08,1
2456,SES00665,PROD019,view_product,2026-02-09 04:49:23,1
2457,SES00665,PROD080,view_product,2026-02-09 04:49:45,1
2458,SES00665,PROD019,add_to_cart,2026-02-09 04:52:09,1
2459,SES00666,PROD033,view_product,2026-03-11 15:35:32,1
2460,SES00666,PROD003,view_product,2026-03-11 15:38:00,1
2461,SES00666,PROD087,view_product,2026-03-11 15:38:21,1
2462,SES00667,PROD042,view_product,2026-02-13 02:11:15,1
2463,SES00667,PROD074,view_product,2026-02-13 02:13:11,1
2464,SES00667,PROD074,add_to_cart,2026-02-13 02:14:02,2
2465,SES00667,PROD074,begin_checkout,2026-02-13 02:17:36,2
2466,SES00667,PROD074,purchase,2026-02-13 02:25:33,2
2467,SES00668,PROD020,view_product,2026-03-02 09:10:49,1
2468,SES00668,PROD076,view_product,2026-03-02 09:13:34,1
2469,SES00668,PROD004,view_product,2026-03-02 09:14:38,1
2470,SES00669,PROD049,view_product,2026-02-19 08:09:19,1
2471,SES00669,PROD075,view_product,2026-02-19 08:12:17,1
2472,SES00670,PROD065,view_product,2026-01-08 12:10:52,1
2473,SES00670,PROD074,view_product,2026-01-08 12:13:19,1
2474,SES00670,PROD081,view_product,2026-01-08 12:14:00,1
2475,SES00670,PROD071,view_product,2026-01-08 12:16:25,1
2476,SES00670,PROD094,view_product,2026-01-08 12:16:48,1
2477,SES00671,PROD032,view_product,2026-01-31 18:33:02,1
2478,SES00671,PROD043,view_product,2026-01-31 18:34:11,1
2479,SES00671,PROD099,view_product,2026-01-31 18:36:17,1
2480,SES00671,PROD032,add_to_cart,2026-01-31 18:38:25,1
2481,SES00672,PROD047,view_product,2026-02-05 03:17:36,1
2482,SES00673,PROD069,view_product,2026-02-06 07:25:08,1
2483,SES00673,PROD032,view_product,2026-02-06 07:27:47,1
2484,SES00674,PROD065,view_product,2026-02-05 03:58:02,1
2485,SES00674,PROD019,view_product,2026-02-05 03:59:02,1
2486,SES00674,PROD074,view_product,2026-02-05 03:59:58,1
2487,SES00674,PROD064,view_product,2026-02-05 04:02:04,1
2488,SES00674,PROD065,add_to_cart,2026-02-05 04:05:34,1
2489,SES00674,PROD065,begin_checkout,2026-02-05 04:10:04,1
2490,SES00675,PROD017,view_product,2026-03-18 22:40:47,1
2491,SES00676,PROD031,view_product,2026-03-29 19:06:21,1
2492,SES00676,PROD092,view_product,2026-03-29 19:09:02,1
2493,SES00676,PROD038,view_product,2026-03-29 19:11:47,1
2494,SES00676,PROD016,view_product,2026-03-29 19:14:34,1
2495,SES00676,PROD044,view_product,2026-03-29 19:15:11,1
2496,SES00677,PROD095,view_product,2026-02-04 11:08:52,1
2497,SES00677,PROD056,view_product,2026-02-04 11:09:36,1
2498,SES00677,PROD038,view_product,2026-02-04 11:10:32,1
2499,SES00677,PROD097,view_product,2026-02-04 11:13:12,1
2500,SES00678,PROD048,view_product,2026-01-09 03:16:09,1
2501,SES00678,PROD087,view_product,2026-01-09 03:18:11,1
2502,SES00678,PROD084,view_product,2026-01-09 03:19:06,1
2503,SES00678,PROD059,view_product,2026-01-09 03:21:26,1
2504,SES00678,PROD049,view_product,2026-01-09 03:24:06,1
2505,SES00678,PROD048,add_to_cart,2026-01-09 03:26:27,1
2506,SES00678,PROD048,begin_checkout,2026-01-09 03:31:22,1
2507,SES00679,PROD019,view_product,2026-01-28 16:42:53,1
2508,SES00679,PROD006,view_product,2026-01-28 16:44:53,1
2509,SES00680,PROD036,view_product,2026-02-13 15:47:32,1
2510,SES00680,PROD063,view_product,2026-02-13 15:48:25,1
2511,SES00680,PROD057,view_product,2026-02-13 15:49:48,1
2512,SES00681,PROD013,view_product,2026-01-11 07:19:05,1
2513,SES00681,PROD027,view_product,2026-01-11 07:21:25,1
2514,SES00682,PROD063,view_product,2026-03-28 11:21:23,1
2515,SES00682,PROD063,add_to_cart,2026-03-28 11:24:04,2
2516,SES00682,PROD063,begin_checkout,2026-03-28 11:28:21,2
2517,SES00682,PROD063,purchase,2026-03-28 11:37:05,2
2518,SES00683,PROD012,view_product,2026-03-10 19:45:06,1
2519,SES00683,PROD018,view_product,2026-03-10 19:46:46,1
2520,SES00683,PROD036,view_product,2026-03-10 19:47:16,1
2521,SES00684,PROD087,view_product,2026-01-16 05:13:32,1
2522,SES00684,PROD100,view_product,2026-01-16 05:13:51,1
2523,SES00684,PROD010,view_product,2026-01-16 05:15:51,1
2524,SES00684,PROD091,view_product,2026-01-16 05:16:26,1
2525,SES00684,PROD089,view_product,2026-01-16 05:18:49,1
2526,SES00684,PROD089,add_to_cart,2026-01-16 05:22:48,1
2527,SES00685,PROD029,view_product,2026-03-02 21:42:58,1
2528,SES00685,PROD087,view_product,2026-03-02 21:43:46,1
2529,SES00685,PROD026,view_product,2026-03-02 21:46:00,1
2530,SES00685,PROD034,view_product,2026-03-02 21:46:57,1
2531,SES00686,PROD001,view_product,2026-02-06 14:43:14,1
2532,SES00686,PROD056,view_product,2026-02-06 14:45:29,1
2533,SES00687,PROD031,view_product,2026-02-10 14:25:52,1
2534,SES00687,PROD082,view_product,2026-02-10 14:26:48,1
2535,SES00687,PROD045,view_product,2026-02-10 14:28:14,1
2536,SES00687,PROD062,view_product,2026-02-10 14:29:23,1
2537,SES00687,PROD068,view_product,2026-02-10 14:30:47,1
2538,SES00688,PROD029,view_product,2026-02-28 01:05:01,1
2539,SES00689,PROD032,view_product,2026-03-16 04:06:43,1
2540,SES00689,PROD085,view_product,2026-03-16 04:07:38,1
2541,SES00689,PROD055,view_product,2026-03-16 04:09:46,1
2542,SES00690,PROD063,view_product,2026-03-13 15:38:05,1
2543,SES00690,PROD077,view_product,2026-03-13 15:38:22,1
2544,SES00690,PROD053,view_product,2026-03-13 15:39:46,1
2545,SES00690,PROD088,view_product,2026-03-13 15:41:04,1
2546,SES00691,PROD034,view_product,2026-03-18 00:09:11,1
2547,SES00691,PROD087,view_product,2026-03-18 00:11:01,1
2548,SES00691,PROD041,view_product,2026-03-18 00:13:04,1
2549,SES00692,PROD040,view_product,2026-02-17 03:20:38,1
2550,SES00693,PROD079,view_product,2026-01-21 00:29:12,1
2551,SES00693,PROD043,view_product,2026-01-21 00:29:27,1
2552,SES00693,PROD017,view_product,2026-01-21 00:31:14,1
2553,SES00693,PROD078,view_product,2026-01-21 00:31:47,1
2554,SES00693,PROD070,view_product,2026-01-21 00:33:22,1
2555,SES00694,PROD026,view_product,2026-03-29 19:04:10,1
2556,SES00694,PROD021,view_product,2026-03-29 19:05:34,1
2557,SES00694,PROD069,view_product,2026-03-29 19:06:25,1
2558,SES00694,PROD051,view_product,2026-03-29 19:08:10,1
2559,SES00694,PROD092,view_product,2026-03-29 19:09:44,1
2560,SES00695,PROD014,view_product,2026-01-04 12:04:28,1
2561,SES00695,PROD065,view_product,2026-01-04 12:05:50,1
2562,SES00695,PROD051,view_product,2026-01-04 12:07:17,1
2563,SES00695,PROD063,view_product,2026-01-04 12:07:33,1
2564,SES00695,PROD006,view_product,2026-01-04 12:08:41,1
2565,SES00696,PROD017,view_product,2026-03-04 00:03:44,1
2566,SES00696,PROD095,view_product,2026-03-04 00:04:12,1
2567,SES00696,PROD035,view_product,2026-03-04 00:06:31,1
2568,SES00696,PROD011,view_product,2026-03-04 00:08:27,1
2569,SES00696,PROD095,add_to_cart,2026-03-04 00:11:12,1
2570,SES00697,PROD039,view_product,2026-01-31 07:28:37,1
2571,SES00698,PROD029,view_product,2026-02-25 22:40:39,1
2572,SES00699,PROD094,view_product,2026-02-21 18:29:47,1
2573,SES00699,PROD051,view_product,2026-02-21 18:30:24,1
2574,SES00699,PROD048,view_product,2026-02-21 18:32:29,1
2575,SES00699,PROD098,view_product,2026-02-21 18:33:36,1
2576,SES00700,PROD043,view_product,2026-02-13 09:47:34,1
2577,SES00700,PROD019,view_product,2026-02-13 09:48:08,1
2578,SES00700,PROD081,view_product,2026-02-13 09:50:41,1
2579,SES00700,PROD019,add_to_cart,2026-02-13 09:51:17,1
2580,SES00700,PROD019,begin_checkout,2026-02-13 09:55:49,1
2581,SES00700,PROD019,purchase,2026-02-13 10:00:47,1
2582,SES00701,PROD089,view_product,2026-03-20 22:47:22,1
2583,SES00701,PROD073,view_product,2026-03-20 22:47:33,1
2584,SES00701,PROD077,view_product,2026-03-20 22:48:51,1
2585,SES00702,PROD042,view_product,2026-02-22 23:21:03,1
2586,SES00702,PROD060,view_product,2026-02-22 23:23:24,1
2587,SES00703,PROD097,view_product,2026-03-26 06:36:37,1
2588,SES00703,PROD002,view_product,2026-03-26 06:39:00,1
2589,SES00704,PROD081,view_product,2026-01-12 00:53:41,1
2590,SES00704,PROD068,view_product,2026-01-12 00:54:26,1
2591,SES00705,PROD067,view_product,2026-03-11 19:30:33,1
2592,SES00705,PROD042,view_product,2026-03-11 19:33:07,1
2593,SES00705,PROD079,view_product,2026-03-11 19:36:03,1
2594,SES00705,PROD042,add_to_cart,2026-03-11 19:37:10,1
2595,SES00706,PROD027,view_product,2026-02-06 01:05:42,1
2596,SES00706,PROD043,view_product,2026-02-06 01:06:34,1
2597,SES00706,PROD096,view_product,2026-02-06 01:08:58,1
2598,SES00706,PROD093,view_product,2026-02-06 01:11:09,1
2599,SES00706,PROD093,add_to_cart,2026-02-06 01:13:24,1
2600,SES00706,PROD093,begin_checkout,2026-02-06 01:13:56,1
2601,SES00707,PROD077,view_product,2026-03-29 06:20:52,1
2602,SES00707,PROD021,view_product,2026-03-29 06:23:25,1
2603,SES00707,PROD009,view_product,2026-03-29 06:24:32,1
2604,SES00707,PROD045,view_product,2026-03-29 06:26:10,1
2605,SES00708,PROD075,view_product,2026-01-27 15:51:58,1
2606,SES00708,PROD094,view_product,2026-01-27 15:53:51,1
2607,SES00708,PROD040,view_product,2026-01-27 15:55:06,1
2608,SES00708,PROD048,view_product,2026-01-27 15:57:39,1
2609,SES00709,PROD034,view_product,2026-01-15 19:10:42,1
2610,SES00709,PROD073,view_product,2026-01-15 19:11:24,1
2611,SES00710,PROD036,view_product,2026-02-02 01:20:47,1
2612,SES00710,PROD095,view_product,2026-02-02 01:21:40,1
2613,SES00710,PROD079,view_product,2026-02-02 01:21:50,1
2614,SES00710,PROD086,view_product,2026-02-02 01:22:59,1
2615,SES00710,PROD061,view_product,2026-02-02 01:24:04,1
2616,SES00710,PROD061,add_to_cart,2026-02-02 01:25:01,1
2617,SES00710,PROD061,begin_checkout,2026-02-02 01:25:31,1
2618,SES00710,PROD061,purchase,2026-02-02 01:27:24,1
2619,SES00711,PROD098,view_product,2026-02-11 07:17:47,1
2620,SES00711,PROD016,view_product,2026-02-11 07:19:35,1
2621,SES00711,PROD031,view_product,2026-02-11 07:21:46,1
2622,SES00711,PROD072,view_product,2026-02-11 07:23:26,1
2623,SES00711,PROD051,view_product,2026-02-11 07:24:55,1
2624,SES00712,PROD092,view_product,2026-02-28 18:40:56,1
2625,SES00712,PROD019,view_product,2026-02-28 18:42:59,1
2626,SES00712,PROD056,view_product,2026-02-28 18:45:14,1
2627,SES00713,PROD047,view_product,2026-03-29 08:38:00,1
2628,SES00714,PROD049,view_product,2026-03-01 21:40:09,1
2629,SES00714,PROD048,view_product,2026-03-01 21:40:21,1
2630,SES00714,PROD048,add_to_cart,2026-03-01 21:40:37,1
2631,SES00714,PROD048,begin_checkout,2026-03-01 21:43:55,1
2632,SES00714,PROD048,purchase,2026-03-01 21:51:12,1
2633,SES00715,PROD036,view_product,2026-03-11 08:23:05,1
2634,SES00715,PROD081,view_product,2026-03-11 08:23:22,1
2635,SES00715,PROD008,view_product,2026-03-11 08:25:32,1
2636,SES00716,PROD014,view_product,2026-02-15 23:13:42,1
2637,SES00716,PROD005,view_product,2026-02-15 23:14:37,1
2638,SES00716,PROD048,view_product,2026-02-15 23:15:20,1
2639,SES00716,PROD004,view_product,2026-02-15 23:15:51,1
2640,SES00716,PROD079,view_product,2026-02-15 23:17:48,1
2641,SES00717,PROD036,view_product,2026-03-10 23:48:02,1
2642,SES00717,PROD025,view_product,2026-03-10 23:49:37,1
2643,SES00717,PROD084,view_product,2026-03-10 23:51:08,1
2644,SES00717,PROD079,view_product,2026-03-10 23:52:01,1
2645,SES00717,PROD095,view_product,2026-03-10 23:54:41,1
2646,SES00718,PROD009,view_product,2026-02-09 03:28:39,1
2647,SES00719,PROD026,view_product,2026-01-09 03:42:32,1
2648,SES00719,PROD089,view_product,2026-01-09 03:42:42,1
2649,SES00719,PROD065,view_product,2026-01-09 03:44:11,1
2650,SES00719,PROD053,view_product,2026-01-09 03:45:31,1
2651,SES00719,PROD023,view_product,2026-01-09 03:48:04,1
2652,SES00719,PROD065,add_to_cart,2026-01-09 03:51:53,1
2653,SES00720,PROD024,view_product,2026-01-12 06:56:04,1
2654,SES00721,PROD059,view_product,2026-03-16 10:36:48,1
2655,SES00721,PROD011,view_product,2026-03-16 10:38:16,1
2656,SES00721,PROD093,view_product,2026-03-16 10:41:10,1
2657,SES00722,PROD049,view_product,2026-03-14 13:36:39,1
2658,SES00722,PROD049,add_to_cart,2026-03-14 13:38:39,1
2659,SES00722,PROD049,begin_checkout,2026-03-14 13:40:45,1
2660,SES00723,PROD075,view_product,2026-03-09 17:28:35,1
2661,SES00723,PROD047,view_product,2026-03-09 17:30:58,1
2662,SES00723,PROD045,view_product,2026-03-09 17:33:03,1
2663,SES00724,PROD027,view_product,2026-03-23 01:04:17,1
2664,SES00724,PROD090,view_product,2026-03-23 01:05:20,1
2665,SES00724,PROD056,view_product,2026-03-23 01:06:57,1
2666,SES00724,PROD045,view_product,2026-03-23 01:09:15,1
2667,SES00724,PROD083,view_product,2026-03-23 01:11:46,1
2668,SES00725,PROD005,view_product,2026-03-17 02:13:22,1
2669,SES00725,PROD015,view_product,2026-03-17 02:16:13,1
2670,SES00725,PROD067,view_product,2026-03-17 02:17:10,1
2671,SES00726,PROD042,view_product,2026-03-25 17:41:16,1
2672,SES00727,PROD083,view_product,2026-01-01 18:25:56,1
2673,SES00727,PROD013,view_product,2026-01-01 18:27:24,1
2674,SES00727,PROD024,view_product,2026-01-01 18:28:15,1
2675,SES00728,PROD094,view_product,2026-03-20 13:38:34,1
2676,SES00728,PROD052,view_product,2026-03-20 13:40:19,1
2677,SES00728,PROD061,view_product,2026-03-20 13:43:02,1
2678,SES00728,PROD032,view_product,2026-03-20 13:44:38,1
2679,SES00729,PROD014,view_product,2026-01-23 18:00:33,1
2680,SES00729,PROD054,view_product,2026-01-23 18:02:25,1
2681,SES00729,PROD055,view_product,2026-01-23 18:05:06,1
2682,SES00729,PROD100,view_product,2026-01-23 18:05:23,1
2683,SES00729,PROD035,view_product,2026-01-23 18:06:14,1
2684,SES00730,PROD026,view_product,2026-03-28 01:57:58,1
2685,SES00730,PROD073,view_product,2026-03-28 01:59:33,1
2686,SES00730,PROD097,view_product,2026-03-28 01:59:56,1
2687,SES00730,PROD018,view_product,2026-03-28 02:00:29,1
2688,SES00730,PROD017,view_product,2026-03-28 02:01:58,1
2689,SES00731,PROD026,view_product,2026-03-06 10:45:24,1
2690,SES00731,PROD023,view_product,2026-03-06 10:46:52,1
2691,SES00731,PROD026,add_to_cart,2026-03-06 10:48:58,2
2692,SES00731,PROD026,begin_checkout,2026-03-06 10:51:33,2
2693,SES00731,PROD026,purchase,2026-03-06 10:58:56,2
2694,SES00732,PROD086,view_product,2026-02-23 09:12:52,1
2695,SES00732,PROD049,view_product,2026-02-23 09:13:26,1
2696,SES00732,PROD060,view_product,2026-02-23 09:15:15,1
2697,SES00732,PROD091,view_product,2026-02-23 09:15:57,1
2698,SES00732,PROD049,add_to_cart,2026-02-23 09:17:35,1
2699,SES00733,PROD010,view_product,2026-03-12 21:56:05,1
2700,SES00733,PROD045,view_product,2026-03-12 21:56:21,1
2701,SES00733,PROD063,view_product,2026-03-12 21:57:27,1
2702,SES00733,PROD086,view_product,2026-03-12 22:00:12,1
2703,SES00733,PROD095,view_product,2026-03-12 22:01:07,1
2704,SES00734,PROD010,view_product,2026-03-31 23:36:32,1
2705,SES00734,PROD083,view_product,2026-03-31 23:37:30,1
2706,SES00734,PROD030,view_product,2026-03-31 23:37:51,1
2707,SES00734,PROD018,view_product,2026-03-31 23:38:55,1
2708,SES00734,PROD010,add_to_cart,2026-03-31 23:41:57,1
2709,SES00734,PROD010,begin_checkout,2026-03-31 23:43:44,1
2710,SES00734,PROD010,purchase,2026-03-31 23:51:20,1
2711,SES00735,PROD014,view_product,2026-02-10 22:43:40,1
2712,SES00735,PROD060,view_product,2026-02-10 22:46:37,1
2713,SES00735,PROD011,view_product,2026-02-10 22:48:30,1
2714,SES00735,PROD045,view_product,2026-02-10 22:48:43,1
2715,SES00735,PROD088,view_product,2026-02-10 22:49:34,1
2716,SES00735,PROD088,add_to_cart,2026-02-10 22:52:44,1
2717,SES00735,PROD088,begin_checkout,2026-02-10 22:57:22,1
2718,SES00736,PROD078,view_product,2026-01-06 07:03:18,1
2719,SES00737,PROD055,view_product,2026-03-23 23:05:05,1
2720,SES00737,PROD069,view_product,2026-03-23 23:05:35,1
2721,SES00737,PROD069,add_to_cart,2026-03-23 23:08:51,2
2722,SES00737,PROD069,begin_checkout,2026-03-23 23:11:02,2
2723,SES00737,PROD069,purchase,2026-03-23 23:19:47,2
2724,SES00738,PROD088,view_product,2026-03-26 06:22:10,1
2725,SES00738,PROD048,view_product,2026-03-26 06:22:26,1
2726,SES00738,PROD033,view_product,2026-03-26 06:24:54,1
2727,SES00738,PROD055,view_product,2026-03-26 06:26:12,1
2728,SES00738,PROD044,view_product,2026-03-26 06:27:07,1
2729,SES00738,PROD055,add_to_cart,2026-03-26 06:28:45,1
2730,SES00738,PROD055,begin_checkout,2026-03-26 06:29:33,1
2731,SES00738,PROD055,purchase,2026-03-26 06:36:38,1
2732,SES00739,PROD056,view_product,2026-01-10 04:25:00,1
2733,SES00739,PROD036,view_product,2026-01-10 04:26:12,1
2734,SES00739,PROD045,view_product,2026-01-10 04:28:36,1
2735,SES00739,PROD059,view_product,2026-01-10 04:31:11,1
2736,SES00740,PROD049,view_product,2026-01-15 05:59:32,1
2737,SES00741,PROD093,view_product,2026-03-29 19:59:17,1
2738,SES00741,PROD084,view_product,2026-03-29 20:01:17,1
2739,SES00741,PROD096,view_product,2026-03-29 20:01:56,1
2740,SES00742,PROD048,view_product,2026-02-19 21:50:32,1
2741,SES00743,PROD086,view_product,2026-03-14 12:21:19,1
2742,SES00743,PROD006,view_product,2026-03-14 12:22:38,1
2743,SES00743,PROD078,view_product,2026-03-14 12:22:49,1
2744,SES00743,PROD052,view_product,2026-03-14 12:24:43,1
2745,SES00743,PROD024,view_product,2026-03-14 12:25:46,1
2746,SES00743,PROD052,add_to_cart,2026-03-14 12:27:11,1
2747,SES00743,PROD052,begin_checkout,2026-03-14 12:30:23,1
2748,SES00743,PROD052,purchase,2026-03-14 12:35:13,1
2749,SES00744,PROD076,view_product,2026-01-28 22:43:18,1
2750,SES00744,PROD054,view_product,2026-01-28 22:45:46,1
2751,SES00744,PROD082,view_product,2026-01-28 22:47:35,1
2752,SES00744,PROD077,view_product,2026-01-28 22:49:46,1
2753,SES00745,PROD027,view_product,2026-03-20 09:48:11,1
2754,SES00745,PROD069,view_product,2026-03-20 09:49:26,1
2755,SES00745,PROD090,view_product,2026-03-20 09:51:19,1
2756,SES00745,PROD022,view_product,2026-03-20 09:51:37,1
2757,SES00746,PROD096,view_product,2026-02-17 05:44:44,1
2758,SES00746,PROD068,view_product,2026-02-17 05:46:11,1
2759,SES00746,PROD068,add_to_cart,2026-02-17 05:48:25,1
2760,SES00746,PROD068,begin_checkout,2026-02-17 05:50:20,1
2761,SES00746,PROD068,purchase,2026-02-17 05:58:41,1
2762,SES00747,PROD069,view_product,2026-03-04 00:36:33,1
2763,SES00747,PROD017,view_product,2026-03-04 00:37:07,1
2764,SES00747,PROD049,view_product,2026-03-04 00:38:58,1
2765,SES00747,PROD078,view_product,2026-03-04 00:40:03,1
2766,SES00747,PROD069,add_to_cart,2026-03-04 00:41:03,1
2767,SES00748,PROD077,view_product,2026-03-29 08:28:03,1
2768,SES00748,PROD036,view_product,2026-03-29 08:30:54,1
2769,SES00748,PROD041,view_product,2026-03-29 08:31:31,1
2770,SES00748,PROD099,view_product,2026-03-29 08:34:31,1
2771,SES00749,PROD051,view_product,2026-03-15 23:02:56,1
2772,SES00749,PROD029,view_product,2026-03-15 23:04:19,1
2773,SES00749,PROD052,view_product,2026-03-15 23:06:24,1
2774,SES00749,PROD064,view_product,2026-03-15 23:07:14,1
2775,SES00749,PROD097,view_product,2026-03-15 23:08:09,1
2776,SES00750,PROD050,view_product,2026-03-16 01:48:39,1
2777,SES00751,PROD018,view_product,2026-02-09 20:06:01,1
2778,SES00751,PROD079,view_product,2026-02-09 20:08:19,1
2779,SES00752,PROD081,view_product,2026-01-03 05:12:37,1
2780,SES00752,PROD061,view_product,2026-01-03 05:15:20,1
2781,SES00752,PROD088,view_product,2026-01-03 05:18:17,1
2782,SES00752,PROD012,view_product,2026-01-03 05:20:06,1
2783,SES00752,PROD048,view_product,2026-01-03 05:22:37,1
2784,SES00753,PROD061,view_product,2026-02-14 10:41:44,1
2785,SES00753,PROD092,view_product,2026-02-14 10:43:16,1
2786,SES00753,PROD061,add_to_cart,2026-02-14 10:44:23,2
2787,SES00753,PROD061,begin_checkout,2026-02-14 10:48:48,2
2788,SES00753,PROD061,purchase,2026-02-14 10:57:22,2
2789,SES00754,PROD001,view_product,2026-03-31 08:07:24,1
2790,SES00755,PROD092,view_product,2026-03-25 17:02:42,1
2791,SES00755,PROD069,view_product,2026-03-25 17:05:37,1
2792,SES00755,PROD016,view_product,2026-03-25 17:08:03,1
2793,SES00756,PROD047,view_product,2026-01-06 19:20:35,1
2794,SES00757,PROD098,view_product,2026-03-27 19:21:08,1
2795,SES00757,PROD075,view_product,2026-03-27 19:22:01,1
2796,SES00757,PROD097,view_product,2026-03-27 19:23:44,1
2797,SES00758,PROD083,view_product,2026-03-19 05:48:30,1
2798,SES00758,PROD089,view_product,2026-03-19 05:50:45,1
2799,SES00758,PROD010,view_product,2026-03-19 05:51:57,1
2800,SES00759,PROD036,view_product,2026-03-06 01:15:40,1
2801,SES00759,PROD077,view_product,2026-03-06 01:18:03,1
2802,SES00759,PROD005,view_product,2026-03-06 01:19:26,1
2803,SES00759,PROD098,view_product,2026-03-06 01:19:42,1
2804,SES00759,PROD018,view_product,2026-03-06 01:20:48,1
2805,SES00760,PROD061,view_product,2026-01-30 18:35:58,1
2806,SES00760,PROD092,view_product,2026-01-30 18:36:47,1
2807,SES00760,PROD057,view_product,2026-01-30 18:37:29,1
2808,SES00760,PROD092,add_to_cart,2026-01-30 18:38:49,2
2809,SES00761,PROD093,view_product,2026-03-26 08:31:27,1
2810,SES00761,PROD066,view_product,2026-03-26 08:33:20,1
2811,SES00761,PROD096,view_product,2026-03-26 08:35:32,1
2812,SES00762,PROD048,view_product,2026-01-16 03:15:33,1
2813,SES00762,PROD049,view_product,2026-01-16 03:17:46,1
2814,SES00762,PROD063,view_product,2026-01-16 03:18:40,1
2815,SES00762,PROD083,view_product,2026-01-16 03:20:53,1
2816,SES00762,PROD022,view_product,2026-01-16 03:22:40,1
2817,SES00762,PROD048,add_to_cart,2026-01-16 03:24:14,1
2818,SES00762,PROD048,begin_checkout,2026-01-16 03:26:00,1
2819,SES00762,PROD048,purchase,2026-01-16 03:29:02,1
2820,SES00763,PROD030,view_product,2026-02-02 04:26:05,1
2821,SES00763,PROD095,view_product,2026-02-02 04:27:57,1
2822,SES00763,PROD026,view_product,2026-02-02 04:30:47,1
2823,SES00763,PROD047,view_product,2026-02-02 04:31:22,1
2824,SES00763,PROD086,view_product,2026-02-02 04:32:56,1
2825,SES00764,PROD058,view_product,2026-03-24 04:46:37,1
2826,SES00765,PROD030,view_product,2026-01-18 17:43:15,1
2827,SES00765,PROD089,view_product,2026-01-18 17:44:10,1
2828,SES00765,PROD089,add_to_cart,2026-01-18 17:44:48,1
2829,SES00766,PROD032,view_product,2026-03-03 10:28:28,1
2830,SES00766,PROD075,view_product,2026-03-03 10:30:40,1
2831,SES00767,PROD015,view_product,2026-02-19 23:00:37,1
2832,SES00767,PROD057,view_product,2026-02-19 23:01:12,1
2833,SES00767,PROD011,view_product,2026-02-19 23:03:40,1
2834,SES00767,PROD061,view_product,2026-02-19 23:06:20,1
2835,SES00767,PROD061,add_to_cart,2026-02-19 23:06:37,1
2836,SES00767,PROD061,begin_checkout,2026-02-19 23:08:04,1
2837,SES00768,PROD001,view_product,2026-03-26 14:12:26,1
2838,SES00768,PROD033,view_product,2026-03-26 14:13:45,1
2839,SES00768,PROD097,view_product,2026-03-26 14:16:01,1
2840,SES00768,PROD053,view_product,2026-03-26 14:18:52,1
2841,SES00768,PROD053,add_to_cart,2026-03-26 14:21:52,1
2842,SES00768,PROD053,begin_checkout,2026-03-26 14:24:29,1
2843,SES00768,PROD053,purchase,2026-03-26 14:34:04,1
2844,SES00769,PROD061,view_product,2026-03-13 08:10:41,1
2845,SES00769,PROD064,view_product,2026-03-13 08:12:08,1
2846,SES00769,PROD021,view_product,2026-03-13 08:12:42,1
2847,SES00769,PROD023,view_product,2026-03-13 08:14:45,1
2848,SES00769,PROD009,view_product,2026-03-13 08:16:22,1
2849,SES00770,PROD065,view_product,2026-03-17 14:45:24,1
2850,SES00770,PROD040,view_product,2026-03-17 14:47:34,1
2851,SES00770,PROD041,view_product,2026-03-17 14:48:10,1
2852,SES00771,PROD025,view_product,2026-01-21 10:02:47,1
2853,SES00771,PROD099,view_product,2026-01-21 10:03:40,1
2854,SES00772,PROD100,view_product,2026-02-20 03:28:30,1
2855,SES00772,PROD093,view_product,2026-02-20 03:30:40,1
2856,SES00772,PROD035,view_product,2026-02-20 03:32:07,1
2857,SES00772,PROD030,view_product,2026-02-20 03:33:51,1
2858,SES00772,PROD035,add_to_cart,2026-02-20 03:37:38,1
2859,SES00773,PROD008,view_product,2026-02-08 05:01:56,1
2860,SES00773,PROD053,view_product,2026-02-08 05:04:02,1
2861,SES00773,PROD046,view_product,2026-02-08 05:05:22,1
2862,SES00773,PROD083,view_product,2026-02-08 05:05:36,1
2863,SES00774,PROD055,view_product,2026-01-25 20:24:02,1
2864,SES00774,PROD049,view_product,2026-01-25 20:26:35,1
2865,SES00774,PROD042,view_product,2026-01-25 20:27:36,1
2866,SES00775,PROD093,view_product,2026-01-27 14:24:58,1
2867,SES00775,PROD062,view_product,2026-01-27 14:25:19,1
2868,SES00775,PROD076,view_product,2026-01-27 14:28:17,1
2869,SES00775,PROD076,add_to_cart,2026-01-27 14:29:43,1
2870,SES00776,PROD057,view_product,2026-02-09 10:47:33,1
2871,SES00776,PROD037,view_product,2026-02-09 10:48:17,1
2872,SES00776,PROD015,view_product,2026-02-09 10:48:45,1
2873,SES00776,PROD015,add_to_cart,2026-02-09 10:49:38,1
2874,SES00777,PROD070,view_product,2026-02-24 13:12:50,1
2875,SES00777,PROD098,view_product,2026-02-24 13:14:14,1
2876,SES00777,PROD085,view_product,2026-02-24 13:14:29,1
2877,SES00777,PROD034,view_product,2026-02-24 13:15:14,1
2878,SES00777,PROD072,view_product,2026-02-24 13:15:41,1
2879,SES00778,PROD024,view_product,2026-03-24 20:40:46,1
2880,SES00778,PROD042,view_product,2026-03-24 20:41:54,1
2881,SES00779,PROD018,view_product,2026-01-26 03:35:06,1
2882,SES00780,PROD048,view_product,2026-03-19 11:44:21,1
2883,SES00780,PROD003,view_product,2026-03-19 11:45:54,1
2884,SES00780,PROD073,view_product,2026-03-19 11:48:21,1
2885,SES00780,PROD056,view_product,2026-03-19 11:50:36,1
2886,SES00780,PROD005,view_product,2026-03-19 11:51:58,1
2887,SES00781,PROD069,view_product,2026-03-29 17:19:44,1
2888,SES00782,PROD097,view_product,2026-01-09 12:27:34,1
2889,SES00782,PROD010,view_product,2026-01-09 12:28:54,1
2890,SES00783,PROD083,view_product,2026-03-13 17:52:25,1
2891,SES00783,PROD074,view_product,2026-03-13 17:54:31,1
2892,SES00784,PROD080,view_product,2026-03-28 08:28:31,1
2893,SES00784,PROD080,add_to_cart,2026-03-28 08:29:24,1
2894,SES00784,PROD080,begin_checkout,2026-03-28 08:31:48,1
2895,SES00784,PROD080,purchase,2026-03-28 08:38:22,1
2896,SES00785,PROD020,view_product,2026-03-21 18:18:57,1
2897,SES00785,PROD025,view_product,2026-03-21 18:19:53,1
2898,SES00785,PROD099,view_product,2026-03-21 18:20:28,1
2899,SES00785,PROD019,view_product,2026-03-21 18:20:44,1
2900,SES00785,PROD027,view_product,2026-03-21 18:23:10,1
2901,SES00786,PROD042,view_product,2026-03-17 16:18:21,1
2902,SES00787,PROD099,view_product,2026-01-16 20:29:42,1
2903,SES00787,PROD046,view_product,2026-01-16 20:30:27,1
2904,SES00788,PROD096,view_product,2026-01-12 22:52:24,1
2905,SES00788,PROD095,view_product,2026-01-12 22:54:28,1
2906,SES00788,PROD027,view_product,2026-01-12 22:56:30,1
2907,SES00788,PROD049,view_product,2026-01-12 22:58:22,1
2908,SES00788,PROD049,add_to_cart,2026-01-12 22:59:08,1
2909,SES00788,PROD049,begin_checkout,2026-01-12 23:01:07,1
2910,SES00789,PROD095,view_product,2026-01-16 19:34:12,1
2911,SES00789,PROD078,view_product,2026-01-16 19:36:08,1
2912,SES00789,PROD046,view_product,2026-01-16 19:37:06,1
2913,SES00789,PROD096,view_product,2026-01-16 19:38:09,1
2914,SES00790,PROD001,view_product,2026-01-25 18:53:08,1
2915,SES00791,PROD056,view_product,2026-03-29 07:21:26,1
2916,SES00791,PROD056,add_to_cart,2026-03-29 07:25:08,1
2917,SES00791,PROD056,begin_checkout,2026-03-29 07:29:39,1
2918,SES00791,PROD056,purchase,2026-03-29 07:35:20,1
2919,SES00792,PROD018,view_product,2026-01-18 05:18:39,1
2920,SES00792,PROD089,view_product,2026-01-18 05:18:58,1
2921,SES00792,PROD018,add_to_cart,2026-01-18 05:22:02,2
2922,SES00792,PROD018,begin_checkout,2026-01-18 05:26:04,2
2923,SES00793,PROD047,view_product,2026-01-15 16:45:22,1
2924,SES00793,PROD015,view_product,2026-01-15 16:45:39,1
2925,SES00794,PROD004,view_product,2026-03-30 06:06:18,1
2926,SES00794,PROD004,add_to_cart,2026-03-30 06:10:16,1
2927,SES00794,PROD004,begin_checkout,2026-03-30 06:14:14,1
2928,SES00794,PROD004,purchase,2026-03-30 06:21:40,1
2929,SES00795,PROD015,view_product,2026-03-29 02:38:15,1
2930,SES00796,PROD040,view_product,2026-02-12 18:16:46,1
2931,SES00797,PROD086,view_product,2026-01-13 10:46:03,1
2932,SES00797,PROD092,view_product,2026-01-13 10:47:03,1
2933,SES00797,PROD013,view_product,2026-01-13 10:47:45,1
2934,SES00797,PROD062,view_product,2026-01-13 10:48:51,1
2935,SES00797,PROD064,view_product,2026-01-13 10:51:12,1
2936,SES00797,PROD092,add_to_cart,2026-01-13 10:51:48,1
2937,SES00798,PROD094,view_product,2026-03-25 22:17:46,1
2938,SES00798,PROD085,view_product,2026-03-25 22:19:20,1
2939,SES00799,PROD042,view_product,2026-02-20 04:30:13,1
2940,SES00799,PROD055,view_product,2026-02-20 04:33:12,1
2941,SES00799,PROD042,add_to_cart,2026-02-20 04:36:51,1
2942,SES00799,PROD042,begin_checkout,2026-02-20 04:37:45,1
2943,SES00800,PROD021,view_product,2026-01-02 09:23:51,1
2944,SES00800,PROD051,view_product,2026-01-02 09:24:03,1
2945,SES00801,PROD058,view_product,2026-03-03 01:01:43,1
2946,SES00801,PROD028,view_product,2026-03-03 01:04:12,1
2947,SES00801,PROD059,view_product,2026-03-03 01:06:14,1
2948,SES00801,PROD080,view_product,2026-03-03 01:06:54,1
2949,SES00802,PROD044,view_product,2026-02-02 18:07:29,1
2950,SES00802,PROD063,view_product,2026-02-02 18:09:35,1
2951,SES00802,PROD099,view_product,2026-02-02 18:12:34,1
2952,SES00802,PROD063,add_to_cart,2026-02-02 18:13:56,1
2953,SES00802,PROD063,begin_checkout,2026-02-02 18:17:33,1
2954,SES00802,PROD063,purchase,2026-02-02 18:18:59,1
2955,SES00803,PROD056,view_product,2026-01-29 17:04:40,1
2956,SES00803,PROD071,view_product,2026-01-29 17:06:31,1
2957,SES00803,PROD011,view_product,2026-01-29 17:08:51,1
2958,SES00803,PROD065,view_product,2026-01-29 17:09:50,1
2959,SES00803,PROD071,add_to_cart,2026-01-29 17:10:55,1
2960,SES00804,PROD069,view_product,2026-01-15 17:40:51,1
2961,SES00805,PROD029,view_product,2026-02-06 08:37:45,1
2962,SES00805,PROD097,view_product,2026-02-06 08:39:43,1
2963,SES00805,PROD092,view_product,2026-02-06 08:40:44,1
2964,SES00805,PROD020,view_product,2026-02-06 08:42:05,1
2965,SES00805,PROD070,view_product,2026-02-06 08:42:27,1
2966,SES00806,PROD061,view_product,2026-01-29 18:54:38,1
2967,SES00806,PROD060,view_product,2026-01-29 18:54:48,1
2968,SES00806,PROD042,view_product,2026-01-29 18:55:17,1
2969,SES00806,PROD018,view_product,2026-01-29 18:56:31,1
2970,SES00807,PROD018,view_product,2026-03-30 12:41:12,1
2971,SES00807,PROD019,view_product,2026-03-30 12:43:02,1
2972,SES00807,PROD062,view_product,2026-03-30 12:43:52,1
2973,SES00807,PROD021,view_product,2026-03-30 12:46:47,1
2974,SES00808,PROD018,view_product,2026-02-04 00:33:08,1
2975,SES00808,PROD052,view_product,2026-02-04 00:33:56,1
2976,SES00808,PROD016,view_product,2026-02-04 00:34:58,1
2977,SES00809,PROD014,view_product,2026-01-02 01:06:46,1
2978,SES00809,PROD099,view_product,2026-01-02 01:09:45,1
2979,SES00809,PROD081,view_product,2026-01-02 01:11:47,1
2980,SES00809,PROD077,view_product,2026-01-02 01:13:13,1
2981,SES00809,PROD061,view_product,2026-01-02 01:13:54,1
2982,SES00810,PROD049,view_product,2026-03-23 06:53:14,1
2983,SES00810,PROD049,add_to_cart,2026-03-23 06:54:12,1
2984,SES00811,PROD094,view_product,2026-03-15 15:23:03,1
2985,SES00812,PROD054,view_product,2026-01-24 10:16:29,1
2986,SES00812,PROD008,view_product,2026-01-24 10:17:49,1
2987,SES00812,PROD082,view_product,2026-01-24 10:19:03,1
2988,SES00812,PROD014,view_product,2026-01-24 10:21:56,1
2989,SES00813,PROD032,view_product,2026-02-04 15:07:32,1
2990,SES00813,PROD075,view_product,2026-02-04 15:09:33,1
2991,SES00813,PROD064,view_product,2026-02-04 15:12:33,1
2992,SES00813,PROD029,view_product,2026-02-04 15:13:51,1
2993,SES00813,PROD029,add_to_cart,2026-02-04 15:17:40,1
2994,SES00813,PROD029,begin_checkout,2026-02-04 15:22:35,1
2995,SES00814,PROD074,view_product,2026-01-11 11:11:46,1
2996,SES00814,PROD074,add_to_cart,2026-01-11 11:14:53,1
2997,SES00815,PROD059,view_product,2026-03-28 17:45:56,1
2998,SES00815,PROD074,view_product,2026-03-28 17:48:46,1
2999,SES00815,PROD067,view_product,2026-03-28 17:50:46,1
3000,SES00815,PROD005,view_product,2026-03-28 17:51:02,1
3001,SES00815,PROD074,add_to_cart,2026-03-28 17:52:41,1
3002,SES00815,PROD074,begin_checkout,2026-03-28 17:56:42,1
3003,SES00816,PROD032,view_product,2026-01-25 14:44:13,1
3004,SES00816,PROD036,view_product,2026-01-25 14:45:46,1
3005,SES00816,PROD058,view_product,2026-01-25 14:47:53,1
3006,SES00817,PROD083,view_product,2026-01-16 14:14:03,1
3007,SES00817,PROD042,view_product,2026-01-16 14:14:57,1
3008,SES00817,PROD095,view_product,2026-01-16 14:17:14,1
3009,SES00817,PROD052,view_product,2026-01-16 14:17:46,1
3010,SES00817,PROD097,view_product,2026-01-16 14:19:21,1
3011,SES00817,PROD097,add_to_cart,2026-01-16 14:23:10,1
3012,SES00818,PROD080,view_product,2026-03-30 18:11:21,1
3013,SES00818,PROD064,view_product,2026-03-30 18:13:08,1
3014,SES00818,PROD082,view_product,2026-03-30 18:14:09,1
3015,SES00818,PROD082,add_to_cart,2026-03-30 18:15:50,1
3016,SES00819,PROD015,view_product,2026-03-15 06:45:34,1
3017,SES00820,PROD069,view_product,2026-03-09 23:39:29,1
3018,SES00820,PROD023,view_product,2026-03-09 23:40:29,1
3019,SES00820,PROD051,view_product,2026-03-09 23:41:02,1
3020,SES00820,PROD080,view_product,2026-03-09 23:41:35,1
3021,SES00820,PROD090,view_product,2026-03-09 23:44:18,1
3022,SES00821,PROD018,view_product,2026-01-15 03:40:54,1
3023,SES00821,PROD050,view_product,2026-01-15 03:43:41,1
3024,SES00821,PROD014,view_product,2026-01-15 03:46:16,1
3025,SES00821,PROD095,view_product,2026-01-15 03:46:47,1
3026,SES00821,PROD050,add_to_cart,2026-01-15 03:47:12,1
3027,SES00821,PROD050,begin_checkout,2026-01-15 03:49:01,1
3028,SES00822,PROD019,view_product,2026-03-02 06:16:21,1
3029,SES00822,PROD002,view_product,2026-03-02 06:17:33,1
3030,SES00823,PROD073,view_product,2026-02-16 22:09:08,1
3031,SES00823,PROD025,view_product,2026-02-16 22:11:00,1
3032,SES00823,PROD053,view_product,2026-02-16 22:13:50,1
3033,SES00823,PROD024,view_product,2026-02-16 22:16:27,1
3034,SES00823,PROD067,view_product,2026-02-16 22:18:16,1
3035,SES00824,PROD041,view_product,2026-03-19 20:11:00,1
3036,SES00824,PROD070,view_product,2026-03-19 20:11:29,1
3037,SES00825,PROD013,view_product,2026-03-31 02:25:56,1
3038,SES00825,PROD065,view_product,2026-03-31 02:28:23,1
3039,SES00825,PROD013,add_to_cart,2026-03-31 02:31:41,1
3040,SES00826,PROD007,view_product,2026-03-21 17:17:38,1
3041,SES00826,PROD059,view_product,2026-03-21 17:19:39,1
3042,SES00826,PROD080,view_product,2026-03-21 17:20:05,1
3043,SES00826,PROD057,view_product,2026-03-21 17:20:58,1
3044,SES00826,PROD064,view_product,2026-03-21 17:21:13,1
3045,SES00827,PROD088,view_product,2026-02-03 18:00:06,1
3046,SES00827,PROD088,add_to_cart,2026-02-03 18:03:27,1
3047,SES00827,PROD088,begin_checkout,2026-02-03 18:08:08,1
3048,SES00827,PROD088,purchase,2026-02-03 18:11:24,1
3049,SES00828,PROD019,view_product,2026-02-25 07:54:30,1
3050,SES00828,PROD099,view_product,2026-02-25 07:56:00,1
3051,SES00828,PROD070,view_product,2026-02-25 07:56:11,1
3052,SES00828,PROD088,view_product,2026-02-25 07:58:57,1
3053,SES00828,PROD070,add_to_cart,2026-02-25 08:02:30,1
3054,SES00829,PROD100,view_product,2026-03-12 21:57:30,1
3055,SES00829,PROD098,view_product,2026-03-12 21:59:46,1
3056,SES00829,PROD023,view_product,2026-03-12 22:00:26,1
3057,SES00829,PROD024,view_product,2026-03-12 22:02:00,1
3058,SES00829,PROD004,view_product,2026-03-12 22:02:32,1
3059,SES00829,PROD024,add_to_cart,2026-03-12 22:05:42,1
3060,SES00829,PROD024,begin_checkout,2026-03-12 22:09:40,1
3061,SES00829,PROD024,purchase,2026-03-12 22:18:45,1
3062,SES00830,PROD064,view_product,2026-02-04 11:35:48,1
3063,SES00830,PROD012,view_product,2026-02-04 11:37:40,1
3064,SES00830,PROD024,view_product,2026-02-04 11:38:41,1
3065,SES00830,PROD024,add_to_cart,2026-02-04 11:40:22,1
3066,SES00830,PROD024,begin_checkout,2026-02-04 11:41:40,1
3067,SES00830,PROD024,purchase,2026-02-04 11:43:00,1
3068,SES00831,PROD001,view_product,2026-01-17 08:41:23,1
3069,SES00831,PROD001,add_to_cart,2026-01-17 08:44:03,2
3070,SES00831,PROD001,begin_checkout,2026-01-17 08:45:08,2
3071,SES00832,PROD088,view_product,2026-01-18 15:36:26,1
3072,SES00833,PROD004,view_product,2026-02-22 05:35:50,1
3073,SES00833,PROD080,view_product,2026-02-22 05:37:19,1
3074,SES00833,PROD005,view_product,2026-02-22 05:38:43,1
3075,SES00833,PROD069,view_product,2026-02-22 05:39:20,1
3076,SES00833,PROD080,add_to_cart,2026-02-22 05:40:17,1
3077,SES00834,PROD050,view_product,2026-03-01 12:50:50,1
3078,SES00834,PROD058,view_product,2026-03-01 12:52:26,1
3079,SES00834,PROD015,view_product,2026-03-01 12:53:39,1
3080,SES00834,PROD086,view_product,2026-03-01 12:55:22,1
3081,SES00834,PROD071,view_product,2026-03-01 12:56:08,1
3082,SES00834,PROD086,add_to_cart,2026-03-01 12:58:06,1
3083,SES00834,PROD086,begin_checkout,2026-03-01 12:59:06,1
3084,SES00835,PROD013,view_product,2026-03-20 17:34:35,1
3085,SES00835,PROD067,view_product,2026-03-20 17:36:59,1
3086,SES00835,PROD012,view_product,2026-03-20 17:39:33,1
3087,SES00835,PROD085,view_product,2026-03-20 17:42:10,1
3088,SES00835,PROD084,view_product,2026-03-20 17:44:36,1
3089,SES00836,PROD038,view_product,2026-03-11 17:14:28,1
3090,SES00836,PROD081,view_product,2026-03-11 17:16:21,1
3091,SES00837,PROD040,view_product,2026-01-11 03:05:11,1
3092,SES00837,PROD064,view_product,2026-01-11 03:07:36,1
3093,SES00837,PROD099,view_product,2026-01-11 03:07:56,1
3094,SES00837,PROD037,view_product,2026-01-11 03:08:54,1
3095,SES00838,PROD095,view_product,2026-03-29 09:48:02,1
3096,SES00838,PROD007,view_product,2026-03-29 09:48:24,1
3097,SES00838,PROD069,view_product,2026-03-29 09:49:51,1
3098,SES00838,PROD007,add_to_cart,2026-03-29 09:50:19,2
3099,SES00839,PROD088,view_product,2026-02-19 08:37:01,1
3100,SES00839,PROD090,view_product,2026-02-19 08:37:36,1
3101,SES00839,PROD006,view_product,2026-02-19 08:39:43,1
3102,SES00840,PROD027,view_product,2026-03-11 04:02:26,1
3103,SES00840,PROD074,view_product,2026-03-11 04:02:47,1
3104,SES00840,PROD082,view_product,2026-03-11 04:04:34,1
3105,SES00840,PROD079,view_product,2026-03-11 04:05:36,1
3106,SES00841,PROD023,view_product,2026-02-22 08:10:20,1
3107,SES00841,PROD050,view_product,2026-02-22 08:12:12,1
3108,SES00841,PROD030,view_product,2026-02-22 08:12:33,1
3109,SES00841,PROD030,add_to_cart,2026-02-22 08:15:39,1
3110,SES00841,PROD030,begin_checkout,2026-02-22 08:19:45,1
3111,SES00842,PROD053,view_product,2026-03-06 01:46:37,1
3112,SES00842,PROD089,view_product,2026-03-06 01:48:32,1
3113,SES00842,PROD002,view_product,2026-03-06 01:50:18,1
3114,SES00842,PROD053,add_to_cart,2026-03-06 01:52:37,2
3115,SES00842,PROD053,begin_checkout,2026-03-06 01:53:12,2
3116,SES00842,PROD053,purchase,2026-03-06 02:00:56,2
3117,SES00843,PROD021,view_product,2026-03-08 22:41:14,1
3118,SES00843,PROD021,add_to_cart,2026-03-08 22:44:38,1
3119,SES00843,PROD021,begin_checkout,2026-03-08 22:48:31,1
3120,SES00843,PROD021,purchase,2026-03-08 22:54:24,1
3121,SES00844,PROD012,view_product,2026-01-12 14:15:42,1
3122,SES00844,PROD072,view_product,2026-01-12 14:16:43,1
3123,SES00844,PROD012,add_to_cart,2026-01-12 14:17:25,1
3124,SES00844,PROD012,begin_checkout,2026-01-12 14:18:14,1
3125,SES00845,PROD057,view_product,2026-03-20 07:06:12,1
3126,SES00845,PROD095,view_product,2026-03-20 07:08:54,1
3127,SES00845,PROD019,view_product,2026-03-20 07:09:14,1
3128,SES00846,PROD002,view_product,2026-03-16 14:52:37,1
3129,SES00846,PROD020,view_product,2026-03-16 14:54:45,1
3130,SES00846,PROD044,view_product,2026-03-16 14:55:46,1
3131,SES00846,PROD033,view_product,2026-03-16 14:58:40,1
3132,SES00846,PROD023,view_product,2026-03-16 14:59:04,1
3133,SES00846,PROD020,add_to_cart,2026-03-16 15:01:28,2
3134,SES00846,PROD020,begin_checkout,2026-03-16 15:03:32,2
3135,SES00846,PROD020,purchase,2026-03-16 15:10:15,2
3136,SES00847,PROD071,view_product,2026-03-21 09:58:34,1
3137,SES00847,PROD041,view_product,2026-03-21 09:59:12,1
3138,SES00848,PROD048,view_product,2026-03-02 01:25:13,1
3139,SES00848,PROD005,view_product,2026-03-02 01:26:22,1
3140,SES00848,PROD019,view_product,2026-03-02 01:26:33,1
3141,SES00848,PROD019,add_to_cart,2026-03-02 01:28:27,1
3142,SES00849,PROD084,view_product,2026-03-17 12:02:35,1
3143,SES00850,PROD088,view_product,2026-03-25 22:55:14,1
3144,SES00850,PROD063,view_product,2026-03-25 22:56:28,1
3145,SES00850,PROD063,add_to_cart,2026-03-25 22:57:22,1
3146,SES00850,PROD063,begin_checkout,2026-03-25 23:00:56,1
3147,SES00850,PROD063,purchase,2026-03-25 23:06:49,1
3148,SES00851,PROD056,view_product,2026-01-25 23:22:07,1
3149,SES00851,PROD056,add_to_cart,2026-01-25 23:26:07,1
3150,SES00851,PROD056,begin_checkout,2026-01-25 23:28:33,1
3151,SES00852,PROD059,view_product,2026-01-21 04:56:26,1
3152,SES00852,PROD094,view_product,2026-01-21 04:58:34,1
3153,SES00852,PROD058,view_product,2026-01-21 05:00:17,1
3154,SES00852,PROD057,view_product,2026-01-21 05:01:53,1
3155,SES00852,PROD057,add_to_cart,2026-01-21 05:04:23,1
3156,SES00852,PROD057,begin_checkout,2026-01-21 05:06:44,1
3157,SES00853,PROD071,view_product,2026-03-12 19:27:22,1
3158,SES00853,PROD098,view_product,2026-03-12 19:28:50,1
3159,SES00853,PROD053,view_product,2026-03-12 19:29:54,1
3160,SES00853,PROD048,view_product,2026-03-12 19:31:44,1
3161,SES00853,PROD071,add_to_cart,2026-03-12 19:33:54,1
3162,SES00853,PROD071,begin_checkout,2026-03-12 19:37:55,1
3163,SES00853,PROD071,purchase,2026-03-12 19:42:37,1
3164,SES00854,PROD057,view_product,2026-03-06 01:06:59,1
3165,SES00854,PROD004,view_product,2026-03-06 01:08:47,1
3166,SES00855,PROD026,view_product,2026-03-31 10:03:56,1
3167,SES00855,PROD020,view_product,2026-03-31 10:04:39,1
3168,SES00855,PROD053,view_product,2026-03-31 10:06:53,1
3169,SES00855,PROD041,view_product,2026-03-31 10:08:23,1
3170,SES00855,PROD060,view_product,2026-03-31 10:11:09,1
3171,SES00856,PROD003,view_product,2026-03-16 20:34:04,1
3172,SES00857,PROD026,view_product,2026-02-02 04:29:19,1
3173,SES00857,PROD096,view_product,2026-02-02 04:30:47,1
3174,SES00857,PROD020,view_product,2026-02-02 04:31:13,1
3175,SES00857,PROD096,add_to_cart,2026-02-02 04:35:00,1
3176,SES00857,PROD096,begin_checkout,2026-02-02 04:38:23,1
3177,SES00858,PROD016,view_product,2026-02-26 12:24:13,1
3178,SES00858,PROD069,view_product,2026-02-26 12:26:46,1
3179,SES00858,PROD080,view_product,2026-02-26 12:29:17,1
3180,SES00858,PROD053,view_product,2026-02-26 12:32:07,1
3181,SES00859,PROD085,view_product,2026-03-08 23:44:42,1
3182,SES00860,PROD099,view_product,2026-03-27 11:07:59,1
3183,SES00860,PROD003,view_product,2026-03-27 11:09:41,1
3184,SES00861,PROD045,view_product,2026-03-28 19:09:30,1
3185,SES00861,PROD044,view_product,2026-03-28 19:10:14,1
3186,SES00861,PROD011,view_product,2026-03-28 19:13:03,1
3187,SES00861,PROD048,view_product,2026-03-28 19:14:29,1
3188,SES00861,PROD009,view_product,2026-03-28 19:16:19,1
3189,SES00862,PROD092,view_product,2026-03-06 22:42:16,1
3190,SES00862,PROD011,view_product,2026-03-06 22:44:32,1
3191,SES00862,PROD046,view_product,2026-03-06 22:44:46,1
3192,SES00863,PROD004,view_product,2026-03-24 15:36:42,1
3193,SES00863,PROD063,view_product,2026-03-24 15:37:53,1
3194,SES00863,PROD041,view_product,2026-03-24 15:39:21,1
3195,SES00863,PROD022,view_product,2026-03-24 15:40:38,1
3196,SES00863,PROD007,view_product,2026-03-24 15:42:42,1
3197,SES00864,PROD017,view_product,2026-03-18 11:28:05,1
3198,SES00864,PROD017,add_to_cart,2026-03-18 11:29:11,1
3199,SES00865,PROD066,view_product,2026-03-07 05:40:35,1
3200,SES00865,PROD055,view_product,2026-03-07 05:41:18,1
3201,SES00865,PROD053,view_product,2026-03-07 05:42:56,1
3202,SES00866,PROD086,view_product,2026-01-26 21:25:02,1
3203,SES00867,PROD032,view_product,2026-01-03 05:37:09,1
3204,SES00867,PROD032,add_to_cart,2026-01-03 05:40:49,1
3205,SES00867,PROD032,begin_checkout,2026-01-03 05:42:03,1
3206,SES00868,PROD020,view_product,2026-03-20 08:27:30,1
3207,SES00869,PROD079,view_product,2026-02-14 17:40:01,1
3208,SES00869,PROD079,add_to_cart,2026-02-14 17:43:26,1
3209,SES00870,PROD007,view_product,2026-02-12 04:29:00,1
3210,SES00870,PROD092,view_product,2026-02-12 04:30:49,1
3211,SES00870,PROD007,add_to_cart,2026-02-12 04:31:54,1
3212,SES00871,PROD057,view_product,2026-03-27 18:41:08,1
3213,SES00872,PROD090,view_product,2026-01-26 13:27:07,1
3214,SES00872,PROD016,view_product,2026-01-26 13:28:05,1
3215,SES00872,PROD016,add_to_cart,2026-01-26 13:29:18,1
3216,SES00872,PROD016,begin_checkout,2026-01-26 13:32:19,1
3217,SES00872,PROD016,purchase,2026-01-26 13:41:57,1
3218,SES00873,PROD037,view_product,2026-03-07 11:21:14,1
3219,SES00873,PROD097,view_product,2026-03-07 11:21:39,1
3220,SES00873,PROD021,view_product,2026-03-07 11:22:05,1
3221,SES00874,PROD087,view_product,2026-01-06 20:47:09,1
3222,SES00874,PROD087,add_to_cart,2026-01-06 20:50:41,1
3223,SES00875,PROD058,view_product,2026-03-16 22:11:30,1
3224,SES00875,PROD046,view_product,2026-03-16 22:13:14,1
3225,SES00875,PROD096,view_product,2026-03-16 22:15:31,1
3226,SES00875,PROD046,add_to_cart,2026-03-16 22:18:56,1
3227,SES00875,PROD046,begin_checkout,2026-03-16 22:20:53,1
3228,SES00875,PROD046,purchase,2026-03-16 22:27:54,1
3229,SES00876,PROD060,view_product,2026-02-01 11:51:42,1
3230,SES00876,PROD058,view_product,2026-02-01 11:53:39,1
3231,SES00876,PROD020,view_product,2026-02-01 11:53:55,1
3232,SES00876,PROD019,view_product,2026-02-01 11:54:40,1
3233,SES00877,PROD020,view_product,2026-01-15 12:06:20,1
3234,SES00877,PROD076,view_product,2026-01-15 12:07:25,1
3235,SES00877,PROD076,add_to_cart,2026-01-15 12:08:49,1
3236,SES00877,PROD076,begin_checkout,2026-01-15 12:09:30,1
3237,SES00877,PROD076,purchase,2026-01-15 12:13:12,1
3238,SES00878,PROD093,view_product,2026-02-23 08:04:42,1
3239,SES00878,PROD064,view_product,2026-02-23 08:05:07,1
3240,SES00878,PROD056,view_product,2026-02-23 08:06:47,1
3241,SES00878,PROD021,view_product,2026-02-23 08:07:24,1
3242,SES00878,PROD063,view_product,2026-02-23 08:07:51,1
3243,SES00879,PROD054,view_product,2026-01-14 17:40:14,1
3244,SES00879,PROD063,view_product,2026-01-14 17:41:42,1
3245,SES00880,PROD068,view_product,2026-03-25 00:36:30,1
3246,SES00880,PROD037,view_product,2026-03-25 00:38:15,1
3247,SES00881,PROD058,view_product,2026-02-05 21:11:01,1
3248,SES00882,PROD036,view_product,2026-01-23 15:58:36,1
3249,SES00882,PROD072,view_product,2026-01-23 15:59:35,1
3250,SES00882,PROD044,view_product,2026-01-23 16:00:17,1
3251,SES00882,PROD074,view_product,2026-01-23 16:01:49,1
3252,SES00883,PROD063,view_product,2026-03-10 18:02:24,1
3253,SES00883,PROD073,view_product,2026-03-10 18:02:38,1
3254,SES00883,PROD063,add_to_cart,2026-03-10 18:03:30,1
3255,SES00884,PROD009,view_product,2026-02-28 12:10:32,1
3256,SES00884,PROD058,view_product,2026-02-28 12:11:52,1
3257,SES00884,PROD050,view_product,2026-02-28 12:12:38,1
3258,SES00884,PROD009,add_to_cart,2026-02-28 12:13:50,1
3259,SES00885,PROD063,view_product,2026-03-22 17:08:54,1
3260,SES00885,PROD041,view_product,2026-03-22 17:09:55,1
3261,SES00885,PROD078,view_product,2026-03-22 17:12:50,1
3262,SES00885,PROD078,add_to_cart,2026-03-22 17:14:20,1
3263,SES00886,PROD055,view_product,2026-03-19 13:28:22,1
3264,SES00886,PROD090,view_product,2026-03-19 13:29:24,1
3265,SES00886,PROD002,view_product,2026-03-19 13:30:10,1
3266,SES00886,PROD039,view_product,2026-03-19 13:31:35,1
3267,SES00886,PROD039,add_to_cart,2026-03-19 13:33:49,1
3268,SES00887,PROD057,view_product,2026-02-13 08:53:12,1
3269,SES00887,PROD098,view_product,2026-02-13 08:54:32,1
3270,SES00887,PROD041,view_product,2026-02-13 08:55:32,1
3271,SES00887,PROD014,view_product,2026-02-13 08:58:17,1
3272,SES00887,PROD036,view_product,2026-02-13 09:00:23,1
3273,SES00887,PROD036,add_to_cart,2026-02-13 09:00:42,1
3274,SES00887,PROD036,begin_checkout,2026-02-13 09:03:59,1
3275,SES00888,PROD083,view_product,2026-03-27 22:54:55,1
3276,SES00888,PROD042,view_product,2026-03-27 22:57:41,1
3277,SES00888,PROD051,view_product,2026-03-27 22:57:59,1
3278,SES00888,PROD023,view_product,2026-03-27 23:00:53,1
3279,SES00888,PROD083,add_to_cart,2026-03-27 23:01:22,2
3280,SES00889,PROD021,view_product,2026-03-31 23:58:31,1
3281,SES00889,PROD092,view_product,2026-04-01 00:00:12,1
3282,SES00889,PROD031,view_product,2026-04-01 00:01:48,1
3283,SES00889,PROD012,view_product,2026-04-01 00:02:18,1
3284,SES00889,PROD097,view_product,2026-04-01 00:04:13,1
3285,SES00889,PROD021,add_to_cart,2026-04-01 00:06:47,1
3286,SES00889,PROD021,begin_checkout,2026-04-01 00:10:50,1
3287,SES00889,PROD021,purchase,2026-04-01 00:18:35,1
3288,SES00890,PROD030,view_product,2026-02-13 13:07:30,1
3289,SES00890,PROD031,view_product,2026-02-13 13:10:02,1
3290,SES00890,PROD008,view_product,2026-02-13 13:10:18,1
3291,SES00890,PROD008,add_to_cart,2026-02-13 13:10:43,1
3292,SES00890,PROD008,begin_checkout,2026-02-13 13:13:12,1
3293,SES00891,PROD003,view_product,2026-01-14 08:50:21,1
3294,SES00891,PROD066,view_product,2026-01-14 08:50:37,1
3295,SES00891,PROD098,view_product,2026-01-14 08:52:33,1
3296,SES00891,PROD038,view_product,2026-01-14 08:55:03,1
3297,SES00891,PROD066,add_to_cart,2026-01-14 08:56:11,1
3298,SES00891,PROD066,begin_checkout,2026-01-14 09:00:52,1
3299,SES00892,PROD028,view_product,2026-02-05 17:49:29,1
3300,SES00892,PROD020,view_product,2026-02-05 17:52:18,1
3301,SES00892,PROD069,view_product,2026-02-05 17:53:40,1
3302,SES00892,PROD001,view_product,2026-02-05 17:54:58,1
3303,SES00893,PROD042,view_product,2026-01-20 13:45:35,1
3304,SES00893,PROD034,view_product,2026-01-20 13:46:15,1
3305,SES00894,PROD024,view_product,2026-03-12 05:53:51,1
3306,SES00894,PROD015,view_product,2026-03-12 05:55:40,1
3307,SES00895,PROD089,view_product,2026-01-20 10:24:39,1
3308,SES00895,PROD087,view_product,2026-01-20 10:26:06,1
3309,SES00895,PROD028,view_product,2026-01-20 10:27:48,1
3310,SES00896,PROD028,view_product,2026-03-19 06:00:15,1
3311,SES00897,PROD078,view_product,2026-02-08 17:28:27,1
3312,SES00897,PROD097,view_product,2026-02-08 17:31:00,1
3313,SES00897,PROD022,view_product,2026-02-08 17:33:42,1
3314,SES00897,PROD063,view_product,2026-02-08 17:35:05,1
3315,SES00898,PROD080,view_product,2026-01-08 12:59:59,1
3316,SES00899,PROD021,view_product,2026-01-01 00:04:14,1
3317,SES00899,PROD013,view_product,2026-01-01 00:05:12,1
3318,SES00899,PROD007,view_product,2026-01-01 00:07:10,1
3319,SES00899,PROD048,view_product,2026-01-01 00:08:55,1
3320,SES00899,PROD028,view_product,2026-01-01 00:09:24,1
3321,SES00899,PROD021,add_to_cart,2026-01-01 00:09:47,1
3322,SES00900,PROD082,view_product,2026-03-28 03:42:28,1
3323,SES00901,PROD059,view_product,2026-01-17 22:50:46,1
3324,SES00901,PROD075,view_product,2026-01-17 22:52:05,1
3325,SES00901,PROD075,add_to_cart,2026-01-17 22:55:17,1
3326,SES00901,PROD075,begin_checkout,2026-01-17 22:56:20,1
3327,SES00902,PROD074,view_product,2026-03-20 11:56:53,1
3328,SES00903,PROD026,view_product,2026-03-27 02:07:32,1
3329,SES00903,PROD035,view_product,2026-03-27 02:08:30,1
3330,SES00903,PROD004,view_product,2026-03-27 02:09:40,1
3331,SES00903,PROD086,view_product,2026-03-27 02:11:44,1
3332,SES00904,PROD072,view_product,2026-01-05 06:49:13,1
3333,SES00904,PROD090,view_product,2026-01-05 06:50:36,1
3334,SES00904,PROD063,view_product,2026-01-05 06:52:19,1
3335,SES00904,PROD030,view_product,2026-01-05 06:52:51,1
3336,SES00905,PROD070,view_product,2026-01-16 21:55:46,1
3337,SES00905,PROD019,view_product,2026-01-16 21:57:40,1
3338,SES00905,PROD042,view_product,2026-01-16 21:58:34,1
3339,SES00905,PROD095,view_product,2026-01-16 22:01:12,1
3340,SES00905,PROD082,view_product,2026-01-16 22:03:04,1
3341,SES00905,PROD042,add_to_cart,2026-01-16 22:03:56,1
3342,SES00906,PROD033,view_product,2026-03-20 14:20:19,1
3343,SES00906,PROD018,view_product,2026-03-20 14:22:24,1
3344,SES00906,PROD043,view_product,2026-03-20 14:24:52,1
3345,SES00906,PROD046,view_product,2026-03-20 14:25:44,1
3346,SES00906,PROD083,view_product,2026-03-20 14:26:04,1
3347,SES00906,PROD018,add_to_cart,2026-03-20 14:28:37,1
3348,SES00907,PROD089,view_product,2026-02-25 16:48:32,1
3349,SES00907,PROD051,view_product,2026-02-25 16:50:29,1
3350,SES00908,PROD033,view_product,2026-02-22 19:38:45,1
3351,SES00909,PROD094,view_product,2026-03-28 21:52:30,1
3352,SES00909,PROD048,view_product,2026-03-28 21:54:53,1
3353,SES00909,PROD071,view_product,2026-03-28 21:57:51,1
3354,SES00910,PROD082,view_product,2026-03-09 14:44:25,1
3355,SES00910,PROD083,view_product,2026-03-09 14:45:14,1
3356,SES00911,PROD014,view_product,2026-01-19 06:52:04,1
3357,SES00911,PROD064,view_product,2026-01-19 06:53:15,1
3358,SES00911,PROD019,view_product,2026-01-19 06:55:08,1
3359,SES00911,PROD010,view_product,2026-01-19 06:56:35,1
3360,SES00911,PROD089,view_product,2026-01-19 06:57:38,1
3361,SES00912,PROD024,view_product,2026-01-20 06:46:47,1
3362,SES00912,PROD100,view_product,2026-01-20 06:47:14,1
3363,SES00912,PROD024,add_to_cart,2026-01-20 06:49:00,1
3364,SES00913,PROD080,view_product,2026-02-03 07:41:22,1
3365,SES00913,PROD076,view_product,2026-02-03 07:44:03,1
3366,SES00913,PROD062,view_product,2026-02-03 07:44:23,1
3367,SES00913,PROD082,view_product,2026-02-03 07:46:38,1
3368,SES00914,PROD097,view_product,2026-02-22 20:02:54,1
3369,SES00914,PROD069,view_product,2026-02-22 20:05:34,1
3370,SES00914,PROD099,view_product,2026-02-22 20:08:22,1
3371,SES00914,PROD013,view_product,2026-02-22 20:10:01,1
3372,SES00915,PROD061,view_product,2026-01-04 18:07:54,1
3373,SES00916,PROD096,view_product,2026-03-11 11:31:29,1
3374,SES00916,PROD044,view_product,2026-03-11 11:31:47,1
3375,SES00916,PROD031,view_product,2026-03-11 11:33:19,1
3376,SES00916,PROD078,view_product,2026-03-11 11:34:48,1
3377,SES00917,PROD076,view_product,2026-03-01 14:04:10,1
3378,SES00917,PROD087,view_product,2026-03-01 14:06:29,1
3379,SES00918,PROD084,view_product,2026-03-09 16:26:39,1
3380,SES00918,PROD093,view_product,2026-03-09 16:29:01,1
3381,SES00918,PROD007,view_product,2026-03-09 16:31:16,1
3382,SES00918,PROD033,view_product,2026-03-09 16:32:10,1
3383,SES00918,PROD075,view_product,2026-03-09 16:34:15,1
3384,SES00918,PROD093,add_to_cart,2026-03-09 16:37:03,1
3385,SES00918,PROD093,begin_checkout,2026-03-09 16:38:29,1
3386,SES00919,PROD050,view_product,2026-01-08 11:03:15,1
3387,SES00920,PROD064,view_product,2026-02-27 17:40:51,1
3388,SES00920,PROD030,view_product,2026-02-27 17:41:26,1
3389,SES00920,PROD092,view_product,2026-02-27 17:42:18,1
3390,SES00920,PROD057,view_product,2026-02-27 17:43:03,1
3391,SES00920,PROD090,view_product,2026-02-27 17:43:46,1
3392,SES00921,PROD003,view_product,2026-02-24 15:22:47,1
3393,SES00921,PROD091,view_product,2026-02-24 15:25:39,1
3394,SES00921,PROD068,view_product,2026-02-24 15:28:08,1
3395,SES00921,PROD089,view_product,2026-02-24 15:28:45,1
3396,SES00922,PROD061,view_product,2026-03-26 11:58:58,1
3397,SES00922,PROD052,view_product,2026-03-26 11:59:43,1
3398,SES00922,PROD065,view_product,2026-03-26 12:00:23,1
3399,SES00922,PROD061,add_to_cart,2026-03-26 12:03:28,1
3400,SES00922,PROD061,begin_checkout,2026-03-26 12:07:09,1
3401,SES00922,PROD061,purchase,2026-03-26 12:16:18,1
3402,SES00923,PROD019,view_product,2026-02-10 02:58:04,1
3403,SES00923,PROD039,view_product,2026-02-10 02:59:54,1
3404,SES00923,PROD019,add_to_cart,2026-02-10 03:00:12,1
3405,SES00923,PROD019,begin_checkout,2026-02-10 03:02:58,1
3406,SES00923,PROD019,purchase,2026-02-10 03:04:07,1
3407,SES00924,PROD025,view_product,2026-02-01 00:35:36,1
3408,SES00924,PROD085,view_product,2026-02-01 00:37:48,1
3409,SES00925,PROD019,view_product,2026-03-03 11:58:15,1
3410,SES00925,PROD019,add_to_cart,2026-03-03 11:58:47,2
3411,SES00925,PROD019,begin_checkout,2026-03-03 11:59:54,2
3412,SES00925,PROD019,purchase,2026-03-03 12:05:06,2
3413,SES00926,PROD006,view_product,2026-01-22 21:05:23,1
3414,SES00926,PROD042,view_product,2026-01-22 21:06:22,1
3415,SES00926,PROD100,view_product,2026-01-22 21:08:07,1
3416,SES00926,PROD051,view_product,2026-01-22 21:09:57,1
3417,SES00927,PROD066,view_product,2026-01-22 19:39:06,1
3418,SES00927,PROD053,view_product,2026-01-22 19:40:17,1
3419,SES00927,PROD083,view_product,2026-01-22 19:43:00,1
3420,SES00927,PROD097,view_product,2026-01-22 19:45:23,1
3421,SES00927,PROD082,view_product,2026-01-22 19:46:46,1
3422,SES00928,PROD099,view_product,2026-02-10 12:25:24,1
3423,SES00928,PROD083,view_product,2026-02-10 12:27:08,1
3424,SES00928,PROD083,add_to_cart,2026-02-10 12:30:49,1
3425,SES00929,PROD066,view_product,2026-02-28 18:29:09,1
3426,SES00929,PROD063,view_product,2026-02-28 18:31:42,1
3427,SES00929,PROD050,view_product,2026-02-28 18:34:26,1
3428,SES00929,PROD097,view_product,2026-02-28 18:37:09,1
3429,SES00930,PROD067,view_product,2026-01-09 20:03:51,1
3430,SES00930,PROD079,view_product,2026-01-09 20:05:09,1
3431,SES00930,PROD081,view_product,2026-01-09 20:06:28,1
3432,SES00930,PROD009,view_product,2026-01-09 20:07:51,1
3433,SES00930,PROD033,view_product,2026-01-09 20:10:33,1
3434,SES00931,PROD025,view_product,2026-02-14 05:54:31,1
3435,SES00931,PROD043,view_product,2026-02-14 05:55:52,1
3436,SES00931,PROD067,view_product,2026-02-14 05:57:09,1
3437,SES00932,PROD025,view_product,2026-03-01 12:33:35,1
3438,SES00932,PROD088,view_product,2026-03-01 12:36:06,1
3439,SES00932,PROD047,view_product,2026-03-01 12:37:38,1
3440,SES00932,PROD088,add_to_cart,2026-03-01 12:38:37,1
3441,SES00932,PROD088,begin_checkout,2026-03-01 12:41:36,1
3442,SES00932,PROD088,purchase,2026-03-01 12:46:06,1
3443,SES00933,PROD051,view_product,2026-03-28 03:31:06,1
3444,SES00933,PROD062,view_product,2026-03-28 03:33:41,1
3445,SES00934,PROD051,view_product,2026-01-07 23:55:37,1
3446,SES00934,PROD001,view_product,2026-01-07 23:57:43,1
3447,SES00934,PROD009,view_product,2026-01-08 00:00:13,1
3448,SES00934,PROD025,view_product,2026-01-08 00:02:52,1
3449,SES00934,PROD033,view_product,2026-01-08 00:04:12,1
3450,SES00935,PROD061,view_product,2026-02-11 12:39:49,1
3451,SES00935,PROD061,add_to_cart,2026-02-11 12:40:35,1
3452,SES00935,PROD061,begin_checkout,2026-02-11 12:41:32,1
3453,SES00935,PROD061,purchase,2026-02-11 12:43:43,1
3454,SES00936,PROD027,view_product,2026-03-18 02:33:28,1
3455,SES00936,PROD006,view_product,2026-03-18 02:33:40,1
3456,SES00936,PROD085,view_product,2026-03-18 02:34:18,1
3457,SES00936,PROD073,view_product,2026-03-18 02:35:54,1
3458,SES00937,PROD097,view_product,2026-01-24 08:50:20,1
3459,SES00937,PROD035,view_product,2026-01-24 08:50:35,1
3460,SES00937,PROD071,view_product,2026-01-24 08:53:06,1
3461,SES00937,PROD046,view_product,2026-01-24 08:55:45,1
3462,SES00937,PROD031,view_product,2026-01-24 08:57:16,1
3463,SES00938,PROD012,view_product,2026-02-07 05:08:05,1
3464,SES00938,PROD074,view_product,2026-02-07 05:09:24,1
3465,SES00939,PROD023,view_product,2026-02-09 11:00:29,1
3466,SES00939,PROD029,view_product,2026-02-09 11:01:06,1
3467,SES00939,PROD029,add_to_cart,2026-02-09 11:05:01,1
3468,SES00939,PROD029,begin_checkout,2026-02-09 11:08:48,1
3469,SES00939,PROD029,purchase,2026-02-09 11:13:45,1
3470,SES00940,PROD097,view_product,2026-02-12 23:11:09,1
3471,SES00940,PROD049,view_product,2026-02-12 23:12:11,1
3472,SES00940,PROD003,view_product,2026-02-12 23:14:26,1
3473,SES00940,PROD070,view_product,2026-02-12 23:16:27,1
3474,SES00940,PROD098,view_product,2026-02-12 23:18:51,1
3475,SES00940,PROD097,add_to_cart,2026-02-12 23:21:43,1
3476,SES00940,PROD097,begin_checkout,2026-02-12 23:25:59,1
3477,SES00940,PROD097,purchase,2026-02-12 23:33:20,1
3478,SES00941,PROD028,view_product,2026-03-08 08:10:55,1
3479,SES00941,PROD041,view_product,2026-03-08 08:12:48,1
3480,SES00941,PROD041,add_to_cart,2026-03-08 08:14:40,2
3481,SES00942,PROD092,view_product,2026-02-24 16:37:57,1
3482,SES00942,PROD003,view_product,2026-02-24 16:39:39,1
3483,SES00942,PROD050,view_product,2026-02-24 16:41:26,1
3484,SES00942,PROD074,view_product,2026-02-24 16:41:41,1
3485,SES00943,PROD047,view_product,2026-01-09 16:28:22,1
3486,SES00943,PROD034,view_product,2026-01-09 16:29:15,1
3487,SES00943,PROD062,view_product,2026-01-09 16:30:21,1
3488,SES00944,PROD007,view_product,2026-03-21 18:01:11,1
3489,SES00944,PROD098,view_product,2026-03-21 18:02:01,1
3490,SES00944,PROD030,view_product,2026-03-21 18:02:34,1
3491,SES00945,PROD019,view_product,2026-03-24 23:56:45,1
3492,SES00945,PROD056,view_product,2026-03-24 23:57:53,1
3493,SES00945,PROD036,view_product,2026-03-24 23:59:47,1
3494,SES00945,PROD036,add_to_cart,2026-03-25 00:03:45,1
3495,SES00945,PROD036,begin_checkout,2026-03-25 00:04:41,1
3496,SES00945,PROD036,purchase,2026-03-25 00:08:41,1
3497,SES00946,PROD078,view_product,2026-02-19 07:18:16,1
3498,SES00946,PROD092,view_product,2026-02-19 07:18:43,1
3499,SES00947,PROD093,view_product,2026-02-21 20:14:31,1
3500,SES00947,PROD023,view_product,2026-02-21 20:15:28,1
3501,SES00947,PROD020,view_product,2026-02-21 20:16:40,1
3502,SES00948,PROD008,view_product,2026-01-27 10:37:42,1
3503,SES00948,PROD051,view_product,2026-01-27 10:38:31,1
3504,SES00948,PROD018,view_product,2026-01-27 10:39:14,1
3505,SES00948,PROD022,view_product,2026-01-27 10:40:25,1
3506,SES00948,PROD007,view_product,2026-01-27 10:43:10,1
3507,SES00949,PROD021,view_product,2026-01-25 20:46:31,1
3508,SES00949,PROD082,view_product,2026-01-25 20:46:51,1
3509,SES00949,PROD082,add_to_cart,2026-01-25 20:48:19,1
3510,SES00949,PROD082,begin_checkout,2026-01-25 20:52:59,1
3511,SES00950,PROD046,view_product,2026-02-09 05:10:58,1
3512,SES00950,PROD078,view_product,2026-02-09 05:12:12,1
3513,SES00950,PROD074,view_product,2026-02-09 05:14:36,1
3514,SES00950,PROD092,view_product,2026-02-09 05:16:30,1
3515,SES00950,PROD096,view_product,2026-02-09 05:17:22,1
3516,SES00951,PROD015,view_product,2026-02-04 02:07:31,1
3517,SES00951,PROD078,view_product,2026-02-04 02:09:17,1
3518,SES00951,PROD053,view_product,2026-02-04 02:10:43,1
3519,SES00951,PROD078,add_to_cart,2026-02-04 02:14:10,1
3520,SES00951,PROD078,begin_checkout,2026-02-04 02:18:22,1
3521,SES00952,PROD051,view_product,2026-02-27 07:48:19,1
3522,SES00952,PROD032,view_product,2026-02-27 07:49:27,1
3523,SES00952,PROD019,view_product,2026-02-27 07:51:29,1
3524,SES00952,PROD032,add_to_cart,2026-02-27 07:53:43,1
3525,SES00952,PROD032,begin_checkout,2026-02-27 07:55:57,1
3526,SES00952,PROD032,purchase,2026-02-27 08:04:02,1
3527,SES00953,PROD010,view_product,2026-02-15 03:46:33,1
3528,SES00953,PROD077,view_product,2026-02-15 03:49:04,1
3529,SES00953,PROD038,view_product,2026-02-15 03:51:16,1
3530,SES00953,PROD046,view_product,2026-02-15 03:51:36,1
3531,SES00954,PROD065,view_product,2026-02-16 13:13:44,1
3532,SES00954,PROD022,view_product,2026-02-16 13:14:31,1
3533,SES00954,PROD002,view_product,2026-02-16 13:17:04,1
3534,SES00954,PROD065,add_to_cart,2026-02-16 13:20:00,1
3535,SES00954,PROD065,begin_checkout,2026-02-16 13:20:42,1
3536,SES00955,PROD067,view_product,2026-02-03 16:26:23,1
3537,SES00955,PROD067,add_to_cart,2026-02-03 16:28:28,1
3538,SES00956,PROD049,view_product,2026-03-12 17:57:39,1
3539,SES00956,PROD043,view_product,2026-03-12 17:59:41,1
3540,SES00957,PROD036,view_product,2026-03-15 23:50:52,1
3541,SES00957,PROD051,view_product,2026-03-15 23:52:19,1
3542,SES00957,PROD029,view_product,2026-03-15 23:52:32,1
3543,SES00957,PROD006,view_product,2026-03-15 23:53:16,1
3544,SES00957,PROD051,add_to_cart,2026-03-15 23:57:02,1
3545,SES00958,PROD005,view_product,2026-03-30 22:38:15,1
3546,SES00958,PROD034,view_product,2026-03-30 22:38:41,1
3547,SES00958,PROD005,add_to_cart,2026-03-30 22:41:02,2
3548,SES00958,PROD005,begin_checkout,2026-03-30 22:45:27,2
3549,SES00959,PROD072,view_product,2026-03-24 14:04:38,1
3550,SES00959,PROD071,view_product,2026-03-24 14:06:11,1
3551,SES00959,PROD095,view_product,2026-03-24 14:08:35,1
3552,SES00959,PROD043,view_product,2026-03-24 14:09:24,1
3553,SES00959,PROD081,view_product,2026-03-24 14:12:24,1
3554,SES00960,PROD029,view_product,2026-01-28 02:04:05,1
3555,SES00960,PROD003,view_product,2026-01-28 02:06:18,1
3556,SES00960,PROD003,add_to_cart,2026-01-28 02:09:38,1
3557,SES00961,PROD072,view_product,2026-03-19 20:03:13,1
3558,SES00961,PROD029,view_product,2026-03-19 20:04:26,1
3559,SES00962,PROD054,view_product,2026-02-22 15:26:51,1
3560,SES00962,PROD073,view_product,2026-02-22 15:28:03,1
3561,SES00962,PROD043,view_product,2026-02-22 15:28:54,1
3562,SES00962,PROD039,view_product,2026-02-22 15:31:43,1
3563,SES00963,PROD056,view_product,2026-01-07 10:34:10,1
3564,SES00964,PROD063,view_product,2026-02-02 09:49:18,1
3565,SES00964,PROD051,view_product,2026-02-02 09:50:22,1
3566,SES00965,PROD021,view_product,2026-01-28 19:33:45,1
3567,SES00965,PROD077,view_product,2026-01-28 19:35:31,1
3568,SES00965,PROD042,view_product,2026-01-28 19:36:02,1
3569,SES00965,PROD021,add_to_cart,2026-01-28 19:36:19,1
3570,SES00965,PROD021,begin_checkout,2026-01-28 19:40:28,1
3571,SES00966,PROD001,view_product,2026-03-20 11:02:31,1
3572,SES00966,PROD001,add_to_cart,2026-03-20 11:06:21,1
3573,SES00966,PROD001,begin_checkout,2026-03-20 11:09:53,1
3574,SES00967,PROD011,view_product,2026-01-31 01:49:30,1
3575,SES00967,PROD006,view_product,2026-01-31 01:51:20,1
3576,SES00967,PROD079,view_product,2026-01-31 01:53:35,1
3577,SES00967,PROD001,view_product,2026-01-31 01:54:12,1
3578,SES00967,PROD025,view_product,2026-01-31 01:55:30,1
3579,SES00968,PROD078,view_product,2026-03-22 18:16:43,1
3580,SES00968,PROD034,view_product,2026-03-22 18:17:17,1
3581,SES00968,PROD021,view_product,2026-03-22 18:19:34,1
3582,SES00968,PROD083,view_product,2026-03-22 18:22:19,1
3583,SES00968,PROD021,add_to_cart,2026-03-22 18:26:12,1
3584,SES00968,PROD021,begin_checkout,2026-03-22 18:28:05,1
3585,SES00969,PROD054,view_product,2026-02-04 19:58:42,1
3586,SES00969,PROD031,view_product,2026-02-04 19:59:45,1
3587,SES00969,PROD040,view_product,2026-02-04 20:00:56,1
3588,SES00969,PROD086,view_product,2026-02-04 20:03:04,1
3589,SES00969,PROD031,add_to_cart,2026-02-04 20:03:34,1
3590,SES00969,PROD031,begin_checkout,2026-02-04 20:05:04,1
3591,SES00970,PROD089,view_product,2026-01-13 05:52:36,1
3592,SES00970,PROD041,view_product,2026-01-13 05:54:49,1
3593,SES00970,PROD075,view_product,2026-01-13 05:56:50,1
3594,SES00971,PROD039,view_product,2026-03-06 21:11:07,1
3595,SES00971,PROD091,view_product,2026-03-06 21:12:50,1
3596,SES00971,PROD027,view_product,2026-03-06 21:13:40,1
3597,SES00971,PROD061,view_product,2026-03-06 21:15:30,1
3598,SES00971,PROD084,view_product,2026-03-06 21:16:29,1
3599,SES00971,PROD039,add_to_cart,2026-03-06 21:20:22,1
3600,SES00972,PROD058,view_product,2026-02-15 00:04:30,1
3601,SES00972,PROD018,view_product,2026-02-15 00:07:28,1
3602,SES00972,PROD042,view_product,2026-02-15 00:08:58,1
3603,SES00973,PROD054,view_product,2026-01-18 20:41:19,1
3604,SES00973,PROD012,view_product,2026-01-18 20:42:06,1
3605,SES00973,PROD063,view_product,2026-01-18 20:42:26,1
3606,SES00974,PROD005,view_product,2026-02-06 23:29:39,1
3607,SES00974,PROD099,view_product,2026-02-06 23:31:16,1
3608,SES00974,PROD002,view_product,2026-02-06 23:34:03,1
3609,SES00974,PROD081,view_product,2026-02-06 23:35:48,1
3610,SES00974,PROD005,add_to_cart,2026-02-06 23:39:34,1
3611,SES00975,PROD036,view_product,2026-03-08 01:23:23,1
3612,SES00975,PROD068,view_product,2026-03-08 01:24:23,1
3613,SES00975,PROD051,view_product,2026-03-08 01:26:24,1
3614,SES00975,PROD076,view_product,2026-03-08 01:26:44,1
3615,SES00975,PROD079,view_product,2026-03-08 01:28:50,1
3616,SES00976,PROD076,view_product,2026-03-15 07:36:21,1
3617,SES00976,PROD081,view_product,2026-03-15 07:38:29,1
3618,SES00976,PROD009,view_product,2026-03-15 07:41:14,1
3619,SES00976,PROD061,view_product,2026-03-15 07:43:50,1
3620,SES00976,PROD009,add_to_cart,2026-03-15 07:45:02,2
3621,SES00976,PROD009,begin_checkout,2026-03-15 07:48:05,2
3622,SES00977,PROD051,view_product,2026-03-21 07:10:25,1
3623,SES00977,PROD034,view_product,2026-03-21 07:11:33,1
3624,SES00977,PROD001,view_product,2026-03-21 07:11:53,1
3625,SES00977,PROD034,add_to_cart,2026-03-21 07:12:08,1
3626,SES00977,PROD034,begin_checkout,2026-03-21 07:13:16,1
3627,SES00978,PROD099,view_product,2026-03-19 01:33:02,1
3628,SES00978,PROD077,view_product,2026-03-19 01:35:19,1
3629,SES00978,PROD085,view_product,2026-03-19 01:37:57,1
3630,SES00978,PROD085,add_to_cart,2026-03-19 01:41:31,1
3631,SES00978,PROD085,begin_checkout,2026-03-19 01:44:01,1
3632,SES00979,PROD011,view_product,2026-02-10 05:01:41,1
3633,SES00979,PROD043,view_product,2026-02-10 05:01:56,1
3634,SES00979,PROD083,view_product,2026-02-10 05:02:31,1
3635,SES00979,PROD032,view_product,2026-02-10 05:03:14,1
3636,SES00980,PROD027,view_product,2026-01-29 09:09:23,1
3637,SES00980,PROD094,view_product,2026-01-29 09:10:46,1
3638,SES00980,PROD021,view_product,2026-01-29 09:12:15,1
3639,SES00980,PROD047,view_product,2026-01-29 09:14:43,1
3640,SES00981,PROD009,view_product,2026-03-26 18:46:29,1
3641,SES00981,PROD100,view_product,2026-03-26 18:47:24,1
3642,SES00981,PROD100,add_to_cart,2026-03-26 18:49:47,1
3643,SES00982,PROD046,view_product,2026-01-12 20:31:01,1
3644,SES00982,PROD046,add_to_cart,2026-01-12 20:33:35,2
3645,SES00983,PROD009,view_product,2026-03-23 01:23:22,1
3646,SES00983,PROD009,add_to_cart,2026-03-23 01:26:33,1
3647,SES00983,PROD009,begin_checkout,2026-03-23 01:31:08,1
3648,SES00984,PROD014,view_product,2026-03-03 00:41:47,1
3649,SES00984,PROD066,view_product,2026-03-03 00:42:39,1
3650,SES00984,PROD100,view_product,2026-03-03 00:43:37,1
3651,SES00984,PROD052,view_product,2026-03-03 00:46:25,1
3652,SES00985,PROD072,view_product,2026-01-07 11:54:54,1
3653,SES00985,PROD099,view_product,2026-01-07 11:57:48,1
3654,SES00985,PROD059,view_product,2026-01-07 11:59:32,1
3655,SES00985,PROD050,view_product,2026-01-07 12:00:32,1
3656,SES00986,PROD084,view_product,2026-02-25 10:23:16,1
3657,SES00986,PROD044,view_product,2026-02-25 10:24:46,1
3658,SES00986,PROD054,view_product,2026-02-25 10:26:54,1
3659,SES00986,PROD084,add_to_cart,2026-02-25 10:29:32,1
3660,SES00987,PROD016,view_product,2026-02-23 17:59:41,1
3661,SES00987,PROD080,view_product,2026-02-23 18:01:12,1
3662,SES00987,PROD005,view_product,2026-02-23 18:02:24,1
3663,SES00987,PROD080,add_to_cart,2026-02-23 18:06:18,1
3664,SES00987,PROD080,begin_checkout,2026-02-23 18:09:21,1
3665,SES00988,PROD036,view_product,2026-03-09 13:36:44,1
3666,SES00988,PROD044,view_product,2026-03-09 13:37:13,1
3667,SES00989,PROD042,view_product,2026-03-13 17:08:17,1
3668,SES00989,PROD024,view_product,2026-03-13 17:09:02,1
3669,SES00989,PROD092,view_product,2026-03-13 17:11:26,1
3670,SES00990,PROD041,view_product,2026-02-05 04:48:17,1
3671,SES00990,PROD016,view_product,2026-02-05 04:49:21,1
3672,SES00990,PROD024,view_product,2026-02-05 04:52:00,1
3673,SES00991,PROD092,view_product,2026-03-31 05:08:12,1
3674,SES00992,PROD013,view_product,2026-02-23 00:25:42,1
3675,SES00992,PROD052,view_product,2026-02-23 00:27:11,1
3676,SES00992,PROD097,view_product,2026-02-23 00:29:08,1
3677,SES00992,PROD052,add_to_cart,2026-02-23 00:29:36,1
3678,SES00992,PROD052,begin_checkout,2026-02-23 00:30:54,1
3679,SES00993,PROD070,view_product,2026-02-16 07:28:54,1
3680,SES00993,PROD014,view_product,2026-02-16 07:31:27,1
3681,SES00993,PROD034,view_product,2026-02-16 07:32:40,1
3682,SES00993,PROD021,view_product,2026-02-16 07:33:10,1
3683,SES00993,PROD014,add_to_cart,2026-02-16 07:35:50,1
3684,SES00994,PROD095,view_product,2026-02-15 15:57:13,1
3685,SES00994,PROD088,view_product,2026-02-15 15:58:24,1
3686,SES00995,PROD064,view_product,2026-01-27 12:53:17,1
3687,SES00995,PROD071,view_product,2026-01-27 12:53:42,1
3688,SES00996,PROD076,view_product,2026-03-22 02:28:12,1
3689,SES00996,PROD053,view_product,2026-03-22 02:29:25,1
3690,SES00996,PROD075,view_product,2026-03-22 02:32:12,1
3691,SES00996,PROD037,view_product,2026-03-22 02:32:53,1
3692,SES00997,PROD096,view_product,2026-01-01 03:23:47,1
3693,SES00997,PROD033,view_product,2026-01-01 03:26:24,1
3694,SES00997,PROD096,add_to_cart,2026-01-01 03:27:42,2
3695,SES00997,PROD096,begin_checkout,2026-01-01 03:28:32,2
3696,SES00997,PROD096,purchase,2026-01-01 03:33:47,2
3697,SES00998,PROD092,view_product,2026-01-27 20:24:34,1
3698,SES00998,PROD015,view_product,2026-01-27 20:26:29,1
3699,SES00998,PROD092,add_to_cart,2026-01-27 20:27:21,1
3700,SES00999,PROD088,view_product,2026-02-26 13:36:45,1
3701,SES00999,PROD036,view_product,2026-02-26 13:37:32,1
3702,SES00999,PROD057,view_product,2026-02-26 13:38:34,1
3703,SES00999,PROD085,view_product,2026-02-26 13:40:23,1
3704,SES00999,PROD026,view_product,2026-02-26 13:42:03,1
3705,SES00999,PROD036,add_to_cart,2026-02-26 13:43:28,1
3706,SES00999,PROD036,begin_checkout,2026-02-26 13:46:07,1
3707,SES00999,PROD036,purchase,2026-02-26 13:55:01,1
3708,SES01000,PROD037,view_product,2026-03-16 12:58:19,1
3709,SES01000,PROD037,add_to_cart,2026-03-16 12:58:37,1
3710,SES01000,PROD037,begin_checkout,2026-03-16 12:59:40,1
3711,SES01000,PROD037,purchase,2026-03-16 13:06:36,1
3712,SES01001,PROD035,view_product,2026-03-25 20:56:42,1
3713,SES01001,PROD021,view_product,2026-03-25 20:57:26,1
3714,SES01001,PROD062,view_product,2026-03-25 20:57:40,1
3715,SES01001,PROD029,view_product,2026-03-25 20:58:50,1
3716,SES01002,PROD093,view_product,2026-02-19 11:42:09,1
3717,SES01002,PROD048,view_product,2026-02-19 11:42:44,1
3718,SES01002,PROD067,view_product,2026-02-19 11:44:03,1
3719,SES01003,PROD031,view_product,2026-02-09 04:44:46,1
3720,SES01003,PROD031,add_to_cart,2026-02-09 04:47:52,1
3721,SES01004,PROD081,view_product,2026-02-25 18:31:16,1
3722,SES01004,PROD064,view_product,2026-02-25 18:31:26,1
3723,SES01004,PROD081,add_to_cart,2026-02-25 18:34:37,1
3724,SES01005,PROD093,view_product,2026-02-16 16:52:35,1
3725,SES01005,PROD098,view_product,2026-02-16 16:53:54,1
3726,SES01005,PROD055,view_product,2026-02-16 16:56:34,1
3727,SES01005,PROD098,add_to_cart,2026-02-16 16:59:23,1
3728,SES01005,PROD098,begin_checkout,2026-02-16 17:02:55,1
3729,SES01005,PROD098,purchase,2026-02-16 17:11:58,1
3730,SES01006,PROD098,view_product,2026-02-01 12:40:43,1
3731,SES01006,PROD031,view_product,2026-02-01 12:41:51,1
3732,SES01006,PROD069,view_product,2026-02-01 12:43:51,1
3733,SES01006,PROD043,view_product,2026-02-01 12:46:24,1
3734,SES01006,PROD098,add_to_cart,2026-02-01 12:47:14,1
3735,SES01006,PROD098,begin_checkout,2026-02-01 12:48:06,1
3736,SES01007,PROD092,view_product,2026-01-10 23:07:42,1
3737,SES01007,PROD018,view_product,2026-01-10 23:08:47,1
3738,SES01007,PROD029,view_product,2026-01-10 23:10:31,1
3739,SES01007,PROD095,view_product,2026-01-10 23:11:05,1
3740,SES01007,PROD092,add_to_cart,2026-01-10 23:13:04,2
3741,SES01007,PROD092,begin_checkout,2026-01-10 23:15:57,2
3742,SES01007,PROD092,purchase,2026-01-10 23:24:37,2
3743,SES01008,PROD006,view_product,2026-03-28 04:46:37,1
3744,SES01008,PROD061,view_product,2026-03-28 04:49:05,1
3745,SES01008,PROD006,add_to_cart,2026-03-28 04:51:25,2
3746,SES01009,PROD074,view_product,2026-03-01 01:20:51,1
3747,SES01009,PROD036,view_product,2026-03-01 01:22:50,1
3748,SES01010,PROD095,view_product,2026-03-15 03:23:22,1
3749,SES01011,PROD094,view_product,2026-01-19 16:40:36,1
3750,SES01011,PROD094,add_to_cart,2026-01-19 16:42:06,1
3751,SES01011,PROD094,begin_checkout,2026-01-19 16:46:26,1
3752,SES01011,PROD094,purchase,2026-01-19 16:49:43,1
3753,SES01012,PROD088,view_product,2026-02-05 14:20:45,1
3754,SES01012,PROD056,view_product,2026-02-05 14:21:35,1
3755,SES01012,PROD020,view_product,2026-02-05 14:23:46,1
3756,SES01012,PROD088,add_to_cart,2026-02-05 14:26:17,1
3757,SES01012,PROD088,begin_checkout,2026-02-05 14:30:22,1
3758,SES01012,PROD088,purchase,2026-02-05 14:34:03,1
3759,SES01013,PROD092,view_product,2026-01-23 06:15:07,1
3760,SES01013,PROD072,view_product,2026-01-23 06:16:41,1
3761,SES01013,PROD087,view_product,2026-01-23 06:18:46,1
3762,SES01013,PROD068,view_product,2026-01-23 06:19:36,1
3763,SES01013,PROD076,view_product,2026-01-23 06:22:18,1
3764,SES01014,PROD036,view_product,2026-03-26 07:31:55,1
3765,SES01014,PROD041,view_product,2026-03-26 07:32:10,1
3766,SES01014,PROD034,view_product,2026-03-26 07:33:10,1
3767,SES01014,PROD078,view_product,2026-03-26 07:35:03,1
3768,SES01014,PROD078,add_to_cart,2026-03-26 07:39:01,2
3769,SES01014,PROD078,begin_checkout,2026-03-26 07:40:35,2
3770,SES01015,PROD092,view_product,2026-03-18 17:56:19,1
3771,SES01015,PROD095,view_product,2026-03-18 17:58:46,1
3772,SES01015,PROD018,view_product,2026-03-18 17:59:55,1
3773,SES01015,PROD007,view_product,2026-03-18 18:00:37,1
3774,SES01015,PROD067,view_product,2026-03-18 18:01:48,1
3775,SES01016,PROD044,view_product,2026-03-27 20:53:25,1
3776,SES01017,PROD027,view_product,2026-01-14 05:22:12,1
3777,SES01017,PROD018,view_product,2026-01-14 05:22:44,1
3778,SES01017,PROD029,view_product,2026-01-14 05:25:06,1
3779,SES01017,PROD090,view_product,2026-01-14 05:25:53,1
3780,SES01018,PROD022,view_product,2026-02-23 01:58:09,1
3781,SES01018,PROD088,view_product,2026-02-23 01:58:27,1
3782,SES01018,PROD036,view_product,2026-02-23 01:58:39,1
3783,SES01018,PROD044,view_product,2026-02-23 01:58:55,1
3784,SES01019,PROD011,view_product,2026-03-29 13:15:51,1
3785,SES01019,PROD089,view_product,2026-03-29 13:18:18,1
3786,SES01019,PROD025,view_product,2026-03-29 13:21:13,1
3787,SES01019,PROD062,view_product,2026-03-29 13:22:58,1
3788,SES01019,PROD013,view_product,2026-03-29 13:23:22,1
3789,SES01020,PROD087,view_product,2026-03-11 19:56:24,1
3790,SES01020,PROD015,view_product,2026-03-11 19:57:48,1
3791,SES01020,PROD065,view_product,2026-03-11 19:59:04,1
3792,SES01020,PROD083,view_product,2026-03-11 19:59:54,1
3793,SES01020,PROD015,add_to_cart,2026-03-11 20:02:36,1
3794,SES01020,PROD015,begin_checkout,2026-03-11 20:05:33,1
3795,SES01020,PROD015,purchase,2026-03-11 20:07:51,1
3796,SES01021,PROD049,view_product,2026-01-29 01:24:15,1
3797,SES01021,PROD061,view_product,2026-01-29 01:26:16,1
3798,SES01021,PROD006,view_product,2026-01-29 01:28:25,1
3799,SES01021,PROD006,add_to_cart,2026-01-29 01:31:29,1
3800,SES01021,PROD006,begin_checkout,2026-01-29 01:34:04,1
3801,SES01022,PROD049,view_product,2026-03-30 18:52:58,1
3802,SES01022,PROD073,view_product,2026-03-30 18:53:46,1
3803,SES01022,PROD016,view_product,2026-03-30 18:55:04,1
3804,SES01022,PROD031,view_product,2026-03-30 18:57:24,1
3805,SES01022,PROD016,add_to_cart,2026-03-30 18:57:51,1
3806,SES01022,PROD016,begin_checkout,2026-03-30 18:59:48,1
3807,SES01023,PROD027,view_product,2026-03-11 08:27:29,1
3808,SES01023,PROD031,view_product,2026-03-11 08:30:01,1
3809,SES01023,PROD053,view_product,2026-03-11 08:32:08,1
3810,SES01023,PROD078,view_product,2026-03-11 08:34:56,1
3811,SES01023,PROD027,add_to_cart,2026-03-11 08:38:30,1
3812,SES01024,PROD035,view_product,2026-03-31 18:34:44,1
3813,SES01025,PROD068,view_product,2026-01-25 13:07:22,1
3814,SES01025,PROD095,view_product,2026-01-25 13:10:16,1
3815,SES01025,PROD001,view_product,2026-01-25 13:11:11,1
3816,SES01025,PROD034,view_product,2026-01-25 13:13:41,1
3817,SES01025,PROD081,view_product,2026-01-25 13:15:52,1
3818,SES01026,PROD068,view_product,2026-02-20 01:35:23,1
3819,SES01026,PROD083,view_product,2026-02-20 01:37:15,1
3820,SES01026,PROD068,add_to_cart,2026-02-20 01:38:06,1
3821,SES01027,PROD053,view_product,2026-01-17 14:09:45,1
3822,SES01027,PROD039,view_product,2026-01-17 14:10:57,1
3823,SES01027,PROD021,view_product,2026-01-17 14:12:54,1
3824,SES01028,PROD100,view_product,2026-03-24 01:07:13,1
3825,SES01028,PROD033,view_product,2026-03-24 01:07:33,1
3826,SES01028,PROD011,view_product,2026-03-24 01:09:22,1
3827,SES01028,PROD011,add_to_cart,2026-03-24 01:11:07,1
3828,SES01029,PROD044,view_product,2026-02-03 02:37:36,1
3829,SES01029,PROD070,view_product,2026-02-03 02:39:01,1
3830,SES01029,PROD088,view_product,2026-02-03 02:40:00,1
3831,SES01030,PROD053,view_product,2026-01-03 06:14:54,1
3832,SES01030,PROD036,view_product,2026-01-03 06:17:31,1
3833,SES01030,PROD038,view_product,2026-01-03 06:19:56,1
3834,SES01031,PROD072,view_product,2026-03-16 23:00:52,1
3835,SES01031,PROD090,view_product,2026-03-16 23:03:14,1
3836,SES01031,PROD090,add_to_cart,2026-03-16 23:04:03,1
3837,SES01031,PROD090,begin_checkout,2026-03-16 23:05:04,1
3838,SES01032,PROD027,view_product,2026-03-04 01:11:05,1
3839,SES01032,PROD028,view_product,2026-03-04 01:12:45,1
3840,SES01032,PROD028,add_to_cart,2026-03-04 01:16:01,1
3841,SES01032,PROD028,begin_checkout,2026-03-04 01:18:24,1
3842,SES01033,PROD060,view_product,2026-01-09 17:53:43,1
3843,SES01033,PROD093,view_product,2026-01-09 17:54:43,1
3844,SES01033,PROD016,view_product,2026-01-09 17:55:54,1
3845,SES01033,PROD070,view_product,2026-01-09 17:58:35,1
3846,SES01033,PROD007,view_product,2026-01-09 17:59:08,1
3847,SES01034,PROD053,view_product,2026-02-09 07:42:38,1
3848,SES01035,PROD098,view_product,2026-03-31 03:26:03,1
3849,SES01035,PROD042,view_product,2026-03-31 03:28:21,1
3850,SES01035,PROD050,view_product,2026-03-31 03:30:15,1
3851,SES01035,PROD013,view_product,2026-03-31 03:32:46,1
3852,SES01036,PROD076,view_product,2026-02-24 22:41:33,1
3853,SES01036,PROD076,add_to_cart,2026-02-24 22:42:20,1
3854,SES01037,PROD034,view_product,2026-03-08 20:05:30,1
3855,SES01037,PROD094,view_product,2026-03-08 20:07:26,1
3856,SES01037,PROD037,view_product,2026-03-08 20:07:36,1
3857,SES01037,PROD077,view_product,2026-03-08 20:10:24,1
3858,SES01038,PROD078,view_product,2026-02-03 13:47:42,1
3859,SES01038,PROD010,view_product,2026-02-03 13:50:35,1
3860,SES01038,PROD016,view_product,2026-02-03 13:53:12,1
3861,SES01038,PROD016,add_to_cart,2026-02-03 13:54:26,1
3862,SES01038,PROD016,begin_checkout,2026-02-03 13:59:00,1
3863,SES01038,PROD016,purchase,2026-02-03 14:00:27,1
3864,SES01039,PROD078,view_product,2026-03-25 01:42:14,1
3865,SES01039,PROD065,view_product,2026-03-25 01:42:42,1
3866,SES01039,PROD065,add_to_cart,2026-03-25 01:44:44,1
3867,SES01039,PROD065,begin_checkout,2026-03-25 01:47:24,1
3868,SES01040,PROD047,view_product,2026-02-17 12:59:48,1
3869,SES01040,PROD047,add_to_cart,2026-02-17 13:01:44,1
3870,SES01040,PROD047,begin_checkout,2026-02-17 13:02:37,1
3871,SES01040,PROD047,purchase,2026-02-17 13:05:15,1
3872,SES01041,PROD067,view_product,2026-01-02 17:53:15,1
3873,SES01041,PROD067,add_to_cart,2026-01-02 17:53:52,2
3874,SES01042,PROD013,view_product,2026-03-08 11:58:10,1
3875,SES01042,PROD023,view_product,2026-03-08 11:59:25,1
3876,SES01043,PROD063,view_product,2026-02-19 10:16:47,1
3877,SES01044,PROD034,view_product,2026-03-29 14:48:20,1
3878,SES01044,PROD038,view_product,2026-03-29 14:49:47,1
3879,SES01044,PROD096,view_product,2026-03-29 14:52:18,1
3880,SES01044,PROD006,view_product,2026-03-29 14:52:29,1
3881,SES01044,PROD015,view_product,2026-03-29 14:54:54,1
3882,SES01045,PROD095,view_product,2026-01-24 01:15:34,1
3883,SES01045,PROD068,view_product,2026-01-24 01:16:43,1
3884,SES01045,PROD018,view_product,2026-01-24 01:19:38,1
3885,SES01045,PROD053,view_product,2026-01-24 01:21:23,1
3886,SES01045,PROD006,view_product,2026-01-24 01:24:10,1
3887,SES01046,PROD065,view_product,2026-02-13 20:10:44,1
3888,SES01047,PROD092,view_product,2026-01-29 02:16:05,1
3889,SES01048,PROD099,view_product,2026-03-15 10:10:00,1
3890,SES01048,PROD080,view_product,2026-03-15 10:11:25,1
3891,SES01048,PROD074,view_product,2026-03-15 10:13:56,1
3892,SES01048,PROD049,view_product,2026-03-15 10:16:50,1
3893,SES01049,PROD067,view_product,2026-03-07 20:31:44,1
3894,SES01049,PROD067,add_to_cart,2026-03-07 20:34:42,1
3895,SES01050,PROD073,view_product,2026-01-10 23:53:30,1
3896,SES01050,PROD080,view_product,2026-01-10 23:54:28,1
3897,SES01050,PROD025,view_product,2026-01-10 23:55:05,1
3898,SES01050,PROD073,add_to_cart,2026-01-10 23:55:56,1
3899,SES01051,PROD061,view_product,2026-01-06 07:39:52,1
3900,SES01051,PROD020,view_product,2026-01-06 07:41:48,1
3901,SES01051,PROD051,view_product,2026-01-06 07:42:05,1
3902,SES01051,PROD082,view_product,2026-01-06 07:44:59,1
3903,SES01051,PROD016,view_product,2026-01-06 07:47:02,1
3904,SES01051,PROD020,add_to_cart,2026-01-06 07:50:22,1
3905,SES01051,PROD020,begin_checkout,2026-01-06 07:52:44,1
3906,SES01051,PROD020,purchase,2026-01-06 07:59:54,1
3907,SES01052,PROD001,view_product,2026-03-15 12:00:57,1
3908,SES01052,PROD045,view_product,2026-03-15 12:01:37,1
3909,SES01052,PROD053,view_product,2026-03-15 12:02:23,1
3910,SES01053,PROD052,view_product,2026-01-03 21:47:35,1
3911,SES01053,PROD076,view_product,2026-01-03 21:50:04,1
3912,SES01054,PROD053,view_product,2026-03-18 01:56:25,1
3913,SES01054,PROD081,view_product,2026-03-18 01:56:38,1
3914,SES01054,PROD010,view_product,2026-03-18 01:59:11,1
3915,SES01055,PROD041,view_product,2026-03-08 13:44:59,1
3916,SES01055,PROD074,view_product,2026-03-08 13:45:58,1
3917,SES01055,PROD044,view_product,2026-03-08 13:47:16,1
3918,SES01055,PROD097,view_product,2026-03-08 13:49:08,1
3919,SES01055,PROD016,view_product,2026-03-08 13:51:36,1
3920,SES01055,PROD016,add_to_cart,2026-03-08 13:53:10,1
3921,SES01056,PROD097,view_product,2026-03-24 23:29:15,1
3922,SES01056,PROD029,view_product,2026-03-24 23:31:16,1
3923,SES01056,PROD001,view_product,2026-03-24 23:33:59,1
3924,SES01056,PROD086,view_product,2026-03-24 23:35:49,1
3925,SES01057,PROD010,view_product,2026-03-22 22:42:07,1
3926,SES01057,PROD011,view_product,2026-03-22 22:44:53,1
3927,SES01057,PROD010,add_to_cart,2026-03-22 22:45:24,1
3928,SES01057,PROD010,begin_checkout,2026-03-22 22:46:22,1
3929,SES01057,PROD010,purchase,2026-03-22 22:52:07,1
3930,SES01058,PROD081,view_product,2026-02-26 04:54:58,1
3931,SES01058,PROD067,view_product,2026-02-26 04:57:37,1
3932,SES01059,PROD035,view_product,2026-02-10 21:14:22,1
3933,SES01059,PROD003,view_product,2026-02-10 21:16:25,1
3934,SES01059,PROD064,view_product,2026-02-10 21:19:08,1
3935,SES01059,PROD035,add_to_cart,2026-02-10 21:21:17,1
3936,SES01060,PROD003,view_product,2026-02-09 23:14:32,1
3937,SES01060,PROD072,view_product,2026-02-09 23:17:22,1
3938,SES01060,PROD012,view_product,2026-02-09 23:19:33,1
3939,SES01061,PROD099,view_product,2026-01-16 15:06:46,1
3940,SES01061,PROD099,add_to_cart,2026-01-16 15:07:50,1
3941,SES01061,PROD099,begin_checkout,2026-01-16 15:12:12,1
3942,SES01062,PROD045,view_product,2026-01-31 12:08:58,1
3943,SES01062,PROD052,view_product,2026-01-31 12:11:07,1
3944,SES01063,PROD011,view_product,2026-03-24 11:37:48,1
3945,SES01063,PROD011,add_to_cart,2026-03-24 11:41:15,1
3946,SES01063,PROD011,begin_checkout,2026-03-24 11:46:07,1
3947,SES01064,PROD025,view_product,2026-03-28 06:09:06,1
3948,SES01065,PROD093,view_product,2026-02-22 22:23:48,1
3949,SES01066,PROD056,view_product,2026-02-08 09:48:37,1
3950,SES01066,PROD056,add_to_cart,2026-02-08 09:49:44,1
3951,SES01067,PROD060,view_product,2026-02-08 16:16:59,1
3952,SES01067,PROD095,view_product,2026-02-08 16:19:59,1
3953,SES01068,PROD063,view_product,2026-01-08 07:13:23,1
3954,SES01069,PROD074,view_product,2026-03-05 08:25:48,1
3955,SES01069,PROD070,view_product,2026-03-05 08:28:03,1
3956,SES01070,PROD032,view_product,2026-03-15 14:00:36,1
3957,SES01070,PROD015,view_product,2026-03-15 14:02:30,1
3958,SES01070,PROD066,view_product,2026-03-15 14:02:47,1
3959,SES01070,PROD023,view_product,2026-03-15 14:04:23,1
3960,SES01070,PROD070,view_product,2026-03-15 14:05:31,1
3961,SES01071,PROD052,view_product,2026-02-17 20:24:16,1
3962,SES01071,PROD088,view_product,2026-02-17 20:24:41,1
3963,SES01071,PROD016,view_product,2026-02-17 20:26:34,1
3964,SES01071,PROD059,view_product,2026-02-17 20:28:51,1
3965,SES01071,PROD059,add_to_cart,2026-02-17 20:32:32,1
3966,SES01071,PROD059,begin_checkout,2026-02-17 20:33:09,1
3967,SES01071,PROD059,purchase,2026-02-17 20:34:11,1
3968,SES01072,PROD087,view_product,2026-01-17 14:21:00,1
3969,SES01072,PROD021,view_product,2026-01-17 14:23:58,1
3970,SES01072,PROD012,view_product,2026-01-17 14:25:41,1
3971,SES01072,PROD021,add_to_cart,2026-01-17 14:27:50,1
3972,SES01073,PROD010,view_product,2026-01-15 14:19:52,1
3973,SES01073,PROD074,view_product,2026-01-15 14:21:25,1
3974,SES01074,PROD069,view_product,2026-03-15 07:13:28,1
3975,SES01074,PROD099,view_product,2026-03-15 07:16:17,1
3976,SES01074,PROD088,view_product,2026-03-15 07:19:02,1
3977,SES01074,PROD035,view_product,2026-03-15 07:21:30,1
3978,SES01074,PROD031,view_product,2026-03-15 07:22:53,1
3979,SES01075,PROD005,view_product,2026-01-16 08:58:14,1
3980,SES01075,PROD078,view_product,2026-01-16 09:01:13,1
3981,SES01075,PROD089,view_product,2026-01-16 09:03:41,1
3982,SES01076,PROD039,view_product,2026-02-27 04:11:47,1
3983,SES01076,PROD078,view_product,2026-02-27 04:14:33,1
3984,SES01077,PROD059,view_product,2026-01-28 12:47:25,1
3985,SES01077,PROD097,view_product,2026-01-28 12:47:58,1
3986,SES01077,PROD005,view_product,2026-01-28 12:49:39,1
3987,SES01077,PROD089,view_product,2026-01-28 12:50:34,1
3988,SES01077,PROD084,view_product,2026-01-28 12:51:44,1
3989,SES01078,PROD004,view_product,2026-01-20 00:43:17,1
3990,SES01078,PROD079,view_product,2026-01-20 00:44:37,1
3991,SES01078,PROD004,add_to_cart,2026-01-20 00:45:08,2
3992,SES01079,PROD080,view_product,2026-03-01 06:26:35,1
3993,SES01079,PROD074,view_product,2026-03-01 06:28:54,1
3994,SES01080,PROD026,view_product,2026-03-23 06:29:48,1
3995,SES01080,PROD064,view_product,2026-03-23 06:31:19,1
3996,SES01080,PROD096,view_product,2026-03-23 06:33:43,1
3997,SES01080,PROD005,view_product,2026-03-23 06:33:53,1
3998,SES01080,PROD083,view_product,2026-03-23 06:35:45,1
3999,SES01081,PROD085,view_product,2026-02-05 19:07:01,1
4000,SES01082,PROD087,view_product,2026-02-02 05:20:26,1
4001,SES01082,PROD087,add_to_cart,2026-02-02 05:22:08,1
4002,SES01083,PROD046,view_product,2026-02-08 04:11:02,1
4003,SES01083,PROD079,view_product,2026-02-08 04:11:59,1
4004,SES01084,PROD029,view_product,2026-02-21 17:17:53,1
4005,SES01084,PROD025,view_product,2026-02-21 17:19:30,1
4006,SES01084,PROD070,view_product,2026-02-21 17:21:23,1
4007,SES01084,PROD074,view_product,2026-02-21 17:22:15,1
4008,SES01084,PROD070,add_to_cart,2026-02-21 17:25:44,1
4009,SES01084,PROD070,begin_checkout,2026-02-21 17:30:21,1
4010,SES01084,PROD070,purchase,2026-02-21 17:37:12,1
4011,SES01085,PROD044,view_product,2026-01-17 16:30:07,1
4012,SES01085,PROD068,view_product,2026-01-17 16:31:51,1
4013,SES01085,PROD044,add_to_cart,2026-01-17 16:33:46,1
4014,SES01085,PROD044,begin_checkout,2026-01-17 16:34:29,1
4015,SES01086,PROD097,view_product,2026-03-24 12:57:05,1
4016,SES01086,PROD063,view_product,2026-03-24 12:58:21,1
4017,SES01086,PROD099,view_product,2026-03-24 12:59:28,1
4018,SES01086,PROD063,add_to_cart,2026-03-24 13:00:13,1
4019,SES01087,PROD062,view_product,2026-03-22 00:52:12,1
4020,SES01088,PROD012,view_product,2026-03-10 10:03:58,1
4021,SES01088,PROD012,add_to_cart,2026-03-10 10:05:28,1
4022,SES01088,PROD012,begin_checkout,2026-03-10 10:08:45,1
4023,SES01089,PROD061,view_product,2026-01-17 20:19:34,1
4024,SES01089,PROD094,view_product,2026-01-17 20:21:33,1
4025,SES01089,PROD068,view_product,2026-01-17 20:23:37,1
4026,SES01089,PROD013,view_product,2026-01-17 20:25:08,1
4027,SES01089,PROD068,add_to_cart,2026-01-17 20:26:01,2
4028,SES01090,PROD023,view_product,2026-03-16 17:42:56,1
4029,SES01090,PROD059,view_product,2026-03-16 17:45:21,1
4030,SES01090,PROD050,view_product,2026-03-16 17:46:02,1
4031,SES01091,PROD001,view_product,2026-02-28 17:56:19,1
4032,SES01091,PROD035,view_product,2026-02-28 17:58:40,1
4033,SES01091,PROD047,view_product,2026-02-28 18:01:04,1
4034,SES01091,PROD017,view_product,2026-02-28 18:03:36,1
4035,SES01092,PROD054,view_product,2026-03-11 07:45:53,1
4036,SES01092,PROD008,view_product,2026-03-11 07:48:12,1
4037,SES01092,PROD042,view_product,2026-03-11 07:50:08,1
4038,SES01092,PROD099,view_product,2026-03-11 07:52:13,1
4039,SES01093,PROD095,view_product,2026-03-15 08:33:34,1
4040,SES01093,PROD086,view_product,2026-03-15 08:36:25,1
4041,SES01093,PROD036,view_product,2026-03-15 08:38:01,1
4042,SES01094,PROD037,view_product,2026-03-26 03:49:19,1
4043,SES01094,PROD023,view_product,2026-03-26 03:49:59,1
4044,SES01094,PROD065,view_product,2026-03-26 03:50:30,1
4045,SES01094,PROD017,view_product,2026-03-26 03:52:29,1
4046,SES01094,PROD039,view_product,2026-03-26 03:54:04,1
4047,SES01094,PROD037,add_to_cart,2026-03-26 03:54:29,2
4048,SES01094,PROD037,begin_checkout,2026-03-26 03:57:36,2
4049,SES01094,PROD037,purchase,2026-03-26 04:02:31,2
4050,SES01095,PROD042,view_product,2026-01-08 01:32:26,1
4051,SES01095,PROD042,add_to_cart,2026-01-08 01:34:44,1
4052,SES01095,PROD042,begin_checkout,2026-01-08 01:36:58,1
4053,SES01096,PROD068,view_product,2026-03-21 10:30:24,1
4054,SES01096,PROD079,view_product,2026-03-21 10:31:10,1
4055,SES01096,PROD050,view_product,2026-03-21 10:33:27,1
4056,SES01096,PROD076,view_product,2026-03-21 10:34:33,1
4057,SES01096,PROD080,view_product,2026-03-21 10:36:31,1
4058,SES01097,PROD017,view_product,2026-01-29 09:59:41,1
4059,SES01098,PROD009,view_product,2026-03-10 07:43:16,1
4060,SES01098,PROD068,view_product,2026-03-10 07:44:10,1
4061,SES01099,PROD017,view_product,2026-01-11 06:41:29,1
4062,SES01100,PROD008,view_product,2026-03-04 15:19:58,1
4063,SES01101,PROD027,view_product,2026-02-20 10:46:32,1
4064,SES01101,PROD092,view_product,2026-02-20 10:48:40,1
4065,SES01101,PROD027,add_to_cart,2026-02-20 10:50:38,1
4066,SES01101,PROD027,begin_checkout,2026-02-20 10:51:52,1
4067,SES01102,PROD072,view_product,2026-02-03 23:48:01,1
4068,SES01102,PROD081,view_product,2026-02-03 23:48:45,1
4069,SES01102,PROD035,view_product,2026-02-03 23:50:32,1
4070,SES01102,PROD035,add_to_cart,2026-02-03 23:52:10,2
4071,SES01102,PROD035,begin_checkout,2026-02-03 23:53:26,2
4072,SES01102,PROD035,purchase,2026-02-04 00:02:10,2
4073,SES01103,PROD092,view_product,2026-03-29 07:27:24,1
4074,SES01103,PROD057,view_product,2026-03-29 07:30:19,1
4075,SES01104,PROD073,view_product,2026-01-20 06:09:57,1
4076,SES01104,PROD084,view_product,2026-01-20 06:10:54,1
4077,SES01105,PROD079,view_product,2026-02-01 15:13:53,1
4078,SES01105,PROD028,view_product,2026-02-01 15:15:52,1
4079,SES01105,PROD095,view_product,2026-02-01 15:17:25,1
4080,SES01105,PROD053,view_product,2026-02-01 15:20:23,1
4081,SES01105,PROD022,view_product,2026-02-01 15:23:02,1
4082,SES01105,PROD095,add_to_cart,2026-02-01 15:25:37,1
4083,SES01105,PROD095,begin_checkout,2026-02-01 15:27:32,1
4084,SES01106,PROD041,view_product,2026-03-18 15:20:49,1
4085,SES01106,PROD072,view_product,2026-03-18 15:22:07,1
4086,SES01107,PROD051,view_product,2026-03-13 13:37:21,1
4087,SES01107,PROD038,view_product,2026-03-13 13:37:36,1
4088,SES01108,PROD024,view_product,2026-03-20 17:15:00,1
4089,SES01109,PROD057,view_product,2026-02-26 12:47:30,1
4090,SES01109,PROD009,view_product,2026-02-26 12:47:54,1
4091,SES01109,PROD009,add_to_cart,2026-02-26 12:50:16,1
4092,SES01110,PROD067,view_product,2026-03-21 08:55:24,1
4093,SES01110,PROD032,view_product,2026-03-21 08:56:08,1
4094,SES01110,PROD017,view_product,2026-03-21 08:57:51,1
4095,SES01110,PROD020,view_product,2026-03-21 08:59:42,1
4096,SES01110,PROD004,view_product,2026-03-21 09:00:05,1
4097,SES01111,PROD067,view_product,2026-01-26 18:14:53,1
4098,SES01111,PROD065,view_product,2026-01-26 18:15:56,1
4099,SES01111,PROD073,view_product,2026-01-26 18:17:41,1
4100,SES01111,PROD057,view_product,2026-01-26 18:20:41,1
4101,SES01112,PROD026,view_product,2026-02-08 06:53:46,1
4102,SES01112,PROD026,add_to_cart,2026-02-08 06:55:40,1
4103,SES01113,PROD009,view_product,2026-03-25 00:46:12,1
4104,SES01113,PROD045,view_product,2026-03-25 00:46:45,1
4105,SES01113,PROD021,view_product,2026-03-25 00:47:00,1
4106,SES01113,PROD027,view_product,2026-03-25 00:47:48,1
4107,SES01114,PROD039,view_product,2026-03-31 13:29:13,1
4108,SES01115,PROD074,view_product,2026-03-20 16:22:34,1
4109,SES01116,PROD051,view_product,2026-02-18 12:49:05,1
4110,SES01116,PROD007,view_product,2026-02-18 12:49:53,1
4111,SES01117,PROD053,view_product,2026-03-26 03:38:30,1
4112,SES01117,PROD060,view_product,2026-03-26 03:38:53,1
4113,SES01117,PROD097,view_product,2026-03-26 03:39:32,1
4114,SES01117,PROD085,view_product,2026-03-26 03:42:17,1
4115,SES01118,PROD006,view_product,2026-03-24 06:55:00,1
4116,SES01118,PROD016,view_product,2026-03-24 06:55:18,1
4117,SES01119,PROD026,view_product,2026-03-31 20:39:37,1
4118,SES01119,PROD080,view_product,2026-03-31 20:39:56,1
4119,SES01119,PROD026,add_to_cart,2026-03-31 20:41:37,1
4120,SES01119,PROD026,begin_checkout,2026-03-31 20:42:13,1
4121,SES01120,PROD098,view_product,2026-03-20 18:23:10,1
4122,SES01120,PROD037,view_product,2026-03-20 18:23:45,1
4123,SES01120,PROD098,add_to_cart,2026-03-20 18:26:54,1
4124,SES01120,PROD098,begin_checkout,2026-03-20 18:31:52,1
4125,SES01120,PROD098,purchase,2026-03-20 18:38:37,1
4126,SES01121,PROD076,view_product,2026-01-15 13:50:24,1
4127,SES01122,PROD028,view_product,2026-03-12 01:26:23,1
4128,SES01123,PROD030,view_product,2026-03-18 15:35:33,1
4129,SES01123,PROD030,add_to_cart,2026-03-18 15:37:19,1
4130,SES01123,PROD030,begin_checkout,2026-03-18 15:40:56,1
4131,SES01123,PROD030,purchase,2026-03-18 15:44:09,1
4132,SES01124,PROD062,view_product,2026-03-28 05:27:40,1
4133,SES01124,PROD007,view_product,2026-03-28 05:28:21,1
4134,SES01124,PROD062,add_to_cart,2026-03-28 05:30:58,1
4135,SES01124,PROD062,begin_checkout,2026-03-28 05:31:58,1
4136,SES01124,PROD062,purchase,2026-03-28 05:34:00,1
4137,SES01125,PROD017,view_product,2026-03-12 09:09:20,1
4138,SES01125,PROD037,view_product,2026-03-12 09:12:16,1
4139,SES01126,PROD029,view_product,2026-03-25 21:25:03,1
4140,SES01126,PROD029,add_to_cart,2026-03-25 21:27:55,1
4141,SES01126,PROD029,begin_checkout,2026-03-25 21:31:52,1
4142,SES01127,PROD080,view_product,2026-02-15 20:02:38,1
4143,SES01127,PROD009,view_product,2026-02-15 20:05:19,1
4144,SES01127,PROD048,view_product,2026-02-15 20:06:58,1
4145,SES01127,PROD009,add_to_cart,2026-02-15 20:08:16,2
4146,SES01127,PROD009,begin_checkout,2026-02-15 20:09:40,2
4147,SES01127,PROD009,purchase,2026-02-15 20:14:57,2
4148,SES01128,PROD016,view_product,2026-01-06 18:26:25,1
4149,SES01128,PROD005,view_product,2026-01-06 18:28:56,1
4150,SES01128,PROD027,view_product,2026-01-06 18:30:04,1
4151,SES01128,PROD004,view_product,2026-01-06 18:30:39,1
4152,SES01128,PROD095,view_product,2026-01-06 18:32:44,1
4153,SES01128,PROD016,add_to_cart,2026-01-06 18:34:47,1
4154,SES01128,PROD016,begin_checkout,2026-01-06 18:35:23,1
4155,SES01128,PROD016,purchase,2026-01-06 18:42:38,1
4156,SES01129,PROD060,view_product,2026-03-11 21:14:49,1
4157,SES01129,PROD060,add_to_cart,2026-03-11 21:15:30,1
4158,SES01129,PROD060,begin_checkout,2026-03-11 21:19:56,1
4159,SES01130,PROD036,view_product,2026-03-20 22:26:08,1
4160,SES01130,PROD063,view_product,2026-03-20 22:26:47,1
4161,SES01130,PROD039,view_product,2026-03-20 22:27:47,1
4162,SES01130,PROD026,view_product,2026-03-20 22:28:03,1
4163,SES01130,PROD052,view_product,2026-03-20 22:28:17,1
4164,SES01131,PROD077,view_product,2026-02-21 06:37:53,1
4165,SES01131,PROD033,view_product,2026-02-21 06:38:33,1
4166,SES01131,PROD064,view_product,2026-02-21 06:41:06,1
4167,SES01131,PROD004,view_product,2026-02-21 06:41:17,1
4168,SES01131,PROD033,add_to_cart,2026-02-21 06:42:12,1
4169,SES01132,PROD056,view_product,2026-02-12 16:05:52,1
4170,SES01132,PROD020,view_product,2026-02-12 16:06:18,1
4171,SES01132,PROD011,view_product,2026-02-12 16:08:42,1
4172,SES01132,PROD046,view_product,2026-02-12 16:09:53,1
4173,SES01133,PROD055,view_product,2026-03-16 18:44:16,1
4174,SES01133,PROD013,view_product,2026-03-16 18:46:56,1
4175,SES01133,PROD040,view_product,2026-03-16 18:47:12,1
4176,SES01133,PROD043,view_product,2026-03-16 18:47:39,1
4177,SES01134,PROD003,view_product,2026-03-06 17:11:30,1
4178,SES01134,PROD003,add_to_cart,2026-03-06 17:14:06,1
4179,SES01134,PROD003,begin_checkout,2026-03-06 17:16:54,1
4180,SES01134,PROD003,purchase,2026-03-06 17:23:16,1
4181,SES01135,PROD079,view_product,2026-01-07 09:16:51,1
4182,SES01135,PROD078,view_product,2026-01-07 09:19:31,1
4183,SES01135,PROD065,view_product,2026-01-07 09:20:57,1
4184,SES01136,PROD082,view_product,2026-02-08 08:26:01,1
4185,SES01136,PROD029,view_product,2026-02-08 08:28:09,1
4186,SES01136,PROD083,view_product,2026-02-08 08:30:50,1
4187,SES01136,PROD009,view_product,2026-02-08 08:32:52,1
4188,SES01137,PROD053,view_product,2026-02-07 02:40:11,1
4189,SES01138,PROD030,view_product,2026-01-05 18:26:47,1
4190,SES01138,PROD023,view_product,2026-01-05 18:28:48,1
4191,SES01138,PROD023,add_to_cart,2026-01-05 18:29:32,1
4192,SES01139,PROD085,view_product,2026-03-11 01:55:13,1
4193,SES01139,PROD018,view_product,2026-03-11 01:55:36,1
4194,SES01139,PROD004,view_product,2026-03-11 01:57:57,1
4195,SES01139,PROD028,view_product,2026-03-11 02:00:04,1
4196,SES01140,PROD081,view_product,2026-01-09 15:29:16,1
4197,SES01141,PROD048,view_product,2026-02-22 23:43:50,1
4198,SES01141,PROD088,view_product,2026-02-22 23:46:26,1
4199,SES01142,PROD057,view_product,2026-02-13 13:16:18,1
4200,SES01143,PROD070,view_product,2026-01-29 03:14:10,1
4201,SES01144,PROD067,view_product,2026-03-24 18:57:29,1
4202,SES01144,PROD066,view_product,2026-03-24 19:00:05,1
4203,SES01144,PROD095,view_product,2026-03-24 19:02:07,1
4204,SES01145,PROD070,view_product,2026-02-22 08:13:47,1
4205,SES01145,PROD006,view_product,2026-02-22 08:15:18,1
4206,SES01145,PROD054,view_product,2026-02-22 08:17:29,1
4207,SES01146,PROD039,view_product,2026-01-18 11:04:45,1
4208,SES01147,PROD035,view_product,2026-01-16 07:48:55,1
4209,SES01147,PROD022,view_product,2026-01-16 07:51:14,1
4210,SES01147,PROD077,view_product,2026-01-16 07:52:02,1
4211,SES01147,PROD086,view_product,2026-01-16 07:54:10,1
4212,SES01147,PROD055,view_product,2026-01-16 07:56:00,1
4213,SES01148,PROD006,view_product,2026-03-24 07:50:40,1
4214,SES01148,PROD076,view_product,2026-03-24 07:51:20,1
4215,SES01148,PROD046,view_product,2026-03-24 07:52:36,1
4216,SES01149,PROD083,view_product,2026-02-15 22:10:10,1
4217,SES01149,PROD032,view_product,2026-02-15 22:12:42,1
4218,SES01149,PROD023,view_product,2026-02-15 22:13:49,1
4219,SES01149,PROD063,view_product,2026-02-15 22:15:24,1
4220,SES01149,PROD037,view_product,2026-02-15 22:17:10,1
4221,SES01149,PROD063,add_to_cart,2026-02-15 22:21:04,1
4222,SES01150,PROD090,view_product,2026-03-07 05:13:27,1
4223,SES01150,PROD082,view_product,2026-03-07 05:15:15,1
4224,SES01150,PROD037,view_product,2026-03-07 05:17:44,1
4225,SES01150,PROD079,view_product,2026-03-07 05:18:57,1
4226,SES01151,PROD020,view_product,2026-02-11 16:21:50,1
4227,SES01151,PROD009,view_product,2026-02-11 16:22:39,1
4228,SES01151,PROD057,view_product,2026-02-11 16:25:12,1
4229,SES01151,PROD009,add_to_cart,2026-02-11 16:26:58,1
4230,SES01151,PROD009,begin_checkout,2026-02-11 16:29:32,1
4231,SES01152,PROD035,view_product,2026-03-24 12:27:24,1
4232,SES01152,PROD069,view_product,2026-03-24 12:29:50,1
4233,SES01153,PROD020,view_product,2026-02-12 07:47:07,1
4234,SES01153,PROD097,view_product,2026-02-12 07:49:44,1
4235,SES01153,PROD068,view_product,2026-02-12 07:50:11,1
4236,SES01153,PROD057,view_product,2026-02-12 07:52:09,1
4237,SES01153,PROD020,add_to_cart,2026-02-12 07:52:42,1
4238,SES01153,PROD020,begin_checkout,2026-02-12 07:54:09,1
4239,SES01153,PROD020,purchase,2026-02-12 07:59:23,1
4240,SES01154,PROD092,view_product,2026-03-21 02:46:46,1
4241,SES01154,PROD053,view_product,2026-03-21 02:47:55,1
4242,SES01154,PROD053,add_to_cart,2026-03-21 02:49:37,2
4243,SES01154,PROD053,begin_checkout,2026-03-21 02:52:14,2
4244,SES01154,PROD053,purchase,2026-03-21 02:57:34,2
4245,SES01155,PROD047,view_product,2026-03-31 08:48:16,1
4246,SES01155,PROD036,view_product,2026-03-31 08:50:32,1
4247,SES01155,PROD047,add_to_cart,2026-03-31 08:52:36,1
4248,SES01155,PROD047,begin_checkout,2026-03-31 08:53:22,1
4249,SES01156,PROD061,view_product,2026-03-18 11:30:22,1
4250,SES01157,PROD077,view_product,2026-01-07 08:16:46,1
4251,SES01157,PROD069,view_product,2026-01-07 08:19:37,1
4252,SES01157,PROD074,view_product,2026-01-07 08:19:57,1
4253,SES01158,PROD019,view_product,2026-03-12 19:50:49,1
4254,SES01158,PROD013,view_product,2026-03-12 19:52:44,1
4255,SES01158,PROD035,view_product,2026-03-12 19:55:06,1
4256,SES01158,PROD011,view_product,2026-03-12 19:55:42,1
4257,SES01158,PROD057,view_product,2026-03-12 19:56:49,1
4258,SES01159,PROD079,view_product,2026-03-02 20:04:51,1
4259,SES01159,PROD085,view_product,2026-03-02 20:07:29,1
4260,SES01159,PROD069,view_product,2026-03-02 20:09:20,1
4261,SES01159,PROD080,view_product,2026-03-02 20:12:08,1
4262,SES01160,PROD042,view_product,2026-02-25 01:44:54,1
4263,SES01161,PROD018,view_product,2026-03-20 00:28:55,1
4264,SES01161,PROD093,view_product,2026-03-20 00:31:07,1
4265,SES01161,PROD077,view_product,2026-03-20 00:32:49,1
4266,SES01161,PROD087,view_product,2026-03-20 00:34:02,1
4267,SES01161,PROD024,view_product,2026-03-20 00:35:49,1
4268,SES01162,PROD030,view_product,2026-02-16 01:39:55,1
4269,SES01163,PROD013,view_product,2026-02-23 01:22:52,1
4270,SES01163,PROD066,view_product,2026-02-23 01:24:08,1
4271,SES01163,PROD013,add_to_cart,2026-02-23 01:24:24,1
4272,SES01163,PROD013,begin_checkout,2026-02-23 01:27:28,1
4273,SES01164,PROD049,view_product,2026-01-25 07:05:30,1
4274,SES01164,PROD088,view_product,2026-01-25 07:08:17,1
4275,SES01164,PROD036,view_product,2026-01-25 07:10:18,1
4276,SES01164,PROD095,view_product,2026-01-25 07:12:18,1
4277,SES01165,PROD041,view_product,2026-01-26 10:50:47,1
4278,SES01165,PROD055,view_product,2026-01-26 10:52:50,1
4279,SES01165,PROD047,view_product,2026-01-26 10:54:27,1
4280,SES01166,PROD065,view_product,2026-01-30 22:54:42,1
4281,SES01166,PROD078,view_product,2026-01-30 22:56:40,1
4282,SES01166,PROD078,add_to_cart,2026-01-30 22:58:38,1
4283,SES01167,PROD007,view_product,2026-01-18 21:33:24,1
4284,SES01167,PROD014,view_product,2026-01-18 21:34:59,1
4285,SES01167,PROD051,view_product,2026-01-18 21:37:43,1
4286,SES01168,PROD016,view_product,2026-03-09 10:59:50,1
4287,SES01168,PROD023,view_product,2026-03-09 11:01:15,1
4288,SES01168,PROD023,add_to_cart,2026-03-09 11:05:15,1
4289,SES01168,PROD023,begin_checkout,2026-03-09 11:09:47,1
4290,SES01168,PROD023,purchase,2026-03-09 11:13:04,1
4291,SES01169,PROD065,view_product,2026-01-28 06:39:18,1
4292,SES01169,PROD033,view_product,2026-01-28 06:42:11,1
4293,SES01169,PROD069,view_product,2026-01-28 06:44:00,1
4294,SES01170,PROD062,view_product,2026-01-02 10:59:48,1
4295,SES01170,PROD092,view_product,2026-01-02 11:00:48,1
4296,SES01170,PROD064,view_product,2026-01-02 11:01:18,1
4297,SES01170,PROD072,view_product,2026-01-02 11:02:12,1
4298,SES01171,PROD035,view_product,2026-02-04 19:05:06,1
4299,SES01171,PROD035,add_to_cart,2026-02-04 19:08:59,1
4300,SES01171,PROD035,begin_checkout,2026-02-04 19:13:06,1
4301,SES01172,PROD044,view_product,2026-01-06 04:38:29,1
4302,SES01172,PROD030,view_product,2026-01-06 04:40:17,1
4303,SES01172,PROD056,view_product,2026-01-06 04:42:43,1
4304,SES01172,PROD045,view_product,2026-01-06 04:43:05,1
4305,SES01173,PROD023,view_product,2026-01-17 09:22:59,1
4306,SES01173,PROD040,view_product,2026-01-17 09:24:08,1
4307,SES01173,PROD017,view_product,2026-01-17 09:26:26,1
4308,SES01173,PROD016,view_product,2026-01-17 09:27:59,1
4309,SES01173,PROD086,view_product,2026-01-17 09:29:13,1
4310,SES01173,PROD017,add_to_cart,2026-01-17 09:32:21,1
4311,SES01174,PROD026,view_product,2026-01-28 16:35:27,1
4312,SES01174,PROD010,view_product,2026-01-28 16:36:12,1
4313,SES01175,PROD088,view_product,2026-01-28 17:13:07,1
4314,SES01175,PROD080,view_product,2026-01-28 17:15:09,1
4315,SES01175,PROD094,view_product,2026-01-28 17:17:00,1
4316,SES01175,PROD011,view_product,2026-01-28 17:18:02,1
4317,SES01175,PROD094,add_to_cart,2026-01-28 17:21:10,1
4318,SES01176,PROD010,view_product,2026-03-26 05:42:18,1
4319,SES01176,PROD061,view_product,2026-03-26 05:42:31,1
4320,SES01177,PROD033,view_product,2026-02-28 21:50:02,1
4321,SES01178,PROD065,view_product,2026-03-18 23:26:41,1
4322,SES01178,PROD019,view_product,2026-03-18 23:27:49,1
4323,SES01178,PROD035,view_product,2026-03-18 23:29:17,1
4324,SES01178,PROD080,view_product,2026-03-18 23:29:30,1
4325,SES01178,PROD030,view_product,2026-03-18 23:29:49,1
4326,SES01179,PROD092,view_product,2026-03-18 11:49:45,1
4327,SES01180,PROD036,view_product,2026-01-07 12:03:03,1
4328,SES01180,PROD033,view_product,2026-01-07 12:04:45,1
4329,SES01180,PROD033,add_to_cart,2026-01-07 12:07:16,1
4330,SES01180,PROD033,begin_checkout,2026-01-07 12:10:51,1
4331,SES01181,PROD083,view_product,2026-02-13 17:24:31,1
4332,SES01182,PROD019,view_product,2026-03-07 00:07:51,1
4333,SES01183,PROD075,view_product,2026-03-23 03:50:19,1
4334,SES01183,PROD055,view_product,2026-03-23 03:53:02,1
4335,SES01183,PROD076,view_product,2026-03-23 03:53:27,1
4336,SES01183,PROD068,view_product,2026-03-23 03:54:55,1
4337,SES01183,PROD066,view_product,2026-03-23 03:56:25,1
4338,SES01184,PROD033,view_product,2026-01-11 03:52:51,1
4339,SES01184,PROD049,view_product,2026-01-11 03:53:10,1
4340,SES01185,PROD023,view_product,2026-02-28 01:57:52,1
4341,SES01185,PROD035,view_product,2026-02-28 02:00:24,1
4342,SES01185,PROD017,view_product,2026-02-28 02:03:20,1
4343,SES01185,PROD035,add_to_cart,2026-02-28 02:04:35,1
4344,SES01185,PROD035,begin_checkout,2026-02-28 02:05:57,1
4345,SES01186,PROD073,view_product,2026-02-23 08:55:19,1
4346,SES01186,PROD027,view_product,2026-02-23 08:57:41,1
4347,SES01187,PROD019,view_product,2026-03-11 02:21:55,1
4348,SES01187,PROD016,view_product,2026-03-11 02:22:34,1
4349,SES01187,PROD019,add_to_cart,2026-03-11 02:22:49,1
4350,SES01187,PROD019,begin_checkout,2026-03-11 02:27:46,1
4351,SES01188,PROD087,view_product,2026-02-05 21:26:36,1
4352,SES01188,PROD062,view_product,2026-02-05 21:29:06,1
4353,SES01188,PROD092,view_product,2026-02-05 21:29:37,1
4354,SES01188,PROD050,view_product,2026-02-05 21:31:02,1
4355,SES01188,PROD016,view_product,2026-02-05 21:32:00,1
4356,SES01188,PROD087,add_to_cart,2026-02-05 21:35:20,1
4357,SES01188,PROD087,begin_checkout,2026-02-05 21:38:18,1
4358,SES01189,PROD036,view_product,2026-03-31 15:00:48,1
4359,SES01189,PROD054,view_product,2026-03-31 15:03:42,1
4360,SES01189,PROD097,view_product,2026-03-31 15:04:27,1
4361,SES01189,PROD099,view_product,2026-03-31 15:05:26,1
4362,SES01189,PROD099,add_to_cart,2026-03-31 15:08:11,2
4363,SES01189,PROD099,begin_checkout,2026-03-31 15:09:31,2
4364,SES01189,PROD099,purchase,2026-03-31 15:13:54,2
4365,SES01190,PROD096,view_product,2026-02-15 04:07:16,1
4366,SES01190,PROD076,view_product,2026-02-15 04:07:45,1
4367,SES01190,PROD049,view_product,2026-02-15 04:09:19,1
4368,SES01190,PROD049,add_to_cart,2026-02-15 04:11:24,1
4369,SES01191,PROD048,view_product,2026-01-09 22:26:55,1
4370,SES01191,PROD039,view_product,2026-01-09 22:28:02,1
4371,SES01191,PROD012,view_product,2026-01-09 22:29:24,1
4372,SES01191,PROD091,view_product,2026-01-09 22:29:34,1
4373,SES01192,PROD099,view_product,2026-03-01 15:00:19,1
4374,SES01192,PROD080,view_product,2026-03-01 15:02:42,1
4375,SES01192,PROD061,view_product,2026-03-01 15:05:29,1
4376,SES01192,PROD061,add_to_cart,2026-03-01 15:07:34,1
4377,SES01192,PROD061,begin_checkout,2026-03-01 15:09:47,1
4378,SES01192,PROD061,purchase,2026-03-01 15:13:11,1
4379,SES01193,PROD068,view_product,2026-03-25 20:05:53,1
4380,SES01194,PROD079,view_product,2026-03-03 16:20:11,1
4381,SES01194,PROD010,view_product,2026-03-03 16:22:52,1
4382,SES01194,PROD047,view_product,2026-03-03 16:24:51,1
4383,SES01194,PROD004,view_product,2026-03-03 16:25:47,1
4384,SES01194,PROD079,add_to_cart,2026-03-03 16:27:38,1
4385,SES01194,PROD079,begin_checkout,2026-03-03 16:30:09,1
4386,SES01194,PROD079,purchase,2026-03-03 16:32:38,1
4387,SES01195,PROD074,view_product,2026-03-16 04:16:27,1
4388,SES01195,PROD072,view_product,2026-03-16 04:16:57,1
4389,SES01195,PROD024,view_product,2026-03-16 04:19:28,1
4390,SES01195,PROD049,view_product,2026-03-16 04:19:39,1
4391,SES01195,PROD002,view_product,2026-03-16 04:22:15,1
4392,SES01195,PROD072,add_to_cart,2026-03-16 04:25:50,2
4393,SES01195,PROD072,begin_checkout,2026-03-16 04:29:11,2
4394,SES01196,PROD086,view_product,2026-01-12 10:27:23,1
4395,SES01197,PROD019,view_product,2026-01-08 05:56:28,1
4396,SES01197,PROD036,view_product,2026-01-08 05:58:21,1
4397,SES01197,PROD012,view_product,2026-01-08 05:59:06,1
4398,SES01197,PROD078,view_product,2026-01-08 06:01:07,1
4399,SES01197,PROD092,view_product,2026-01-08 06:02:25,1
4400,SES01197,PROD036,add_to_cart,2026-01-08 06:04:42,1
4401,SES01197,PROD036,begin_checkout,2026-01-08 06:05:50,1
4402,SES01197,PROD036,purchase,2026-01-08 06:11:20,1
4403,SES01198,PROD041,view_product,2026-02-03 15:41:48,1
4404,SES01199,PROD001,view_product,2026-01-14 17:48:31,1
4405,SES01199,PROD091,view_product,2026-01-14 17:48:57,1
4406,SES01199,PROD074,view_product,2026-01-14 17:51:48,1
4407,SES01199,PROD003,view_product,2026-01-14 17:53:40,1
4408,SES01199,PROD074,add_to_cart,2026-01-14 17:54:08,1
4409,SES01199,PROD074,begin_checkout,2026-01-14 17:56:26,1
4410,SES01200,PROD042,view_product,2026-01-18 05:54:21,1
4411,SES01200,PROD093,view_product,2026-01-18 05:56:35,1
4412,SES01200,PROD036,view_product,2026-01-18 05:58:58,1
4413,SES01200,PROD001,view_product,2026-01-18 06:01:54,1
4414,SES01200,PROD008,view_product,2026-01-18 06:04:16,1
4415,SES01200,PROD036,add_to_cart,2026-01-18 06:05:32,1
4416,SES01200,PROD036,begin_checkout,2026-01-18 06:09:36,1
4417,SES01200,PROD036,purchase,2026-01-18 06:16:58,1
4418,SES01201,PROD012,view_product,2026-03-10 14:38:00,1
4419,SES01202,PROD085,view_product,2026-03-01 06:23:12,1
4420,SES01202,PROD085,add_to_cart,2026-03-01 06:27:12,1
4421,SES01202,PROD085,begin_checkout,2026-03-01 06:30:47,1
4422,SES01203,PROD026,view_product,2026-03-19 02:01:52,1
4423,SES01203,PROD006,view_product,2026-03-19 02:04:00,1
4424,SES01203,PROD006,add_to_cart,2026-03-19 02:07:09,1
4425,SES01203,PROD006,begin_checkout,2026-03-19 02:11:46,1
4426,SES01204,PROD092,view_product,2026-03-27 04:12:16,1
4427,SES01204,PROD042,view_product,2026-03-27 04:13:02,1
4428,SES01204,PROD090,view_product,2026-03-27 04:15:37,1
4429,SES01204,PROD038,view_product,2026-03-27 04:18:00,1
4430,SES01204,PROD030,view_product,2026-03-27 04:20:09,1
4431,SES01205,PROD036,view_product,2026-03-25 06:02:42,1
4432,SES01205,PROD061,view_product,2026-03-25 06:04:37,1
4433,SES01205,PROD099,view_product,2026-03-25 06:05:09,1
4434,SES01206,PROD069,view_product,2026-03-20 10:17:32,1
4435,SES01206,PROD011,view_product,2026-03-20 10:17:51,1
4436,SES01206,PROD028,view_product,2026-03-20 10:19:07,1
4437,SES01206,PROD069,add_to_cart,2026-03-20 10:21:45,1
4438,SES01207,PROD057,view_product,2026-03-05 08:05:06,1
4439,SES01207,PROD033,view_product,2026-03-05 08:06:42,1
4440,SES01207,PROD068,view_product,2026-03-05 08:07:30,1
4441,SES01208,PROD025,view_product,2026-02-22 23:31:25,1
4442,SES01208,PROD076,view_product,2026-02-22 23:32:51,1
4443,SES01208,PROD071,view_product,2026-02-22 23:35:19,1
4444,SES01208,PROD029,view_product,2026-02-22 23:37:37,1
4445,SES01208,PROD071,add_to_cart,2026-02-22 23:39:13,2
4446,SES01209,PROD070,view_product,2026-03-03 05:28:54,1
4447,SES01209,PROD007,view_product,2026-03-03 05:30:29,1
4448,SES01209,PROD007,add_to_cart,2026-03-03 05:33:44,2
4449,SES01209,PROD007,begin_checkout,2026-03-03 05:37:18,2
4450,SES01209,PROD007,purchase,2026-03-03 05:44:01,2
4451,SES01210,PROD077,view_product,2026-01-20 23:59:47,1
4452,SES01211,PROD094,view_product,2026-01-11 09:41:59,1
4453,SES01211,PROD004,view_product,2026-01-11 09:42:35,1
4454,SES01211,PROD086,view_product,2026-01-11 09:43:44,1
4455,SES01211,PROD094,add_to_cart,2026-01-11 09:45:57,3
4456,SES01212,PROD043,view_product,2026-01-10 04:49:43,1
4457,SES01212,PROD038,view_product,2026-01-10 04:51:32,1
4458,SES01212,PROD043,add_to_cart,2026-01-10 04:51:53,1
4459,SES01212,PROD043,begin_checkout,2026-01-10 04:55:32,1
4460,SES01213,PROD011,view_product,2026-03-09 19:58:54,1
4461,SES01213,PROD011,add_to_cart,2026-03-09 20:02:29,2
4462,SES01214,PROD011,view_product,2026-01-02 00:40:06,1
4463,SES01214,PROD011,add_to_cart,2026-01-02 00:41:07,2
4464,SES01215,PROD044,view_product,2026-03-08 15:25:53,1
4465,SES01215,PROD005,view_product,2026-03-08 15:26:28,1
4466,SES01215,PROD057,view_product,2026-03-08 15:28:31,1
4467,SES01215,PROD037,view_product,2026-03-08 15:29:29,1
4468,SES01215,PROD006,view_product,2026-03-08 15:30:12,1
4469,SES01216,PROD030,view_product,2026-03-10 18:30:05,1
4470,SES01217,PROD099,view_product,2026-03-20 23:41:58,1
4471,SES01217,PROD093,view_product,2026-03-20 23:44:36,1
4472,SES01217,PROD002,view_product,2026-03-20 23:45:16,1
4473,SES01217,PROD093,add_to_cart,2026-03-20 23:45:39,1
4474,SES01218,PROD070,view_product,2026-03-09 20:10:55,1
4475,SES01219,PROD079,view_product,2026-01-22 11:52:33,1
4476,SES01219,PROD023,view_product,2026-01-22 11:54:18,1
4477,SES01219,PROD070,view_product,2026-01-22 11:56:53,1
4478,SES01219,PROD046,view_product,2026-01-22 11:58:30,1
4479,SES01219,PROD045,view_product,2026-01-22 11:59:17,1
4480,SES01219,PROD046,add_to_cart,2026-01-22 11:59:47,1
4481,SES01219,PROD046,begin_checkout,2026-01-22 12:04:26,1
4482,SES01220,PROD008,view_product,2026-03-31 14:31:00,1
4483,SES01220,PROD010,view_product,2026-03-31 14:33:12,1
4484,SES01220,PROD070,view_product,2026-03-31 14:34:29,1
4485,SES01220,PROD050,view_product,2026-03-31 14:34:50,1
4486,SES01220,PROD092,view_product,2026-03-31 14:36:01,1
4487,SES01221,PROD073,view_product,2026-01-31 04:00:34,1
4488,SES01221,PROD037,view_product,2026-01-31 04:03:12,1
4489,SES01222,PROD059,view_product,2026-03-25 16:22:15,1
4490,SES01222,PROD049,view_product,2026-03-25 16:23:48,1
4491,SES01222,PROD098,view_product,2026-03-25 16:24:00,1
4492,SES01222,PROD021,view_product,2026-03-25 16:25:05,1
4493,SES01222,PROD098,add_to_cart,2026-03-25 16:25:38,2
4494,SES01222,PROD098,begin_checkout,2026-03-25 16:29:22,2
4495,SES01223,PROD075,view_product,2026-01-28 18:10:13,1
4496,SES01223,PROD008,view_product,2026-01-28 18:11:10,1
4497,SES01224,PROD009,view_product,2026-02-11 05:55:35,1
4498,SES01225,PROD046,view_product,2026-03-28 21:35:29,1
4499,SES01225,PROD046,add_to_cart,2026-03-28 21:36:46,1
4500,SES01225,PROD046,begin_checkout,2026-03-28 21:38:15,1
4501,SES01225,PROD046,purchase,2026-03-28 21:45:57,1
4502,SES01226,PROD043,view_product,2026-01-28 08:11:36,1
4503,SES01226,PROD097,view_product,2026-01-28 08:13:41,1
4504,SES01226,PROD073,view_product,2026-01-28 08:15:13,1
4505,SES01226,PROD072,view_product,2026-01-28 08:17:47,1
4506,SES01227,PROD006,view_product,2026-02-27 15:11:44,1
4507,SES01227,PROD030,view_product,2026-02-27 15:11:56,1
4508,SES01227,PROD031,view_product,2026-02-27 15:12:42,1
4509,SES01227,PROD054,view_product,2026-02-27 15:14:49,1
4510,SES01227,PROD030,add_to_cart,2026-02-27 15:17:02,1
4511,SES01228,PROD015,view_product,2026-03-09 11:15:36,1
4512,SES01228,PROD012,view_product,2026-03-09 11:18:06,1
4513,SES01228,PROD045,view_product,2026-03-09 11:18:17,1
4514,SES01228,PROD021,view_product,2026-03-09 11:19:13,1
4515,SES01228,PROD012,add_to_cart,2026-03-09 11:22:51,1
4516,SES01229,PROD074,view_product,2026-03-30 01:16:08,1
4517,SES01229,PROD063,view_product,2026-03-30 01:18:42,1
4518,SES01229,PROD093,view_product,2026-03-30 01:19:16,1
4519,SES01229,PROD001,view_product,2026-03-30 01:21:17,1
4520,SES01229,PROD088,view_product,2026-03-30 01:21:54,1
4521,SES01230,PROD041,view_product,2026-03-28 00:24:31,1
4522,SES01230,PROD073,view_product,2026-03-28 00:25:23,1
4523,SES01230,PROD096,view_product,2026-03-28 00:25:57,1
4524,SES01230,PROD060,view_product,2026-03-28 00:27:44,1
4525,SES01230,PROD089,view_product,2026-03-28 00:30:16,1
4526,SES01231,PROD028,view_product,2026-02-02 23:30:02,1
4527,SES01231,PROD009,view_product,2026-02-02 23:32:22,1
4528,SES01231,PROD071,view_product,2026-02-02 23:35:00,1
4529,SES01231,PROD049,view_product,2026-02-02 23:37:12,1
4530,SES01231,PROD078,view_product,2026-02-02 23:38:06,1
4531,SES01232,PROD018,view_product,2026-01-31 04:40:38,1
4532,SES01232,PROD022,view_product,2026-01-31 04:40:48,1
4533,SES01232,PROD093,view_product,2026-01-31 04:41:11,1
4534,SES01232,PROD097,view_product,2026-01-31 04:42:06,1
4535,SES01232,PROD062,view_product,2026-01-31 04:44:37,1
4536,SES01232,PROD093,add_to_cart,2026-01-31 04:47:32,1
4537,SES01233,PROD012,view_product,2026-01-14 03:13:30,1
4538,SES01233,PROD036,view_product,2026-01-14 03:16:27,1
4539,SES01233,PROD063,view_product,2026-01-14 03:17:31,1
4540,SES01234,PROD047,view_product,2026-03-25 12:33:15,1
4541,SES01234,PROD074,view_product,2026-03-25 12:33:27,1
4542,SES01234,PROD078,view_product,2026-03-25 12:34:09,1
4543,SES01234,PROD091,view_product,2026-03-25 12:36:59,1
4544,SES01235,PROD029,view_product,2026-01-05 22:10:09,1
4545,SES01235,PROD017,view_product,2026-01-05 22:12:11,1
4546,SES01236,PROD092,view_product,2026-01-13 08:23:27,1
4547,SES01236,PROD025,view_product,2026-01-13 08:25:45,1
4548,SES01236,PROD006,view_product,2026-01-13 08:26:18,1
4549,SES01237,PROD045,view_product,2026-02-09 12:47:30,1
4550,SES01237,PROD045,add_to_cart,2026-02-09 12:49:16,1
4551,SES01237,PROD045,begin_checkout,2026-02-09 12:50:35,1
4552,SES01238,PROD012,view_product,2026-03-10 09:22:31,1
4553,SES01238,PROD054,view_product,2026-03-10 09:23:57,1
4554,SES01238,PROD088,view_product,2026-03-10 09:25:43,1
4555,SES01238,PROD096,view_product,2026-03-10 09:28:28,1
4556,SES01238,PROD010,view_product,2026-03-10 09:28:48,1
4557,SES01239,PROD032,view_product,2026-01-22 04:23:40,1
4558,SES01239,PROD095,view_product,2026-01-22 04:24:07,1
4559,SES01239,PROD070,view_product,2026-01-22 04:26:55,1
4560,SES01239,PROD032,add_to_cart,2026-01-22 04:27:30,1
4561,SES01240,PROD072,view_product,2026-02-25 06:28:23,1
4562,SES01240,PROD048,view_product,2026-02-25 06:28:43,1
4563,SES01240,PROD054,view_product,2026-02-25 06:30:31,1
4564,SES01240,PROD051,view_product,2026-02-25 06:31:40,1
4565,SES01241,PROD047,view_product,2026-01-09 04:02:26,1
4566,SES01241,PROD008,view_product,2026-01-09 04:03:49,1
4567,SES01241,PROD039,view_product,2026-01-09 04:05:04,1
4568,SES01241,PROD047,add_to_cart,2026-01-09 04:07:09,1
4569,SES01241,PROD047,begin_checkout,2026-01-09 04:09:19,1
4570,SES01242,PROD083,view_product,2026-01-22 19:38:57,1
4571,SES01242,PROD078,view_product,2026-01-22 19:41:03,1
4572,SES01242,PROD049,view_product,2026-01-22 19:42:01,1
4573,SES01242,PROD083,add_to_cart,2026-01-22 19:44:07,1
4574,SES01243,PROD095,view_product,2026-01-25 19:56:05,1
4575,SES01243,PROD044,view_product,2026-01-25 19:58:37,1
4576,SES01244,PROD069,view_product,2026-03-07 22:38:12,1
4577,SES01245,PROD082,view_product,2026-01-10 12:34:54,1
4578,SES01245,PROD031,view_product,2026-01-10 12:35:25,1
4579,SES01246,PROD018,view_product,2026-01-22 10:03:55,1
4580,SES01246,PROD093,view_product,2026-01-22 10:06:02,1
4581,SES01247,PROD034,view_product,2026-01-06 14:13:48,1
4582,SES01247,PROD026,view_product,2026-01-06 14:14:59,1
4583,SES01247,PROD026,add_to_cart,2026-01-06 14:17:29,2
4584,SES01247,PROD026,begin_checkout,2026-01-06 14:18:13,2
4585,SES01247,PROD026,purchase,2026-01-06 14:23:46,2
4586,SES01248,PROD043,view_product,2026-03-30 22:46:37,1
4587,SES01248,PROD059,view_product,2026-03-30 22:49:29,1
4588,SES01248,PROD052,view_product,2026-03-30 22:51:04,1
4589,SES01248,PROD076,view_product,2026-03-30 22:52:05,1
4590,SES01248,PROD059,add_to_cart,2026-03-30 22:54:44,1
4591,SES01248,PROD059,begin_checkout,2026-03-30 22:57:32,1
4592,SES01248,PROD059,purchase,2026-03-30 23:07:06,1
4593,SES01249,PROD023,view_product,2026-02-11 20:06:55,1
4594,SES01249,PROD023,add_to_cart,2026-02-11 20:07:12,1
4595,SES01249,PROD023,begin_checkout,2026-02-11 20:10:18,1
4596,SES01250,PROD048,view_product,2026-01-18 23:57:43,1
4597,SES01250,PROD074,view_product,2026-01-18 23:59:10,1
4598,SES01250,PROD049,view_product,2026-01-19 00:01:14,1
4599,SES01250,PROD048,add_to_cart,2026-01-19 00:05:11,1
4600,SES01251,PROD050,view_product,2026-03-16 15:41:47,1
4601,SES01251,PROD016,view_product,2026-03-16 15:42:10,1
4602,SES01252,PROD054,view_product,2026-03-05 04:11:01,1
4603,SES01252,PROD015,view_product,2026-03-05 04:12:32,1
4604,SES01253,PROD029,view_product,2026-02-13 23:07:02,1
4605,SES01253,PROD014,view_product,2026-02-13 23:09:28,1
4606,SES01253,PROD088,view_product,2026-02-13 23:12:23,1
4607,SES01253,PROD003,view_product,2026-02-13 23:13:04,1
4608,SES01254,PROD094,view_product,2026-01-17 05:10:32,1
4609,SES01254,PROD071,view_product,2026-01-17 05:13:04,1
4610,SES01254,PROD058,view_product,2026-01-17 05:14:25,1
4611,SES01254,PROD094,add_to_cart,2026-01-17 05:17:28,1
4612,SES01254,PROD094,begin_checkout,2026-01-17 05:19:28,1
4613,SES01254,PROD094,purchase,2026-01-17 05:29:05,1
4614,SES01255,PROD083,view_product,2026-03-01 08:33:26,1
4615,SES01255,PROD087,view_product,2026-03-01 08:35:51,1
4616,SES01256,PROD017,view_product,2026-01-15 07:55:49,1
4617,SES01256,PROD074,view_product,2026-01-15 07:57:43,1
4618,SES01256,PROD056,view_product,2026-01-15 07:58:41,1
4619,SES01256,PROD052,view_product,2026-01-15 07:59:40,1
4620,SES01257,PROD020,view_product,2026-03-23 16:09:28,1
4621,SES01257,PROD057,view_product,2026-03-23 16:09:44,1
4622,SES01257,PROD069,view_product,2026-03-23 16:11:28,1
4623,SES01257,PROD069,add_to_cart,2026-03-23 16:11:54,1
4624,SES01257,PROD069,begin_checkout,2026-03-23 16:13:41,1
4625,SES01257,PROD069,purchase,2026-03-23 16:17:43,1
4626,SES01258,PROD030,view_product,2026-02-06 22:05:08,1
4627,SES01258,PROD074,view_product,2026-02-06 22:06:13,1
4628,SES01258,PROD089,view_product,2026-02-06 22:08:04,1
4629,SES01259,PROD049,view_product,2026-03-29 12:00:15,1
4630,SES01259,PROD080,view_product,2026-03-29 12:01:54,1
4631,SES01260,PROD074,view_product,2026-03-30 00:18:31,1
4632,SES01260,PROD093,view_product,2026-03-30 00:20:45,1
4633,SES01261,PROD031,view_product,2026-03-01 17:55:52,1
4634,SES01261,PROD019,view_product,2026-03-01 17:56:40,1
4635,SES01262,PROD078,view_product,2026-03-09 21:32:52,1
4636,SES01262,PROD023,view_product,2026-03-09 21:33:58,1
4637,SES01262,PROD001,view_product,2026-03-09 21:35:38,1
4638,SES01262,PROD037,view_product,2026-03-09 21:36:45,1
4639,SES01262,PROD047,view_product,2026-03-09 21:37:28,1
4640,SES01262,PROD037,add_to_cart,2026-03-09 21:39:12,1
4641,SES01263,PROD024,view_product,2026-01-05 18:06:42,1
4642,SES01263,PROD050,view_product,2026-01-05 18:07:32,1
4643,SES01263,PROD078,view_product,2026-01-05 18:08:33,1
4644,SES01263,PROD064,view_product,2026-01-05 18:10:20,1
4645,SES01263,PROD016,view_product,2026-01-05 18:10:39,1
4646,SES01263,PROD064,add_to_cart,2026-01-05 18:12:35,1
4647,SES01263,PROD064,begin_checkout,2026-01-05 18:14:58,1
4648,SES01264,PROD086,view_product,2026-01-18 18:10:27,1
4649,SES01264,PROD081,view_product,2026-01-18 18:12:53,1
4650,SES01264,PROD056,view_product,2026-01-18 18:14:09,1
4651,SES01264,PROD091,view_product,2026-01-18 18:16:02,1
4652,SES01265,PROD089,view_product,2026-01-13 17:19:16,1
4653,SES01265,PROD020,view_product,2026-01-13 17:20:07,1
4654,SES01266,PROD045,view_product,2026-03-15 05:52:43,1
4655,SES01266,PROD072,view_product,2026-03-15 05:53:32,1
4656,SES01267,PROD008,view_product,2026-03-10 22:33:23,1
4657,SES01267,PROD049,view_product,2026-03-10 22:34:27,1
4658,SES01267,PROD024,view_product,2026-03-10 22:36:12,1
4659,SES01267,PROD080,view_product,2026-03-10 22:39:09,1
4660,SES01267,PROD080,add_to_cart,2026-03-10 22:42:06,1
4661,SES01268,PROD035,view_product,2026-01-07 11:22:51,1
4662,SES01269,PROD072,view_product,2026-01-23 22:39:52,1
4663,SES01269,PROD040,view_product,2026-01-23 22:42:49,1
4664,SES01270,PROD085,view_product,2026-01-07 23:12:33,1
4665,SES01270,PROD008,view_product,2026-01-07 23:14:25,1
4666,SES01270,PROD066,view_product,2026-01-07 23:15:33,1
4667,SES01270,PROD037,view_product,2026-01-07 23:18:09,1
4668,SES01271,PROD006,view_product,2026-01-07 03:26:37,1
4669,SES01271,PROD047,view_product,2026-01-07 03:27:05,1
4670,SES01271,PROD041,view_product,2026-01-07 03:27:59,1
4671,SES01271,PROD033,view_product,2026-01-07 03:30:49,1
4672,SES01272,PROD043,view_product,2026-02-25 23:42:57,1
4673,SES01272,PROD055,view_product,2026-02-25 23:45:32,1
4674,SES01272,PROD035,view_product,2026-02-25 23:46:05,1
4675,SES01273,PROD008,view_product,2026-03-26 19:01:20,1
4676,SES01273,PROD062,view_product,2026-03-26 19:02:05,1
4677,SES01273,PROD008,add_to_cart,2026-03-26 19:03:00,1
4678,SES01274,PROD020,view_product,2026-02-18 04:05:31,1
4679,SES01274,PROD020,add_to_cart,2026-02-18 04:08:58,1
4680,SES01275,PROD052,view_product,2026-03-02 05:26:59,1
4681,SES01275,PROD005,view_product,2026-03-02 05:28:04,1
4682,SES01275,PROD073,view_product,2026-03-02 05:28:32,1
4683,SES01275,PROD067,view_product,2026-03-02 05:29:24,1
4684,SES01276,PROD017,view_product,2026-01-23 11:04:24,1
4685,SES01276,PROD057,view_product,2026-01-23 11:06:13,1
4686,SES01277,PROD054,view_product,2026-03-31 12:00:38,1
4687,SES01277,PROD046,view_product,2026-03-31 12:03:14,1
4688,SES01277,PROD031,view_product,2026-03-31 12:04:43,1
4689,SES01277,PROD082,view_product,2026-03-31 12:05:44,1
4690,SES01277,PROD027,view_product,2026-03-31 12:06:23,1
4691,SES01278,PROD082,view_product,2026-01-30 23:29:29,1
4692,SES01278,PROD043,view_product,2026-01-30 23:29:50,1
4693,SES01278,PROD024,view_product,2026-01-30 23:30:40,1
4694,SES01278,PROD030,view_product,2026-01-30 23:31:20,1
4695,SES01278,PROD016,view_product,2026-01-30 23:34:00,1
4696,SES01278,PROD082,add_to_cart,2026-01-30 23:36:19,1
4697,SES01279,PROD001,view_product,2026-03-26 12:54:30,1
4698,SES01279,PROD092,view_product,2026-03-26 12:57:03,1
4699,SES01279,PROD007,view_product,2026-03-26 12:59:11,1
4700,SES01279,PROD018,view_product,2026-03-26 13:01:02,1
4701,SES01279,PROD018,add_to_cart,2026-03-26 13:02:33,1
4702,SES01279,PROD018,begin_checkout,2026-03-26 13:06:53,1
4703,SES01280,PROD055,view_product,2026-01-09 15:28:06,1
4704,SES01280,PROD089,view_product,2026-01-09 15:29:40,1
4705,SES01280,PROD005,view_product,2026-01-09 15:29:58,1
4706,SES01280,PROD055,add_to_cart,2026-01-09 15:33:11,1
4707,SES01280,PROD055,begin_checkout,2026-01-09 15:35:22,1
4708,SES01281,PROD057,view_product,2026-03-27 10:22:09,1
4709,SES01281,PROD011,view_product,2026-03-27 10:25:05,1
4710,SES01281,PROD015,view_product,2026-03-27 10:26:46,1
4711,SES01281,PROD082,view_product,2026-03-27 10:27:31,1
4712,SES01282,PROD023,view_product,2026-01-27 19:28:40,1
4713,SES01282,PROD023,add_to_cart,2026-01-27 19:30:53,1
4714,SES01282,PROD023,begin_checkout,2026-01-27 19:33:08,1
4715,SES01282,PROD023,purchase,2026-01-27 19:38:08,1
4716,SES01283,PROD045,view_product,2026-03-23 14:31:52,1
4717,SES01283,PROD037,view_product,2026-03-23 14:33:05,1
4718,SES01283,PROD053,view_product,2026-03-23 14:34:31,1
4719,SES01283,PROD085,view_product,2026-03-23 14:36:05,1
4720,SES01284,PROD010,view_product,2026-03-31 15:33:46,1
4721,SES01284,PROD040,view_product,2026-03-31 15:35:37,1
4722,SES01284,PROD079,view_product,2026-03-31 15:38:12,1
4723,SES01285,PROD036,view_product,2026-01-24 12:59:27,1
4724,SES01285,PROD075,view_product,2026-01-24 13:00:34,1
4725,SES01285,PROD058,view_product,2026-01-24 13:03:11,1
4726,SES01286,PROD022,view_product,2026-01-26 14:42:41,1
4727,SES01286,PROD019,view_product,2026-01-26 14:44:59,1
4728,SES01286,PROD029,view_product,2026-01-26 14:46:56,1
4729,SES01286,PROD007,view_product,2026-01-26 14:47:38,1
4730,SES01286,PROD076,view_product,2026-01-26 14:50:22,1
4731,SES01287,PROD075,view_product,2026-03-06 22:54:40,1
4732,SES01287,PROD035,view_product,2026-03-06 22:54:52,1
4733,SES01287,PROD013,view_product,2026-03-06 22:57:28,1
4734,SES01287,PROD032,view_product,2026-03-06 22:59:32,1
4735,SES01287,PROD021,view_product,2026-03-06 23:00:15,1
4736,SES01287,PROD035,add_to_cart,2026-03-06 23:02:32,1
4737,SES01288,PROD048,view_product,2026-03-24 16:26:36,1
4738,SES01288,PROD044,view_product,2026-03-24 16:27:18,1
4739,SES01288,PROD061,view_product,2026-03-24 16:27:37,1
4740,SES01288,PROD075,view_product,2026-03-24 16:28:49,1
4741,SES01288,PROD061,add_to_cart,2026-03-24 16:30:54,1
4742,SES01289,PROD019,view_product,2026-03-12 05:59:08,1
4743,SES01289,PROD019,add_to_cart,2026-03-12 06:03:04,1
4744,SES01289,PROD019,begin_checkout,2026-03-12 06:06:55,1
4745,SES01290,PROD001,view_product,2026-01-19 11:30:30,1
4746,SES01290,PROD072,view_product,2026-01-19 11:33:16,1
4747,SES01290,PROD056,view_product,2026-01-19 11:34:21,1
4748,SES01290,PROD011,view_product,2026-01-19 11:34:48,1
4749,SES01290,PROD056,add_to_cart,2026-01-19 11:35:51,1
4750,SES01290,PROD056,begin_checkout,2026-01-19 11:39:08,1
4751,SES01290,PROD056,purchase,2026-01-19 11:43:54,1
4752,SES01291,PROD025,view_product,2026-03-27 12:04:17,1
4753,SES01291,PROD053,view_product,2026-03-27 12:05:01,1
4754,SES01291,PROD025,add_to_cart,2026-03-27 12:07:13,1
4755,SES01291,PROD025,begin_checkout,2026-03-27 12:09:58,1
4756,SES01291,PROD025,purchase,2026-03-27 12:12:48,1
4757,SES01292,PROD070,view_product,2026-02-26 06:15:17,1
4758,SES01292,PROD004,view_product,2026-02-26 06:16:47,1
4759,SES01292,PROD005,view_product,2026-02-26 06:17:33,1
4760,SES01292,PROD071,view_product,2026-02-26 06:20:08,1
4761,SES01293,PROD057,view_product,2026-01-15 20:30:55,1
4762,SES01293,PROD037,view_product,2026-01-15 20:31:53,1
4763,SES01293,PROD009,view_product,2026-01-15 20:32:12,1
4764,SES01293,PROD060,view_product,2026-01-15 20:33:39,1
4765,SES01293,PROD009,add_to_cart,2026-01-15 20:34:52,1
4766,SES01293,PROD009,begin_checkout,2026-01-15 20:38:29,1
4767,SES01294,PROD024,view_product,2026-03-18 04:16:08,1
4768,SES01294,PROD058,view_product,2026-03-18 04:16:58,1
4769,SES01294,PROD097,view_product,2026-03-18 04:17:58,1
4770,SES01294,PROD097,add_to_cart,2026-03-18 04:20:52,3
4771,SES01295,PROD027,view_product,2026-02-02 01:24:54,1
4772,SES01295,PROD002,view_product,2026-02-02 01:25:09,1
4773,SES01295,PROD002,add_to_cart,2026-02-02 01:27:16,1
4774,SES01295,PROD002,begin_checkout,2026-02-02 01:28:48,1
4775,SES01296,PROD100,view_product,2026-03-31 04:57:47,1
4776,SES01296,PROD062,view_product,2026-03-31 05:00:33,1
4777,SES01296,PROD062,add_to_cart,2026-03-31 05:03:59,1
4778,SES01296,PROD062,begin_checkout,2026-03-31 05:06:51,1
4779,SES01296,PROD062,purchase,2026-03-31 05:11:26,1
4780,SES01297,PROD099,view_product,2026-01-17 19:13:14,1
4781,SES01297,PROD034,view_product,2026-01-17 19:14:19,1
4782,SES01297,PROD063,view_product,2026-01-17 19:15:38,1
4783,SES01297,PROD022,view_product,2026-01-17 19:16:21,1
4784,SES01297,PROD031,view_product,2026-01-17 19:16:42,1
4785,SES01297,PROD063,add_to_cart,2026-01-17 19:20:21,1
4786,SES01297,PROD063,begin_checkout,2026-01-17 19:20:59,1
4787,SES01298,PROD008,view_product,2026-03-06 06:24:40,1
4788,SES01298,PROD057,view_product,2026-03-06 06:25:56,1
4789,SES01298,PROD093,view_product,2026-03-06 06:28:55,1
4790,SES01299,PROD042,view_product,2026-03-22 18:02:29,1
4791,SES01299,PROD034,view_product,2026-03-22 18:05:12,1
4792,SES01299,PROD053,view_product,2026-03-22 18:06:08,1
4793,SES01299,PROD014,view_product,2026-03-22 18:07:25,1
4794,SES01299,PROD053,add_to_cart,2026-03-22 18:08:38,1
4795,SES01299,PROD053,begin_checkout,2026-03-22 18:12:53,1
4796,SES01299,PROD053,purchase,2026-03-22 18:21:53,1
4797,SES01300,PROD089,view_product,2026-01-31 11:11:18,1
4798,SES01300,PROD044,view_product,2026-01-31 11:12:40,1
4799,SES01300,PROD050,view_product,2026-01-31 11:13:55,1
4800,SES01300,PROD051,view_product,2026-01-31 11:16:14,1
4801,SES01300,PROD098,view_product,2026-01-31 11:17:01,1
4802,SES01301,PROD013,view_product,2026-03-21 19:46:32,1
4803,SES01301,PROD017,view_product,2026-03-21 19:47:04,1
4804,SES01302,PROD054,view_product,2026-01-05 01:47:24,1
4805,SES01302,PROD096,view_product,2026-01-05 01:49:30,1
4806,SES01302,PROD079,view_product,2026-01-05 01:49:52,1
4807,SES01302,PROD007,view_product,2026-01-05 01:52:06,1
4808,SES01302,PROD086,view_product,2026-01-05 01:53:30,1
4809,SES01303,PROD080,view_product,2026-02-28 02:06:07,1
4810,SES01303,PROD033,view_product,2026-02-28 02:07:38,1
4811,SES01303,PROD089,view_product,2026-02-28 02:08:16,1
4812,SES01303,PROD046,view_product,2026-02-28 02:10:32,1
4813,SES01303,PROD023,view_product,2026-02-28 02:11:08,1
4814,SES01303,PROD033,add_to_cart,2026-02-28 02:13:02,2
4815,SES01304,PROD020,view_product,2026-01-18 15:37:33,1
4816,SES01304,PROD019,view_product,2026-01-18 15:38:28,1
4817,SES01304,PROD015,view_product,2026-01-18 15:40:14,1
4818,SES01305,PROD025,view_product,2026-03-27 08:23:04,1
4819,SES01305,PROD095,view_product,2026-03-27 08:25:32,1
4820,SES01306,PROD040,view_product,2026-01-30 07:50:49,1
4821,SES01307,PROD002,view_product,2026-03-25 00:37:52,1
4822,SES01307,PROD048,view_product,2026-03-25 00:39:38,1
4823,SES01308,PROD064,view_product,2026-03-16 09:07:53,1
4824,SES01308,PROD033,view_product,2026-03-16 09:09:44,1
4825,SES01308,PROD080,view_product,2026-03-16 09:11:43,1
4826,SES01308,PROD090,view_product,2026-03-16 09:14:35,1
4827,SES01309,PROD058,view_product,2026-03-23 22:52:48,1
4828,SES01309,PROD064,view_product,2026-03-23 22:54:19,1
4829,SES01310,PROD045,view_product,2026-02-11 21:59:06,1
4830,SES01310,PROD070,view_product,2026-02-11 21:59:50,1
4831,SES01310,PROD011,view_product,2026-02-11 22:00:07,1
4832,SES01310,PROD019,view_product,2026-02-11 22:03:04,1
4833,SES01310,PROD070,add_to_cart,2026-02-11 22:04:32,1
4834,SES01310,PROD070,begin_checkout,2026-02-11 22:07:47,1
4835,SES01311,PROD041,view_product,2026-03-16 15:00:37,1
4836,SES01311,PROD097,view_product,2026-03-16 15:01:46,1
4837,SES01311,PROD086,view_product,2026-03-16 15:03:47,1
4838,SES01311,PROD090,view_product,2026-03-16 15:04:59,1
4839,SES01311,PROD075,view_product,2026-03-16 15:07:07,1
4840,SES01312,PROD086,view_product,2026-03-04 16:43:05,1
4841,SES01312,PROD098,view_product,2026-03-04 16:45:05,1
4842,SES01312,PROD024,view_product,2026-03-04 16:46:51,1
4843,SES01312,PROD024,add_to_cart,2026-03-04 16:49:17,1
4844,SES01312,PROD024,begin_checkout,2026-03-04 16:52:40,1
4845,SES01313,PROD035,view_product,2026-03-05 13:36:28,1
4846,SES01314,PROD023,view_product,2026-03-10 09:19:12,1
4847,SES01314,PROD023,add_to_cart,2026-03-10 09:21:02,1
4848,SES01315,PROD070,view_product,2026-01-11 22:31:51,1
4849,SES01315,PROD054,view_product,2026-01-11 22:33:17,1
4850,SES01315,PROD069,view_product,2026-01-11 22:33:29,1
4851,SES01315,PROD064,view_product,2026-01-11 22:34:05,1
4852,SES01316,PROD097,view_product,2026-02-24 00:12:37,1
4853,SES01316,PROD018,view_product,2026-02-24 00:12:57,1
4854,SES01316,PROD087,view_product,2026-02-24 00:14:46,1
4855,SES01316,PROD087,add_to_cart,2026-02-24 00:17:08,2
4856,SES01316,PROD087,begin_checkout,2026-02-24 00:22:06,2
4857,SES01316,PROD087,purchase,2026-02-24 00:28:27,2
4858,SES01317,PROD100,view_product,2026-03-19 00:08:09,1
4859,SES01317,PROD096,view_product,2026-03-19 00:10:10,1
4860,SES01317,PROD016,view_product,2026-03-19 00:10:53,1
4861,SES01317,PROD016,add_to_cart,2026-03-19 00:13:44,1
4862,SES01317,PROD016,begin_checkout,2026-03-19 00:17:57,1
4863,SES01318,PROD021,view_product,2026-01-02 15:54:16,1
4864,SES01318,PROD079,view_product,2026-01-02 15:55:21,1
4865,SES01318,PROD033,view_product,2026-01-02 15:55:59,1
4866,SES01318,PROD079,add_to_cart,2026-01-02 15:59:59,2
4867,SES01318,PROD079,begin_checkout,2026-01-02 16:01:26,2
4868,SES01318,PROD079,purchase,2026-01-02 16:10:03,2
4869,SES01319,PROD013,view_product,2026-02-27 16:16:48,1
4870,SES01319,PROD084,view_product,2026-02-27 16:17:26,1
4871,SES01319,PROD021,view_product,2026-02-27 16:19:56,1
4872,SES01319,PROD066,view_product,2026-02-27 16:20:11,1
4873,SES01319,PROD090,view_product,2026-02-27 16:20:35,1
4874,SES01319,PROD066,add_to_cart,2026-02-27 16:20:55,1
4875,SES01320,PROD070,view_product,2026-03-08 00:42:13,1
4876,SES01320,PROD044,view_product,2026-03-08 00:44:42,1
4877,SES01320,PROD070,add_to_cart,2026-03-08 00:47:38,1
4878,SES01320,PROD070,begin_checkout,2026-03-08 00:49:39,1
4879,SES01320,PROD070,purchase,2026-03-08 00:54:39,1
4880,SES01321,PROD022,view_product,2026-03-31 21:47:40,1
4881,SES01321,PROD085,view_product,2026-03-31 21:48:05,1
4882,SES01321,PROD100,view_product,2026-03-31 21:48:30,1
4883,SES01321,PROD073,view_product,2026-03-31 21:50:35,1
4884,SES01321,PROD099,view_product,2026-03-31 21:52:26,1
4885,SES01322,PROD023,view_product,2026-03-15 10:17:33,1
4886,SES01322,PROD072,view_product,2026-03-15 10:19:51,1
4887,SES01323,PROD065,view_product,2026-01-20 19:01:25,1
4888,SES01324,PROD023,view_product,2026-02-22 15:44:35,1
4889,SES01324,PROD051,view_product,2026-02-22 15:46:36,1
4890,SES01324,PROD059,view_product,2026-02-22 15:49:07,1
4891,SES01324,PROD014,view_product,2026-02-22 15:50:35,1
4892,SES01325,PROD026,view_product,2026-03-06 05:15:45,1
4893,SES01325,PROD029,view_product,2026-03-06 05:16:34,1
4894,SES01325,PROD026,add_to_cart,2026-03-06 05:17:36,1
4895,SES01325,PROD026,begin_checkout,2026-03-06 05:18:38,1
4896,SES01325,PROD026,purchase,2026-03-06 05:25:11,1
4897,SES01326,PROD055,view_product,2026-02-16 19:50:16,1
4898,SES01327,PROD067,view_product,2026-01-17 05:15:30,1
4899,SES01327,PROD013,view_product,2026-01-17 05:18:19,1
4900,SES01327,PROD084,view_product,2026-01-17 05:19:01,1
4901,SES01327,PROD035,view_product,2026-01-17 05:21:10,1
4902,SES01327,PROD032,view_product,2026-01-17 05:23:55,1
4903,SES01328,PROD054,view_product,2026-02-18 20:30:26,1
4904,SES01328,PROD075,view_product,2026-02-18 20:31:52,1
4905,SES01328,PROD069,view_product,2026-02-18 20:33:31,1
4906,SES01328,PROD083,view_product,2026-02-18 20:36:30,1
4907,SES01328,PROD032,view_product,2026-02-18 20:38:47,1
4908,SES01328,PROD054,add_to_cart,2026-02-18 20:42:32,3
4909,SES01329,PROD098,view_product,2026-03-31 13:40:50,1
4910,SES01329,PROD022,view_product,2026-03-31 13:41:24,1
4911,SES01329,PROD079,view_product,2026-03-31 13:42:09,1
4912,SES01329,PROD046,view_product,2026-03-31 13:43:41,1
4913,SES01330,PROD029,view_product,2026-02-24 21:45:15,1
4914,SES01330,PROD078,view_product,2026-02-24 21:48:05,1
4915,SES01330,PROD035,view_product,2026-02-24 21:50:57,1
4916,SES01330,PROD078,add_to_cart,2026-02-24 21:51:46,1
4917,SES01330,PROD078,begin_checkout,2026-02-24 21:52:27,1
4918,SES01330,PROD078,purchase,2026-02-24 22:01:33,1
4919,SES01331,PROD051,view_product,2026-03-04 13:36:29,1
4920,SES01331,PROD063,view_product,2026-03-04 13:39:11,1
4921,SES01331,PROD003,view_product,2026-03-04 13:41:18,1
4922,SES01331,PROD072,view_product,2026-03-04 13:42:46,1
4923,SES01331,PROD001,view_product,2026-03-04 13:45:03,1
4924,SES01331,PROD003,add_to_cart,2026-03-04 13:48:55,1
4925,SES01331,PROD003,begin_checkout,2026-03-04 13:52:52,1
4926,SES01331,PROD003,purchase,2026-03-04 14:02:33,1
4927,SES01332,PROD059,view_product,2026-03-28 16:04:08,1
4928,SES01332,PROD067,view_product,2026-03-28 16:05:10,1
4929,SES01332,PROD081,view_product,2026-03-28 16:07:02,1
4930,SES01333,PROD034,view_product,2026-02-06 23:23:59,1
4931,SES01333,PROD034,add_to_cart,2026-02-06 23:26:25,1
4932,SES01334,PROD021,view_product,2026-02-01 17:13:13,1
4933,SES01334,PROD021,add_to_cart,2026-02-01 17:15:10,1
4934,SES01334,PROD021,begin_checkout,2026-02-01 17:16:11,1
4935,SES01335,PROD001,view_product,2026-03-22 22:23:08,1
4936,SES01335,PROD072,view_product,2026-03-22 22:25:44,1
4937,SES01336,PROD071,view_product,2026-03-20 02:39:08,1
4938,SES01336,PROD031,view_product,2026-03-20 02:40:25,1
4939,SES01336,PROD080,view_product,2026-03-20 02:41:02,1
4940,SES01336,PROD077,view_product,2026-03-20 02:43:33,1
4941,SES01336,PROD095,view_product,2026-03-20 02:45:11,1
4942,SES01337,PROD002,view_product,2026-01-02 09:57:56,1
4943,SES01337,PROD007,view_product,2026-01-02 09:58:17,1
4944,SES01337,PROD001,view_product,2026-01-02 09:59:55,1
4945,SES01338,PROD083,view_product,2026-03-13 11:53:35,1
4946,SES01338,PROD027,view_product,2026-03-13 11:55:24,1
4947,SES01338,PROD003,view_product,2026-03-13 11:56:48,1
4948,SES01338,PROD027,add_to_cart,2026-03-13 11:57:52,1
4949,SES01339,PROD058,view_product,2026-03-06 13:31:14,1
4950,SES01339,PROD073,view_product,2026-03-06 13:31:28,1
4951,SES01339,PROD007,view_product,2026-03-06 13:34:25,1
4952,SES01339,PROD065,view_product,2026-03-06 13:35:05,1
4953,SES01340,PROD055,view_product,2026-03-20 00:38:31,1
4954,SES01340,PROD048,view_product,2026-03-20 00:38:53,1
4955,SES01340,PROD048,add_to_cart,2026-03-20 00:40:12,1
4956,SES01340,PROD048,begin_checkout,2026-03-20 00:41:04,1
4957,SES01340,PROD048,purchase,2026-03-20 00:46:44,1
4958,SES01341,PROD049,view_product,2026-03-21 11:15:23,1
4959,SES01342,PROD018,view_product,2026-02-03 10:02:35,1
4960,SES01342,PROD041,view_product,2026-02-03 10:03:32,1
4961,SES01342,PROD055,view_product,2026-02-03 10:04:28,1
4962,SES01342,PROD099,view_product,2026-02-03 10:05:09,1
4963,SES01343,PROD034,view_product,2026-03-27 20:38:27,1
4964,SES01343,PROD034,add_to_cart,2026-03-27 20:39:55,1
4965,SES01344,PROD069,view_product,2026-02-28 07:56:56,1
4966,SES01344,PROD029,view_product,2026-02-28 07:57:07,1
4967,SES01345,PROD090,view_product,2026-02-02 07:59:32,1
4968,SES01345,PROD077,view_product,2026-02-02 07:59:42,1
4969,SES01346,PROD031,view_product,2026-01-09 21:02:09,1
4970,SES01346,PROD100,view_product,2026-01-09 21:04:17,1
4971,SES01346,PROD082,view_product,2026-01-09 21:06:33,1
4972,SES01346,PROD019,view_product,2026-01-09 21:07:23,1
4973,SES01347,PROD092,view_product,2026-03-28 18:10:31,1
4974,SES01347,PROD087,view_product,2026-03-28 18:12:04,1
4975,SES01347,PROD042,view_product,2026-03-28 18:12:57,1
4976,SES01347,PROD042,add_to_cart,2026-03-28 18:16:06,1
4977,SES01348,PROD063,view_product,2026-01-10 20:17:42,1
4978,SES01348,PROD048,view_product,2026-01-10 20:19:46,1
4979,SES01348,PROD079,view_product,2026-01-10 20:20:13,1
4980,SES01348,PROD063,add_to_cart,2026-01-10 20:23:11,1
4981,SES01348,PROD063,begin_checkout,2026-01-10 20:26:18,1
4982,SES01348,PROD063,purchase,2026-01-10 20:31:42,1
4983,SES01349,PROD039,view_product,2026-03-16 05:53:14,1
4984,SES01349,PROD057,view_product,2026-03-16 05:54:39,1
4985,SES01349,PROD057,add_to_cart,2026-03-16 05:57:22,1
4986,SES01349,PROD057,begin_checkout,2026-03-16 06:01:47,1
4987,SES01349,PROD057,purchase,2026-03-16 06:07:43,1
4988,SES01350,PROD028,view_product,2026-02-21 21:03:45,1
4989,SES01350,PROD054,view_product,2026-02-21 21:04:56,1
4990,SES01350,PROD011,view_product,2026-02-21 21:07:50,1
4991,SES01350,PROD009,view_product,2026-02-21 21:10:13,1
4992,SES01350,PROD089,view_product,2026-02-21 21:12:56,1
4993,SES01351,PROD009,view_product,2026-03-21 12:24:51,1
4994,SES01351,PROD046,view_product,2026-03-21 12:25:51,1
4995,SES01351,PROD023,view_product,2026-03-21 12:26:03,1
4996,SES01351,PROD062,view_product,2026-03-21 12:27:26,1
4997,SES01351,PROD070,view_product,2026-03-21 12:29:58,1
4998,SES01352,PROD042,view_product,2026-03-14 09:46:22,1
4999,SES01352,PROD085,view_product,2026-03-14 09:48:35,1
5000,SES01352,PROD028,view_product,2026-03-14 09:50:56,1
5001,SES01352,PROD094,view_product,2026-03-14 09:51:18,1
5002,SES01352,PROD042,add_to_cart,2026-03-14 09:54:28,1
5003,SES01352,PROD042,begin_checkout,2026-03-14 09:57:27,1
5004,SES01352,PROD042,purchase,2026-03-14 10:04:57,1
5005,SES01353,PROD076,view_product,2026-02-06 18:55:05,1
5006,SES01353,PROD009,view_product,2026-02-06 18:56:56,1
5007,SES01353,PROD040,view_product,2026-02-06 18:57:40,1
5008,SES01353,PROD029,view_product,2026-02-06 19:00:20,1
5009,SES01354,PROD079,view_product,2026-03-05 18:02:38,1
5010,SES01355,PROD062,view_product,2026-01-11 21:22:06,1
5011,SES01355,PROD030,view_product,2026-01-11 21:24:32,1
5012,SES01355,PROD074,view_product,2026-01-11 21:25:41,1
5013,SES01356,PROD085,view_product,2026-03-14 07:28:21,1
5014,SES01356,PROD067,view_product,2026-03-14 07:31:17,1
5015,SES01356,PROD038,view_product,2026-03-14 07:32:42,1
5016,SES01356,PROD037,view_product,2026-03-14 07:34:31,1
5017,SES01356,PROD038,add_to_cart,2026-03-14 07:38:20,1
5018,SES01357,PROD100,view_product,2026-02-12 12:45:21,1
5019,SES01357,PROD063,view_product,2026-02-12 12:47:57,1
5020,SES01357,PROD043,view_product,2026-02-12 12:49:36,1
5021,SES01358,PROD010,view_product,2026-01-11 19:04:12,1
5022,SES01358,PROD057,view_product,2026-01-11 19:06:20,1
5023,SES01359,PROD039,view_product,2026-03-24 02:43:51,1
5024,SES01359,PROD068,view_product,2026-03-24 02:44:49,1
5025,SES01360,PROD097,view_product,2026-02-13 20:55:05,1
5026,SES01360,PROD075,view_product,2026-02-13 20:56:22,1
5027,SES01360,PROD068,view_product,2026-02-13 20:57:56,1
5028,SES01361,PROD067,view_product,2026-01-21 00:18:44,1
5029,SES01361,PROD051,view_product,2026-01-21 00:19:20,1
5030,SES01361,PROD067,add_to_cart,2026-01-21 00:20:28,1
5031,SES01361,PROD067,begin_checkout,2026-01-21 00:23:52,1
5032,SES01362,PROD063,view_product,2026-01-12 01:51:43,1
5033,SES01362,PROD069,view_product,2026-01-12 01:51:55,1
5034,SES01362,PROD011,view_product,2026-01-12 01:52:10,1
5035,SES01362,PROD036,view_product,2026-01-12 01:54:58,1
5036,SES01362,PROD044,view_product,2026-01-12 01:57:56,1
5037,SES01363,PROD057,view_product,2026-03-11 22:04:22,1
5038,SES01364,PROD029,view_product,2026-03-25 15:19:00,1
5039,SES01364,PROD048,view_product,2026-03-25 15:21:50,1
5040,SES01365,PROD099,view_product,2026-03-25 06:02:42,1
5041,SES01365,PROD099,add_to_cart,2026-03-25 06:06:07,1
5042,SES01365,PROD099,begin_checkout,2026-03-25 06:08:40,1
5043,SES01366,PROD040,view_product,2026-02-21 17:09:52,1
5044,SES01366,PROD018,view_product,2026-02-21 17:10:33,1
5045,SES01366,PROD083,view_product,2026-02-21 17:11:45,1
5046,SES01366,PROD041,view_product,2026-02-21 17:13:44,1
5047,SES01366,PROD040,add_to_cart,2026-02-21 17:15:22,1
5048,SES01367,PROD018,view_product,2026-03-26 09:48:39,1
5049,SES01367,PROD018,add_to_cart,2026-03-26 09:49:11,1
5050,SES01368,PROD097,view_product,2026-03-19 04:40:00,1
5051,SES01368,PROD052,view_product,2026-03-19 04:41:05,1
5052,SES01368,PROD018,view_product,2026-03-19 04:42:44,1
5053,SES01368,PROD057,view_product,2026-03-19 04:45:04,1
5054,SES01369,PROD081,view_product,2026-02-04 07:06:41,1
5055,SES01370,PROD082,view_product,2026-03-14 22:38:57,1
5056,SES01370,PROD038,view_product,2026-03-14 22:40:10,1
5057,SES01370,PROD058,view_product,2026-03-14 22:40:42,1
5058,SES01371,PROD024,view_product,2026-03-21 15:43:36,1
5059,SES01371,PROD046,view_product,2026-03-21 15:45:00,1
5060,SES01371,PROD045,view_product,2026-03-21 15:46:13,1
5061,SES01371,PROD015,view_product,2026-03-21 15:48:03,1
5062,SES01371,PROD013,view_product,2026-03-21 15:50:50,1
5063,SES01371,PROD046,add_to_cart,2026-03-21 15:52:06,2
5064,SES01371,PROD046,begin_checkout,2026-03-21 15:54:09,2
5065,SES01372,PROD053,view_product,2026-02-22 21:16:18,1
5066,SES01372,PROD001,view_product,2026-02-22 21:17:13,1
5067,SES01372,PROD044,view_product,2026-02-22 21:19:36,1
5068,SES01372,PROD032,view_product,2026-02-22 21:20:07,1
5069,SES01372,PROD044,add_to_cart,2026-02-22 21:23:51,1
5070,SES01373,PROD082,view_product,2026-02-07 04:20:34,1
5071,SES01373,PROD027,view_product,2026-02-07 04:23:26,1
5072,SES01373,PROD043,view_product,2026-02-07 04:24:52,1
5073,SES01374,PROD001,view_product,2026-03-06 01:00:15,1
5074,SES01374,PROD018,view_product,2026-03-06 01:01:01,1
5075,SES01374,PROD063,view_product,2026-03-06 01:03:15,1
5076,SES01374,PROD028,view_product,2026-03-06 01:05:12,1
5077,SES01374,PROD002,view_product,2026-03-06 01:06:15,1
5078,SES01375,PROD087,view_product,2026-02-19 10:19:24,1
5079,SES01375,PROD035,view_product,2026-02-19 10:21:49,1
5080,SES01375,PROD059,view_product,2026-02-19 10:24:27,1
5081,SES01375,PROD035,add_to_cart,2026-02-19 10:24:47,1
5082,SES01375,PROD035,begin_checkout,2026-02-19 10:25:39,1
5083,SES01376,PROD073,view_product,2026-03-24 00:14:18,1
5084,SES01376,PROD073,add_to_cart,2026-03-24 00:16:43,2
5085,SES01376,PROD073,begin_checkout,2026-03-24 00:19:31,2
5086,SES01377,PROD096,view_product,2026-02-21 00:35:12,1
5087,SES01377,PROD059,view_product,2026-02-21 00:36:30,1
5088,SES01377,PROD018,view_product,2026-02-21 00:37:30,1
5089,SES01377,PROD063,view_product,2026-02-21 00:37:45,1
5090,SES01377,PROD016,view_product,2026-02-21 00:40:39,1
5091,SES01378,PROD035,view_product,2026-02-24 08:47:04,1
5092,SES01378,PROD100,view_product,2026-02-24 08:48:05,1
5093,SES01378,PROD093,view_product,2026-02-24 08:49:33,1
5094,SES01378,PROD099,view_product,2026-02-24 08:50:36,1
5095,SES01379,PROD084,view_product,2026-03-11 06:00:47,1
5096,SES01379,PROD096,view_product,2026-03-11 06:01:56,1
5097,SES01379,PROD046,view_product,2026-03-11 06:03:00,1
5098,SES01379,PROD066,view_product,2026-03-11 06:04:53,1
5099,SES01379,PROD066,add_to_cart,2026-03-11 06:08:40,1
5100,SES01379,PROD066,begin_checkout,2026-03-11 06:11:09,1
5101,SES01380,PROD082,view_product,2026-03-28 16:25:38,1
5102,SES01380,PROD054,view_product,2026-03-28 16:27:29,1
5103,SES01380,PROD003,view_product,2026-03-28 16:28:13,1
5104,SES01380,PROD024,view_product,2026-03-28 16:29:52,1
5105,SES01380,PROD070,view_product,2026-03-28 16:31:09,1
5106,SES01381,PROD030,view_product,2026-03-31 16:43:31,1
5107,SES01381,PROD011,view_product,2026-03-31 16:43:49,1
5108,SES01382,PROD008,view_product,2026-01-01 17:06:04,1
5109,SES01383,PROD048,view_product,2026-01-27 10:06:26,1
5110,SES01383,PROD100,view_product,2026-01-27 10:09:20,1
5111,SES01383,PROD031,view_product,2026-01-27 10:09:49,1
5112,SES01383,PROD100,add_to_cart,2026-01-27 10:11:23,1
5113,SES01383,PROD100,begin_checkout,2026-01-27 10:13:06,1
5114,SES01384,PROD020,view_product,2026-01-03 17:39:50,1
5115,SES01384,PROD096,view_product,2026-01-03 17:41:44,1
5116,SES01384,PROD050,view_product,2026-01-03 17:42:46,1
5117,SES01384,PROD033,view_product,2026-01-03 17:43:42,1
5118,SES01384,PROD020,add_to_cart,2026-01-03 17:47:32,3
5119,SES01384,PROD020,begin_checkout,2026-01-03 17:49:15,3
5120,SES01384,PROD020,purchase,2026-01-03 17:50:29,3
5121,SES01385,PROD014,view_product,2026-03-04 16:35:54,1
5122,SES01386,PROD028,view_product,2026-02-07 03:28:13,1
5123,SES01386,PROD007,view_product,2026-02-07 03:30:42,1
5124,SES01386,PROD061,view_product,2026-02-07 03:32:34,1
5125,SES01386,PROD002,view_product,2026-02-07 03:34:38,1
5126,SES01387,PROD051,view_product,2026-03-17 15:17:51,1
5127,SES01387,PROD054,view_product,2026-03-17 15:18:18,1
5128,SES01388,PROD078,view_product,2026-02-26 15:24:44,1
5129,SES01388,PROD041,view_product,2026-02-26 15:27:00,1
5130,SES01388,PROD004,view_product,2026-02-26 15:28:12,1
5131,SES01388,PROD008,view_product,2026-02-26 15:28:56,1
5132,SES01388,PROD078,add_to_cart,2026-02-26 15:31:09,1
5133,SES01388,PROD078,begin_checkout,2026-02-26 15:35:35,1
5134,SES01388,PROD078,purchase,2026-02-26 15:37:10,1
5135,SES01389,PROD010,view_product,2026-02-06 23:02:57,1
5136,SES01389,PROD084,view_product,2026-02-06 23:03:54,1
5137,SES01389,PROD050,view_product,2026-02-06 23:04:34,1
5138,SES01389,PROD064,view_product,2026-02-06 23:04:50,1
5139,SES01390,PROD064,view_product,2026-03-10 22:18:10,1
5140,SES01391,PROD032,view_product,2026-02-16 00:25:19,1
5141,SES01391,PROD053,view_product,2026-02-16 00:26:26,1
5142,SES01391,PROD007,view_product,2026-02-16 00:27:53,1
5143,SES01391,PROD032,add_to_cart,2026-02-16 00:28:44,1
5144,SES01391,PROD032,begin_checkout,2026-02-16 00:32:37,1
5145,SES01391,PROD032,purchase,2026-02-16 00:39:27,1
5146,SES01392,PROD075,view_product,2026-01-27 04:53:00,1
5147,SES01392,PROD075,add_to_cart,2026-01-27 04:55:16,1
5148,SES01393,PROD013,view_product,2026-03-10 20:49:02,1
5149,SES01393,PROD029,view_product,2026-03-10 20:50:56,1
5150,SES01393,PROD017,view_product,2026-03-10 20:51:26,1
5151,SES01394,PROD035,view_product,2026-02-24 02:22:40,1
5152,SES01394,PROD045,view_product,2026-02-24 02:25:19,1
5153,SES01395,PROD069,view_product,2026-01-11 06:28:25,1
5154,SES01395,PROD075,view_product,2026-01-11 06:30:25,1
5155,SES01395,PROD012,view_product,2026-01-11 06:32:53,1
5156,SES01396,PROD053,view_product,2026-03-10 06:25:28,1
5157,SES01396,PROD033,view_product,2026-03-10 06:27:25,1
5158,SES01396,PROD062,view_product,2026-03-10 06:28:07,1
5159,SES01396,PROD072,view_product,2026-03-10 06:29:11,1
5160,SES01396,PROD055,view_product,2026-03-10 06:31:19,1
5161,SES01396,PROD053,add_to_cart,2026-03-10 06:33:42,2
5162,SES01396,PROD053,begin_checkout,2026-03-10 06:36:51,2
5163,SES01397,PROD073,view_product,2026-02-12 13:22:29,1
5164,SES01398,PROD007,view_product,2026-02-25 01:49:42,1
5165,SES01399,PROD078,view_product,2026-03-16 14:49:58,1
5166,SES01399,PROD094,view_product,2026-03-16 14:51:31,1
5167,SES01399,PROD081,view_product,2026-03-16 14:52:39,1
5168,SES01399,PROD017,view_product,2026-03-16 14:54:00,1
5169,SES01400,PROD068,view_product,2026-01-04 19:03:42,1
5170,SES01400,PROD053,view_product,2026-01-04 19:04:29,1
5171,SES01400,PROD041,view_product,2026-01-04 19:04:41,1
5172,SES01400,PROD036,view_product,2026-01-04 19:05:34,1
5173,SES01400,PROD056,view_product,2026-01-04 19:06:00,1
5174,SES01401,PROD046,view_product,2026-03-08 15:15:56,1
5175,SES01401,PROD046,add_to_cart,2026-03-08 15:16:11,1
5176,SES01401,PROD046,begin_checkout,2026-03-08 15:16:50,1
5177,SES01401,PROD046,purchase,2026-03-08 15:24:15,1
5178,SES01402,PROD001,view_product,2026-02-14 00:37:27,1
5179,SES01403,PROD003,view_product,2026-01-12 18:44:07,1
5180,SES01404,PROD031,view_product,2026-02-07 07:56:53,1
5181,SES01404,PROD018,view_product,2026-02-07 07:57:54,1
5182,SES01405,PROD095,view_product,2026-02-21 15:31:22,1
5183,SES01405,PROD092,view_product,2026-02-21 15:31:34,1
5184,SES01405,PROD080,view_product,2026-02-21 15:34:02,1
5185,SES01405,PROD006,view_product,2026-02-21 15:35:38,1
5186,SES01405,PROD095,add_to_cart,2026-02-21 15:39:34,2
5187,SES01406,PROD076,view_product,2026-01-24 18:46:50,1
5188,SES01406,PROD066,view_product,2026-01-24 18:48:51,1
5189,SES01406,PROD036,view_product,2026-01-24 18:49:31,1
5190,SES01406,PROD088,view_product,2026-01-24 18:50:05,1
5191,SES01406,PROD029,view_product,2026-01-24 18:51:17,1
5192,SES01407,PROD072,view_product,2026-03-27 16:07:17,1
5193,SES01407,PROD083,view_product,2026-03-27 16:09:35,1
5194,SES01407,PROD048,view_product,2026-03-27 16:10:21,1
5195,SES01407,PROD089,view_product,2026-03-27 16:12:57,1
5196,SES01407,PROD034,view_product,2026-03-27 16:14:26,1
5197,SES01407,PROD072,add_to_cart,2026-03-27 16:15:47,1
5198,SES01408,PROD053,view_product,2026-01-20 18:06:35,1
5199,SES01408,PROD004,view_product,2026-01-20 18:09:12,1
5200,SES01408,PROD058,view_product,2026-01-20 18:11:57,1
5201,SES01408,PROD042,view_product,2026-01-20 18:14:39,1
5202,SES01408,PROD058,add_to_cart,2026-01-20 18:16:44,2
5203,SES01408,PROD058,begin_checkout,2026-01-20 18:17:41,2
5204,SES01408,PROD058,purchase,2026-01-20 18:21:02,2
5205,SES01409,PROD089,view_product,2026-01-14 12:34:57,1
5206,SES01409,PROD089,add_to_cart,2026-01-14 12:37:23,1
5207,SES01409,PROD089,begin_checkout,2026-01-14 12:40:20,1
5208,SES01410,PROD064,view_product,2026-02-18 15:57:56,1
5209,SES01411,PROD053,view_product,2026-02-15 09:31:42,1
5210,SES01411,PROD040,view_product,2026-02-15 09:32:48,1
5211,SES01411,PROD040,add_to_cart,2026-02-15 09:34:18,1
5212,SES01411,PROD040,begin_checkout,2026-02-15 09:35:36,1
5213,SES01412,PROD009,view_product,2026-03-10 01:59:13,1
5214,SES01412,PROD081,view_product,2026-03-10 02:01:47,1
5215,SES01412,PROD023,view_product,2026-03-10 02:02:01,1
5216,SES01412,PROD042,view_product,2026-03-10 02:03:24,1
5217,SES01413,PROD023,view_product,2026-01-12 02:39:17,1
5218,SES01413,PROD029,view_product,2026-01-12 02:39:33,1
5219,SES01413,PROD008,view_product,2026-01-12 02:39:56,1
5220,SES01413,PROD034,view_product,2026-01-12 02:40:27,1
5221,SES01413,PROD055,view_product,2026-01-12 02:41:09,1
5222,SES01414,PROD026,view_product,2026-01-03 21:04:25,1
5223,SES01414,PROD017,view_product,2026-01-03 21:07:15,1
5224,SES01415,PROD002,view_product,2026-03-05 13:58:36,1
5225,SES01415,PROD064,view_product,2026-03-05 14:00:37,1
5226,SES01415,PROD095,view_product,2026-03-05 14:02:10,1
5227,SES01415,PROD095,add_to_cart,2026-03-05 14:05:38,2
5228,SES01415,PROD095,begin_checkout,2026-03-05 14:09:23,2
5229,SES01416,PROD054,view_product,2026-01-30 15:48:24,1
5230,SES01416,PROD029,view_product,2026-01-30 15:48:40,1
5231,SES01416,PROD082,view_product,2026-01-30 15:49:17,1
5232,SES01416,PROD039,view_product,2026-01-30 15:52:06,1
5233,SES01416,PROD029,add_to_cart,2026-01-30 15:54:28,1
5234,SES01417,PROD045,view_product,2026-02-18 00:21:07,1
5235,SES01417,PROD072,view_product,2026-02-18 00:21:38,1
5236,SES01418,PROD059,view_product,2026-01-31 20:39:37,1
5237,SES01418,PROD086,view_product,2026-01-31 20:41:27,1
5238,SES01419,PROD090,view_product,2026-03-24 07:22:23,1
5239,SES01419,PROD052,view_product,2026-03-24 07:23:43,1
5240,SES01419,PROD020,view_product,2026-03-24 07:24:12,1
5241,SES01420,PROD080,view_product,2026-02-09 16:32:18,1
5242,SES01420,PROD038,view_product,2026-02-09 16:32:48,1
5243,SES01420,PROD061,view_product,2026-02-09 16:35:47,1
5244,SES01420,PROD080,add_to_cart,2026-02-09 16:37:34,1
5245,SES01420,PROD080,begin_checkout,2026-02-09 16:41:35,1
5246,SES01421,PROD017,view_product,2026-02-18 14:30:14,1
5247,SES01421,PROD031,view_product,2026-02-18 14:31:33,1
5248,SES01422,PROD020,view_product,2026-02-10 17:01:03,1
5249,SES01422,PROD015,view_product,2026-02-10 17:02:17,1
5250,SES01422,PROD012,view_product,2026-02-10 17:05:01,1
5251,SES01422,PROD044,view_product,2026-02-10 17:06:42,1
5252,SES01422,PROD082,view_product,2026-02-10 17:07:33,1
5253,SES01422,PROD082,add_to_cart,2026-02-10 17:07:52,1
5254,SES01423,PROD013,view_product,2026-03-24 10:29:30,1
5255,SES01424,PROD030,view_product,2026-02-21 13:49:18,1
5256,SES01424,PROD040,view_product,2026-02-21 13:50:41,1
5257,SES01424,PROD029,view_product,2026-02-21 13:52:59,1
5258,SES01424,PROD044,view_product,2026-02-21 13:55:17,1
5259,SES01425,PROD052,view_product,2026-01-27 22:01:05,1
5260,SES01425,PROD052,add_to_cart,2026-01-27 22:01:45,1
5261,SES01426,PROD040,view_product,2026-01-18 15:31:07,1
5262,SES01426,PROD026,view_product,2026-01-18 15:31:38,1
5263,SES01426,PROD085,view_product,2026-01-18 15:32:35,1
5264,SES01426,PROD040,add_to_cart,2026-01-18 15:34:32,1
5265,SES01426,PROD040,begin_checkout,2026-01-18 15:39:32,1
5266,SES01427,PROD050,view_product,2026-01-24 06:35:20,1
5267,SES01427,PROD007,view_product,2026-01-24 06:36:21,1
5268,SES01427,PROD008,view_product,2026-01-24 06:36:57,1
5269,SES01427,PROD026,view_product,2026-01-24 06:39:39,1
5270,SES01427,PROD021,view_product,2026-01-24 06:41:43,1
5271,SES01428,PROD002,view_product,2026-01-15 19:21:27,1
5272,SES01428,PROD002,add_to_cart,2026-01-15 19:22:43,2
5273,SES01428,PROD002,begin_checkout,2026-01-15 19:27:27,2
5274,SES01429,PROD020,view_product,2026-03-29 01:46:01,1
5275,SES01429,PROD098,view_product,2026-03-29 01:46:24,1
5276,SES01429,PROD046,view_product,2026-03-29 01:48:43,1
5277,SES01429,PROD088,view_product,2026-03-29 01:49:59,1
5278,SES01429,PROD046,add_to_cart,2026-03-29 01:52:56,2
5279,SES01429,PROD046,begin_checkout,2026-03-29 01:57:54,2
5280,SES01429,PROD046,purchase,2026-03-29 02:05:07,2
5281,SES01430,PROD003,view_product,2026-01-22 16:43:42,1
5282,SES01431,PROD018,view_product,2026-03-31 03:50:08,1
5283,SES01431,PROD100,view_product,2026-03-31 03:51:16,1
5284,SES01431,PROD060,view_product,2026-03-31 03:53:25,1
5285,SES01431,PROD077,view_product,2026-03-31 03:54:03,1
5286,SES01432,PROD020,view_product,2026-03-09 00:27:57,1
5287,SES01432,PROD017,view_product,2026-03-09 00:30:37,1
5288,SES01432,PROD026,view_product,2026-03-09 00:33:29,1
5289,SES01432,PROD087,view_product,2026-03-09 00:35:17,1
5290,SES01432,PROD087,add_to_cart,2026-03-09 00:37:49,1
5291,SES01432,PROD087,begin_checkout,2026-03-09 00:41:12,1
5292,SES01433,PROD024,view_product,2026-02-24 08:07:16,1
5293,SES01434,PROD005,view_product,2026-03-04 18:50:11,1
5294,SES01434,PROD002,view_product,2026-03-04 18:51:10,1
5295,SES01434,PROD022,view_product,2026-03-04 18:51:54,1
5296,SES01434,PROD084,view_product,2026-03-04 18:52:58,1
5297,SES01434,PROD033,view_product,2026-03-04 18:54:49,1
5298,SES01435,PROD078,view_product,2026-03-20 11:38:34,1
5299,SES01435,PROD086,view_product,2026-03-20 11:40:14,1
5300,SES01435,PROD098,view_product,2026-03-20 11:42:20,1
5301,SES01435,PROD049,view_product,2026-03-20 11:43:36,1
5302,SES01435,PROD049,add_to_cart,2026-03-20 11:47:16,1
5303,SES01435,PROD049,begin_checkout,2026-03-20 11:50:48,1
5304,SES01435,PROD049,purchase,2026-03-20 11:53:49,1
5305,SES01436,PROD012,view_product,2026-03-30 18:41:28,1
5306,SES01436,PROD042,view_product,2026-03-30 18:42:07,1
5307,SES01437,PROD002,view_product,2026-03-21 22:47:12,1
5308,SES01437,PROD028,view_product,2026-03-21 22:50:08,1
5309,SES01437,PROD026,view_product,2026-03-21 22:52:31,1
5310,SES01437,PROD047,view_product,2026-03-21 22:53:47,1
5311,SES01438,PROD029,view_product,2026-03-10 05:42:14,1
5312,SES01438,PROD074,view_product,2026-03-10 05:44:32,1
5313,SES01438,PROD018,view_product,2026-03-10 05:44:58,1
5314,SES01438,PROD037,view_product,2026-03-10 05:46:04,1
5315,SES01438,PROD070,view_product,2026-03-10 05:46:20,1
5316,SES01438,PROD029,add_to_cart,2026-03-10 05:49:08,1
5317,SES01439,PROD010,view_product,2026-03-25 07:40:00,1
5318,SES01439,PROD049,view_product,2026-03-25 07:42:30,1
5319,SES01439,PROD061,view_product,2026-03-25 07:44:19,1
5320,SES01440,PROD030,view_product,2026-01-23 10:29:02,1
5321,SES01440,PROD040,view_product,2026-01-23 10:29:35,1
5322,SES01440,PROD071,view_product,2026-01-23 10:29:45,1
5323,SES01440,PROD030,add_to_cart,2026-01-23 10:31:10,2
5324,SES01441,PROD016,view_product,2026-02-17 15:11:07,1
5325,SES01441,PROD041,view_product,2026-02-17 15:12:43,1
5326,SES01441,PROD061,view_product,2026-02-17 15:14:15,1
5327,SES01441,PROD032,view_product,2026-02-17 15:14:53,1
5328,SES01441,PROD016,add_to_cart,2026-02-17 15:17:14,2
5329,SES01441,PROD016,begin_checkout,2026-02-17 15:18:34,2
5330,SES01441,PROD016,purchase,2026-02-17 15:25:55,2
5331,SES01442,PROD060,view_product,2026-02-06 13:02:02,1
5332,SES01442,PROD021,view_product,2026-02-06 13:02:51,1
5333,SES01442,PROD030,view_product,2026-02-06 13:04:16,1
5334,SES01442,PROD094,view_product,2026-02-06 13:05:40,1
5335,SES01442,PROD050,view_product,2026-02-06 13:07:41,1
5336,SES01443,PROD060,view_product,2026-02-05 21:43:51,1
5337,SES01443,PROD019,view_product,2026-02-05 21:45:54,1
5338,SES01443,PROD005,view_product,2026-02-05 21:46:30,1
5339,SES01443,PROD046,view_product,2026-02-05 21:46:46,1
5340,SES01444,PROD069,view_product,2026-01-12 21:29:23,1
5341,SES01444,PROD083,view_product,2026-01-12 21:32:23,1
5342,SES01444,PROD097,view_product,2026-01-12 21:32:48,1
5343,SES01444,PROD030,view_product,2026-01-12 21:33:53,1
5344,SES01444,PROD097,add_to_cart,2026-01-12 21:35:06,1
5345,SES01444,PROD097,begin_checkout,2026-01-12 21:37:11,1
5346,SES01445,PROD086,view_product,2026-02-24 07:03:32,1
5347,SES01445,PROD024,view_product,2026-02-24 07:06:06,1
5348,SES01445,PROD050,view_product,2026-02-24 07:07:00,1
5349,SES01445,PROD007,view_product,2026-02-24 07:08:35,1
5350,SES01445,PROD007,add_to_cart,2026-02-24 07:10:33,1
5351,SES01446,PROD058,view_product,2026-01-19 01:17:44,1
5352,SES01447,PROD091,view_product,2026-02-13 15:03:58,1
5353,SES01448,PROD078,view_product,2026-02-08 22:10:26,1
5354,SES01448,PROD017,view_product,2026-02-08 22:12:26,1
5355,SES01448,PROD028,view_product,2026-02-08 22:14:45,1
5356,SES01449,PROD067,view_product,2026-03-07 05:28:25,1
5357,SES01449,PROD051,view_product,2026-03-07 05:28:49,1
5358,SES01449,PROD076,view_product,2026-03-07 05:30:24,1
5359,SES01449,PROD087,view_product,2026-03-07 05:32:08,1
5360,SES01449,PROD030,view_product,2026-03-07 05:33:18,1
5361,SES01449,PROD076,add_to_cart,2026-03-07 05:36:28,1
5362,SES01449,PROD076,begin_checkout,2026-03-07 05:38:12,1
5363,SES01449,PROD076,purchase,2026-03-07 05:46:20,1
5364,SES01450,PROD053,view_product,2026-03-17 09:26:22,1
5365,SES01450,PROD058,view_product,2026-03-17 09:28:40,1
5366,SES01450,PROD008,view_product,2026-03-17 09:31:22,1
5367,SES01451,PROD091,view_product,2026-01-25 17:29:10,1
5368,SES01451,PROD004,view_product,2026-01-25 17:30:06,1
5369,SES01451,PROD031,view_product,2026-01-25 17:32:18,1
5370,SES01451,PROD068,view_product,2026-01-25 17:33:21,1
5371,SES01451,PROD034,view_product,2026-01-25 17:35:14,1
5372,SES01452,PROD062,view_product,2026-01-18 12:03:07,1
5373,SES01452,PROD014,view_product,2026-01-18 12:03:36,1
5374,SES01453,PROD063,view_product,2026-03-05 05:31:48,1
5375,SES01454,PROD035,view_product,2026-03-01 21:15:50,1
5376,SES01454,PROD071,view_product,2026-03-01 21:18:21,1
5377,SES01454,PROD052,view_product,2026-03-01 21:19:30,1
5378,SES01454,PROD035,add_to_cart,2026-03-01 21:23:18,2
5379,SES01454,PROD035,begin_checkout,2026-03-01 21:23:52,2
5380,SES01454,PROD035,purchase,2026-03-01 21:27:55,2
5381,SES01455,PROD071,view_product,2026-03-14 12:22:52,1
5382,SES01455,PROD002,view_product,2026-03-14 12:24:10,1
5383,SES01455,PROD013,view_product,2026-03-14 12:26:26,1
5384,SES01455,PROD035,view_product,2026-03-14 12:26:55,1
5385,SES01455,PROD024,view_product,2026-03-14 12:27:20,1
5386,SES01456,PROD011,view_product,2026-02-15 02:30:12,1
5387,SES01456,PROD052,view_product,2026-02-15 02:32:16,1
5388,SES01457,PROD027,view_product,2026-01-02 01:09:06,1
5389,SES01457,PROD024,view_product,2026-01-02 01:11:13,1
5390,SES01457,PROD024,add_to_cart,2026-01-02 01:12:25,1
5391,SES01458,PROD056,view_product,2026-02-12 18:38:33,1
5392,SES01458,PROD031,view_product,2026-02-12 18:39:39,1
5393,SES01458,PROD072,view_product,2026-02-12 18:42:13,1
5394,SES01458,PROD001,view_product,2026-02-12 18:42:31,1
5395,SES01459,PROD071,view_product,2026-02-22 22:55:54,1
5396,SES01459,PROD042,view_product,2026-02-22 22:58:38,1
5397,SES01459,PROD014,view_product,2026-02-22 22:59:45,1
5398,SES01459,PROD090,view_product,2026-02-22 23:00:27,1
5399,SES01459,PROD078,view_product,2026-02-22 23:02:35,1
5400,SES01460,PROD074,view_product,2026-02-17 21:24:02,1
5401,SES01460,PROD016,view_product,2026-02-17 21:25:08,1
5402,SES01460,PROD074,add_to_cart,2026-02-17 21:28:40,1
5403,SES01460,PROD074,begin_checkout,2026-02-17 21:32:49,1
5404,SES01461,PROD022,view_product,2026-03-11 18:20:09,1
5405,SES01461,PROD059,view_product,2026-03-11 18:21:36,1
5406,SES01461,PROD071,view_product,2026-03-11 18:23:17,1
5407,SES01462,PROD093,view_product,2026-03-14 17:08:25,1
5408,SES01462,PROD001,view_product,2026-03-14 17:09:52,1
5409,SES01462,PROD065,view_product,2026-03-14 17:10:02,1
5410,SES01462,PROD070,view_product,2026-03-14 17:11:59,1
5411,SES01463,PROD006,view_product,2026-03-15 03:52:21,1
5412,SES01463,PROD070,view_product,2026-03-15 03:55:21,1
5413,SES01464,PROD048,view_product,2026-02-24 16:14:51,1
5414,SES01465,PROD029,view_product,2026-03-28 13:44:48,1
5415,SES01465,PROD023,view_product,2026-03-28 13:45:50,1
5416,SES01465,PROD021,view_product,2026-03-28 13:46:44,1
5417,SES01465,PROD045,view_product,2026-03-28 13:46:55,1
5418,SES01465,PROD025,view_product,2026-03-28 13:47:47,1
5419,SES01465,PROD029,add_to_cart,2026-03-28 13:51:29,1
5420,SES01465,PROD029,begin_checkout,2026-03-28 13:54:48,1
5421,SES01465,PROD029,purchase,2026-03-28 13:56:48,1
5422,SES01466,PROD029,view_product,2026-01-22 23:12:49,1
5423,SES01467,PROD080,view_product,2026-03-20 12:02:44,1
5424,SES01467,PROD025,view_product,2026-03-20 12:03:43,1
5425,SES01468,PROD069,view_product,2026-03-31 05:44:51,1
5426,SES01468,PROD069,add_to_cart,2026-03-31 05:48:38,1
5427,SES01469,PROD097,view_product,2026-01-16 16:47:43,1
5428,SES01469,PROD077,view_product,2026-01-16 16:50:29,1
5429,SES01469,PROD051,view_product,2026-01-16 16:53:12,1
5430,SES01470,PROD026,view_product,2026-01-12 10:45:42,1
5431,SES01470,PROD010,view_product,2026-01-12 10:48:22,1
5432,SES01470,PROD062,view_product,2026-01-12 10:50:07,1
5433,SES01470,PROD059,view_product,2026-01-12 10:51:28,1
5434,SES01470,PROD026,add_to_cart,2026-01-12 10:54:15,1
5435,SES01471,PROD076,view_product,2026-01-20 17:23:04,1
5436,SES01471,PROD076,add_to_cart,2026-01-20 17:24:17,1
5437,SES01471,PROD076,begin_checkout,2026-01-20 17:27:57,1
5438,SES01471,PROD076,purchase,2026-01-20 17:35:47,1
5439,SES01472,PROD081,view_product,2026-02-15 23:14:13,1
5440,SES01472,PROD052,view_product,2026-02-15 23:14:29,1
5441,SES01472,PROD033,view_product,2026-02-15 23:17:17,1
5442,SES01472,PROD050,view_product,2026-02-15 23:19:15,1
5443,SES01472,PROD014,view_product,2026-02-15 23:19:55,1
5444,SES01473,PROD035,view_product,2026-02-25 10:43:54,1
5445,SES01473,PROD041,view_product,2026-02-25 10:44:31,1
5446,SES01473,PROD018,view_product,2026-02-25 10:44:57,1
5447,SES01473,PROD008,view_product,2026-02-25 10:46:37,1
5448,SES01473,PROD025,view_product,2026-02-25 10:47:45,1
5449,SES01474,PROD075,view_product,2026-01-27 07:18:15,1
5450,SES01474,PROD075,add_to_cart,2026-01-27 07:18:42,1
5451,SES01474,PROD075,begin_checkout,2026-01-27 07:22:58,1
5452,SES01474,PROD075,purchase,2026-01-27 07:31:50,1
5453,SES01475,PROD020,view_product,2026-02-06 08:21:51,1
5454,SES01475,PROD012,view_product,2026-02-06 08:24:20,1
5455,SES01475,PROD012,add_to_cart,2026-02-06 08:27:27,1
5456,SES01475,PROD012,begin_checkout,2026-02-06 08:28:53,1
5457,SES01475,PROD012,purchase,2026-02-06 08:30:00,1
5458,SES01476,PROD026,view_product,2026-02-11 21:19:50,1
5459,SES01476,PROD027,view_product,2026-02-11 21:22:30,1
5460,SES01476,PROD031,view_product,2026-02-11 21:25:02,1
5461,SES01476,PROD097,view_product,2026-02-11 21:27:02,1
5462,SES01476,PROD022,view_product,2026-02-11 21:28:42,1
5463,SES01476,PROD022,add_to_cart,2026-02-11 21:29:39,2
5464,SES01476,PROD022,begin_checkout,2026-02-11 21:32:37,2
5465,SES01477,PROD095,view_product,2026-02-02 09:15:13,1
5466,SES01477,PROD068,view_product,2026-02-02 09:16:06,1
5467,SES01477,PROD025,view_product,2026-02-02 09:17:38,1
5468,SES01478,PROD035,view_product,2026-03-31 14:46:21,1
5469,SES01478,PROD051,view_product,2026-03-31 14:47:14,1
5470,SES01478,PROD062,view_product,2026-03-31 14:48:56,1
5471,SES01478,PROD017,view_product,2026-03-31 14:50:24,1
5472,SES01478,PROD085,view_product,2026-03-31 14:51:29,1
5473,SES01479,PROD072,view_product,2026-02-06 05:42:32,1
5474,SES01479,PROD021,view_product,2026-02-06 05:43:28,1
5475,SES01480,PROD022,view_product,2026-01-19 19:15:13,1
5476,SES01480,PROD097,view_product,2026-01-19 19:17:44,1
5477,SES01480,PROD039,view_product,2026-01-19 19:19:39,1
5478,SES01480,PROD058,view_product,2026-01-19 19:20:37,1
5479,SES01481,PROD032,view_product,2026-02-08 05:37:51,1
5480,SES01481,PROD036,view_product,2026-02-08 05:39:14,1
5481,SES01482,PROD022,view_product,2026-02-18 15:40:35,1
5482,SES01482,PROD089,view_product,2026-02-18 15:42:29,1
5483,SES01482,PROD057,view_product,2026-02-18 15:44:21,1
5484,SES01482,PROD006,view_product,2026-02-18 15:44:31,1
5485,SES01482,PROD057,add_to_cart,2026-02-18 15:44:59,2
5486,SES01483,PROD003,view_product,2026-03-19 14:54:20,1
5487,SES01484,PROD069,view_product,2026-02-25 19:40:40,1
5488,SES01484,PROD080,view_product,2026-02-25 19:41:24,1
5489,SES01484,PROD080,add_to_cart,2026-02-25 19:44:10,1
5490,SES01484,PROD080,begin_checkout,2026-02-25 19:44:42,1
5491,SES01485,PROD052,view_product,2026-01-14 22:33:57,1
5492,SES01485,PROD036,view_product,2026-01-14 22:34:21,1
5493,SES01485,PROD015,view_product,2026-01-14 22:36:32,1
5494,SES01486,PROD002,view_product,2026-02-07 22:56:02,1
5495,SES01486,PROD074,view_product,2026-02-07 22:58:10,1
5496,SES01486,PROD042,view_product,2026-02-07 22:59:04,1
5497,SES01486,PROD074,add_to_cart,2026-02-07 23:02:50,1
5498,SES01486,PROD074,begin_checkout,2026-02-07 23:04:35,1
5499,SES01487,PROD083,view_product,2026-03-28 00:22:49,1
5500,SES01487,PROD083,add_to_cart,2026-03-28 00:24:20,2
5501,SES01487,PROD083,begin_checkout,2026-03-28 00:26:32,2
5502,SES01488,PROD059,view_product,2026-03-21 08:04:49,1
5503,SES01488,PROD023,view_product,2026-03-21 08:06:59,1
5504,SES01489,PROD089,view_product,2026-02-10 19:12:52,1
5505,SES01489,PROD027,view_product,2026-02-10 19:13:48,1
5506,SES01489,PROD033,view_product,2026-02-10 19:16:37,1
5507,SES01489,PROD078,view_product,2026-02-10 19:16:58,1
5508,SES01490,PROD013,view_product,2026-03-20 12:47:44,1
5509,SES01490,PROD066,view_product,2026-03-20 12:47:59,1
5510,SES01490,PROD071,view_product,2026-03-20 12:48:31,1
5511,SES01491,PROD022,view_product,2026-02-22 07:55:31,1
5512,SES01492,PROD035,view_product,2026-02-28 23:28:56,1
5513,SES01492,PROD045,view_product,2026-02-28 23:30:31,1
5514,SES01493,PROD022,view_product,2026-01-25 19:27:08,1
5515,SES01494,PROD072,view_product,2026-01-22 21:14:35,1
5516,SES01494,PROD073,view_product,2026-01-22 21:15:29,1
5517,SES01494,PROD006,view_product,2026-01-22 21:16:29,1
5518,SES01494,PROD036,view_product,2026-01-22 21:18:51,1
5519,SES01495,PROD030,view_product,2026-03-10 07:05:20,1
5520,SES01495,PROD065,view_product,2026-03-10 07:06:50,1
5521,SES01495,PROD044,view_product,2026-03-10 07:09:03,1
5522,SES01496,PROD078,view_product,2026-03-12 11:59:03,1
5523,SES01496,PROD003,view_product,2026-03-12 12:01:15,1
5524,SES01496,PROD005,view_product,2026-03-12 12:03:41,1
5525,SES01496,PROD075,view_product,2026-03-12 12:04:10,1
5526,SES01496,PROD100,view_product,2026-03-12 12:05:27,1
5527,SES01497,PROD029,view_product,2026-03-04 20:55:30,1
5528,SES01497,PROD059,view_product,2026-03-04 20:56:47,1
5529,SES01497,PROD065,view_product,2026-03-04 20:58:07,1
5530,SES01497,PROD029,add_to_cart,2026-03-04 20:59:58,1
5531,SES01497,PROD029,begin_checkout,2026-03-04 21:04:19,1
5532,SES01498,PROD060,view_product,2026-02-04 02:50:48,1
5533,SES01498,PROD017,view_product,2026-02-04 02:52:41,1
5534,SES01498,PROD087,view_product,2026-02-04 02:55:12,1
5535,SES01498,PROD050,view_product,2026-02-04 02:55:39,1
5536,SES01498,PROD087,add_to_cart,2026-02-04 02:56:16,2
5537,SES01498,PROD087,begin_checkout,2026-02-04 03:01:10,2
5538,SES01499,PROD074,view_product,2026-01-15 11:33:15,1
5539,SES01499,PROD015,view_product,2026-01-15 11:35:37,1
5540,SES01499,PROD074,add_to_cart,2026-01-15 11:38:38,1
5541,SES01500,PROD005,view_product,2026-02-20 22:22:40,1
5542,SES01500,PROD044,view_product,2026-02-20 22:24:43,1
5543,SES01500,PROD030,view_product,2026-02-20 22:26:01,1
5544,SES01500,PROD091,view_product,2026-02-20 22:27:59,1
5545,SES01501,PROD052,view_product,2026-02-16 21:37:01,1
5546,SES01502,PROD054,view_product,2026-01-12 16:13:20,1
5547,SES01502,PROD053,view_product,2026-01-12 16:15:57,1
5548,SES01503,PROD043,view_product,2026-03-26 10:13:47,1
5549,SES01503,PROD028,view_product,2026-03-26 10:16:30,1
5550,SES01503,PROD065,view_product,2026-03-26 10:16:51,1
5551,SES01503,PROD098,view_product,2026-03-26 10:18:40,1
5552,SES01504,PROD089,view_product,2026-01-30 13:59:12,1
5553,SES01504,PROD080,view_product,2026-01-30 13:59:28,1
5554,SES01504,PROD065,view_product,2026-01-30 14:00:58,1
5555,SES01504,PROD097,view_product,2026-01-30 14:03:51,1
5556,SES01504,PROD062,view_product,2026-01-30 14:05:23,1
5557,SES01505,PROD089,view_product,2026-03-03 19:53:16,1
5558,SES01505,PROD089,add_to_cart,2026-03-03 19:56:46,1
5559,SES01505,PROD089,begin_checkout,2026-03-03 20:00:41,1
5560,SES01506,PROD052,view_product,2026-01-20 23:52:20,1
5561,SES01507,PROD075,view_product,2026-03-29 00:34:12,1
5562,SES01507,PROD023,view_product,2026-03-29 00:36:47,1
5563,SES01507,PROD099,view_product,2026-03-29 00:39:14,1
5564,SES01507,PROD066,view_product,2026-03-29 00:40:04,1
5565,SES01507,PROD079,view_product,2026-03-29 00:42:19,1
5566,SES01507,PROD023,add_to_cart,2026-03-29 00:43:56,1
5567,SES01508,PROD069,view_product,2026-01-23 15:50:54,1
5568,SES01509,PROD092,view_product,2026-02-09 08:17:15,1
5569,SES01509,PROD090,view_product,2026-02-09 08:19:42,1
5570,SES01510,PROD039,view_product,2026-01-30 10:59:54,1
5571,SES01510,PROD088,view_product,2026-01-30 11:00:08,1
5572,SES01510,PROD082,view_product,2026-01-30 11:00:46,1
5573,SES01510,PROD082,add_to_cart,2026-01-30 11:02:48,1
5574,SES01510,PROD082,begin_checkout,2026-01-30 11:06:32,1
5575,SES01510,PROD082,purchase,2026-01-30 11:08:37,1
5576,SES01511,PROD068,view_product,2026-02-12 15:25:27,1
5577,SES01511,PROD021,view_product,2026-02-12 15:26:48,1
5578,SES01511,PROD035,view_product,2026-02-12 15:29:46,1
5579,SES01511,PROD030,view_product,2026-02-12 15:30:58,1
5580,SES01511,PROD072,view_product,2026-02-12 15:31:21,1
5581,SES01512,PROD061,view_product,2026-03-10 15:49:50,1
5582,SES01512,PROD065,view_product,2026-03-10 15:51:36,1
5583,SES01512,PROD001,view_product,2026-03-10 15:54:30,1
5584,SES01512,PROD050,view_product,2026-03-10 15:55:49,1
5585,SES01513,PROD014,view_product,2026-03-04 15:27:15,1
5586,SES01514,PROD012,view_product,2026-03-31 10:06:36,1
5587,SES01514,PROD043,view_product,2026-03-31 10:07:15,1
5588,SES01514,PROD001,view_product,2026-03-31 10:09:26,1
5589,SES01514,PROD026,view_product,2026-03-31 10:09:49,1
5590,SES01514,PROD058,view_product,2026-03-31 10:12:32,1
5591,SES01515,PROD081,view_product,2026-02-13 07:53:01,1
5592,SES01515,PROD070,view_product,2026-02-13 07:55:07,1
5593,SES01515,PROD005,view_product,2026-02-13 07:55:57,1
5594,SES01515,PROD067,view_product,2026-02-13 07:57:49,1
5595,SES01515,PROD082,view_product,2026-02-13 07:58:37,1
5596,SES01516,PROD068,view_product,2026-01-17 21:06:43,1
5597,SES01516,PROD042,view_product,2026-01-17 21:09:42,1
5598,SES01516,PROD097,view_product,2026-01-17 21:09:56,1
5599,SES01517,PROD081,view_product,2026-03-27 05:26:37,1
5600,SES01517,PROD036,view_product,2026-03-27 05:29:05,1
5601,SES01517,PROD012,view_product,2026-03-27 05:29:15,1
5602,SES01517,PROD010,view_product,2026-03-27 05:31:13,1
5603,SES01518,PROD061,view_product,2026-03-27 21:12:02,1
5604,SES01518,PROD052,view_product,2026-03-27 21:12:45,1
5605,SES01518,PROD061,add_to_cart,2026-03-27 21:16:35,1
5606,SES01518,PROD061,begin_checkout,2026-03-27 21:18:06,1
5607,SES01518,PROD061,purchase,2026-03-27 21:22:05,1
5608,SES01519,PROD083,view_product,2026-03-19 23:18:42,1
5609,SES01519,PROD033,view_product,2026-03-19 23:21:05,1
5610,SES01520,PROD085,view_product,2026-03-29 09:08:36,1
5611,SES01520,PROD019,view_product,2026-03-29 09:11:34,1
5612,SES01520,PROD039,view_product,2026-03-29 09:13:19,1
5613,SES01520,PROD039,add_to_cart,2026-03-29 09:13:57,1
5614,SES01521,PROD073,view_product,2026-02-05 08:43:43,1
5615,SES01521,PROD058,view_product,2026-02-05 08:44:56,1
5616,SES01521,PROD052,view_product,2026-02-05 08:47:42,1
5617,SES01521,PROD058,add_to_cart,2026-02-05 08:51:10,1
5618,SES01521,PROD058,begin_checkout,2026-02-05 08:54:52,1
5619,SES01521,PROD058,purchase,2026-02-05 09:01:07,1
5620,SES01522,PROD057,view_product,2026-02-11 06:07:33,1
5621,SES01522,PROD048,view_product,2026-02-11 06:08:45,1
5622,SES01522,PROD100,view_product,2026-02-11 06:10:37,1
5623,SES01522,PROD036,view_product,2026-02-11 06:11:56,1
5624,SES01522,PROD087,view_product,2026-02-11 06:14:16,1
5625,SES01523,PROD048,view_product,2026-02-25 08:06:21,1
5626,SES01523,PROD036,view_product,2026-02-25 08:07:21,1
5627,SES01523,PROD092,view_product,2026-02-25 08:08:03,1
5628,SES01523,PROD052,view_product,2026-02-25 08:09:12,1
5629,SES01523,PROD053,view_product,2026-02-25 08:11:11,1
5630,SES01523,PROD052,add_to_cart,2026-02-25 08:14:00,2
5631,SES01524,PROD075,view_product,2026-02-09 14:10:10,1
5632,SES01524,PROD040,view_product,2026-02-09 14:13:10,1
5633,SES01524,PROD073,view_product,2026-02-09 14:14:04,1
5634,SES01524,PROD075,add_to_cart,2026-02-09 14:15:06,2
5635,SES01525,PROD051,view_product,2026-02-24 17:30:12,1
5636,SES01525,PROD010,view_product,2026-02-24 17:32:06,1
5637,SES01525,PROD059,view_product,2026-02-24 17:33:01,1
5638,SES01525,PROD073,view_product,2026-02-24 17:33:59,1
5639,SES01526,PROD076,view_product,2026-03-28 09:10:03,1
5640,SES01526,PROD095,view_product,2026-03-28 09:12:33,1
5641,SES01526,PROD095,add_to_cart,2026-03-28 09:15:56,1
5642,SES01526,PROD095,begin_checkout,2026-03-28 09:19:50,1
5643,SES01526,PROD095,purchase,2026-03-28 09:28:45,1
5644,SES01527,PROD023,view_product,2026-01-02 04:48:53,1
5645,SES01527,PROD007,view_product,2026-01-02 04:49:27,1
5646,SES01527,PROD067,view_product,2026-01-02 04:51:00,1
5647,SES01527,PROD033,view_product,2026-01-02 04:52:01,1
5648,SES01527,PROD078,view_product,2026-01-02 04:54:45,1
5649,SES01528,PROD004,view_product,2026-03-25 00:39:20,1
5650,SES01529,PROD079,view_product,2026-03-20 22:53:40,1
5651,SES01529,PROD093,view_product,2026-03-20 22:55:08,1
5652,SES01530,PROD028,view_product,2026-03-26 12:56:14,1
5653,SES01530,PROD028,add_to_cart,2026-03-26 12:58:56,1
5654,SES01530,PROD028,begin_checkout,2026-03-26 13:00:43,1
5655,SES01531,PROD056,view_product,2026-02-15 15:23:00,1
5656,SES01531,PROD083,view_product,2026-02-15 15:23:50,1
5657,SES01531,PROD042,view_product,2026-02-15 15:26:50,1
5658,SES01531,PROD086,view_product,2026-02-15 15:27:34,1
5659,SES01531,PROD050,view_product,2026-02-15 15:28:59,1
5660,SES01532,PROD044,view_product,2026-03-05 00:12:05,1
5661,SES01532,PROD030,view_product,2026-03-05 00:14:40,1
5662,SES01533,PROD034,view_product,2026-02-11 13:36:18,1
5663,SES01533,PROD072,view_product,2026-02-11 13:38:47,1
5664,SES01533,PROD080,view_product,2026-02-11 13:39:05,1
5665,SES01533,PROD052,view_product,2026-02-11 13:42:01,1
5666,SES01533,PROD017,view_product,2026-02-11 13:43:45,1
5667,SES01534,PROD058,view_product,2026-03-19 00:12:56,1
5668,SES01535,PROD001,view_product,2026-02-25 12:34:49,1
5669,SES01535,PROD040,view_product,2026-02-25 12:37:04,1
5670,SES01535,PROD032,view_product,2026-02-25 12:38:19,1
5671,SES01535,PROD001,add_to_cart,2026-02-25 12:38:52,1
5672,SES01536,PROD063,view_product,2026-03-24 13:38:14,1
5673,SES01536,PROD064,view_product,2026-03-24 13:38:42,1
5674,SES01536,PROD026,view_product,2026-03-24 13:40:59,1
5675,SES01536,PROD083,view_product,2026-03-24 13:42:38,1
5676,SES01536,PROD083,add_to_cart,2026-03-24 13:45:20,1
5677,SES01537,PROD077,view_product,2026-03-22 11:31:46,1
5678,SES01537,PROD093,view_product,2026-03-22 11:33:59,1
5679,SES01537,PROD010,view_product,2026-03-22 11:34:58,1
5680,SES01537,PROD076,view_product,2026-03-22 11:36:01,1
5681,SES01537,PROD026,view_product,2026-03-22 11:38:08,1
5682,SES01537,PROD010,add_to_cart,2026-03-22 11:41:50,1
5683,SES01537,PROD010,begin_checkout,2026-03-22 11:44:58,1
5684,SES01537,PROD010,purchase,2026-03-22 11:53:37,1
5685,SES01538,PROD054,view_product,2026-02-17 21:40:16,1
5686,SES01538,PROD017,view_product,2026-02-17 21:40:27,1
5687,SES01538,PROD100,view_product,2026-02-17 21:42:37,1
5688,SES01538,PROD029,view_product,2026-02-17 21:44:32,1
5689,SES01538,PROD041,view_product,2026-02-17 21:46:04,1
5690,SES01538,PROD041,add_to_cart,2026-02-17 21:48:19,1
5691,SES01539,PROD012,view_product,2026-03-08 19:19:06,1
5692,SES01539,PROD062,view_product,2026-03-08 19:22:04,1
5693,SES01539,PROD089,view_product,2026-03-08 19:22:56,1
5694,SES01540,PROD078,view_product,2026-02-04 03:28:13,1
5695,SES01541,PROD042,view_product,2026-02-03 15:00:40,1
5696,SES01541,PROD042,add_to_cart,2026-02-03 15:01:58,1
5697,SES01542,PROD037,view_product,2026-03-24 09:21:41,1
5698,SES01543,PROD016,view_product,2026-03-19 18:50:26,1
5699,SES01543,PROD070,view_product,2026-03-19 18:51:39,1
5700,SES01543,PROD036,view_product,2026-03-19 18:54:23,1
5701,SES01544,PROD076,view_product,2026-01-08 21:47:15,1
5702,SES01544,PROD049,view_product,2026-01-08 21:48:06,1
5703,SES01545,PROD052,view_product,2026-02-19 21:06:31,1
5704,SES01545,PROD088,view_product,2026-02-19 21:09:29,1
5705,SES01545,PROD036,view_product,2026-02-19 21:11:32,1
5706,SES01545,PROD081,view_product,2026-02-19 21:13:58,1
5707,SES01545,PROD089,view_product,2026-02-19 21:16:26,1
5708,SES01545,PROD081,add_to_cart,2026-02-19 21:19:16,1
5709,SES01546,PROD027,view_product,2026-02-17 10:15:22,1
5710,SES01546,PROD093,view_product,2026-02-17 10:16:59,1
5711,SES01547,PROD065,view_product,2026-02-28 17:33:39,1
5712,SES01548,PROD072,view_product,2026-02-17 07:41:16,1
5713,SES01548,PROD062,view_product,2026-02-17 07:41:56,1
5714,SES01548,PROD006,view_product,2026-02-17 07:44:39,1
5715,SES01548,PROD077,view_product,2026-02-17 07:47:26,1
5716,SES01548,PROD022,view_product,2026-02-17 07:47:59,1
5717,SES01549,PROD012,view_product,2026-03-27 23:54:28,1
5718,SES01550,PROD069,view_product,2026-03-20 17:13:37,1
5719,SES01550,PROD036,view_product,2026-03-20 17:16:10,1
5720,SES01550,PROD071,view_product,2026-03-20 17:16:32,1
5721,SES01550,PROD036,add_to_cart,2026-03-20 17:19:35,1
5722,SES01550,PROD036,begin_checkout,2026-03-20 17:23:31,1
5723,SES01551,PROD003,view_product,2026-03-19 13:10:19,1
5724,SES01551,PROD041,view_product,2026-03-19 13:13:02,1
5725,SES01552,PROD093,view_product,2026-01-27 11:18:08,1
5726,SES01552,PROD090,view_product,2026-01-27 11:21:01,1
5727,SES01552,PROD008,view_product,2026-01-27 11:22:01,1
5728,SES01552,PROD069,view_product,2026-01-27 11:22:31,1
5729,SES01553,PROD074,view_product,2026-01-08 03:08:01,1
5730,SES01553,PROD035,view_product,2026-01-08 03:10:15,1
5731,SES01554,PROD090,view_product,2026-01-13 20:14:31,1
5732,SES01554,PROD098,view_product,2026-01-13 20:14:41,1
5733,SES01554,PROD074,view_product,2026-01-13 20:16:24,1
5734,SES01554,PROD090,add_to_cart,2026-01-13 20:18:17,1
5735,SES01554,PROD090,begin_checkout,2026-01-13 20:21:21,1
5736,SES01555,PROD067,view_product,2026-03-30 01:58:22,1
5737,SES01555,PROD052,view_product,2026-03-30 02:00:12,1
5738,SES01555,PROD007,view_product,2026-03-30 02:01:22,1
5739,SES01555,PROD043,view_product,2026-03-30 02:01:42,1
5740,SES01555,PROD052,add_to_cart,2026-03-30 02:01:59,1
5741,SES01555,PROD052,begin_checkout,2026-03-30 02:03:35,1
5742,SES01556,PROD080,view_product,2026-01-09 12:28:01,1
5743,SES01557,PROD095,view_product,2026-01-05 06:05:05,1
5744,SES01558,PROD097,view_product,2026-03-08 11:13:49,1
5745,SES01558,PROD048,view_product,2026-03-08 11:15:32,1
5746,SES01558,PROD073,view_product,2026-03-08 11:16:41,1
5747,SES01558,PROD060,view_product,2026-03-08 11:17:19,1
5748,SES01559,PROD056,view_product,2026-02-08 02:27:00,1
5749,SES01559,PROD006,view_product,2026-02-08 02:28:25,1
5750,SES01559,PROD018,view_product,2026-02-08 02:31:24,1
5751,SES01559,PROD060,view_product,2026-02-08 02:32:56,1
5752,SES01559,PROD045,view_product,2026-02-08 02:34:11,1
5753,SES01560,PROD096,view_product,2026-02-27 08:04:15,1
5754,SES01560,PROD072,view_product,2026-02-27 08:05:38,1
5755,SES01560,PROD078,view_product,2026-02-27 08:07:12,1
5756,SES01560,PROD096,add_to_cart,2026-02-27 08:07:31,1
5757,SES01561,PROD037,view_product,2026-02-07 19:08:12,1
5758,SES01561,PROD098,view_product,2026-02-07 19:10:03,1
5759,SES01562,PROD079,view_product,2026-03-19 02:39:22,1
5760,SES01562,PROD064,view_product,2026-03-19 02:41:09,1
5761,SES01562,PROD007,view_product,2026-03-19 02:41:22,1
5762,SES01562,PROD041,view_product,2026-03-19 02:42:32,1
5763,SES01563,PROD058,view_product,2026-03-23 14:10:32,1
5764,SES01563,PROD058,add_to_cart,2026-03-23 14:12:30,1
5765,SES01563,PROD058,begin_checkout,2026-03-23 14:14:40,1
5766,SES01563,PROD058,purchase,2026-03-23 14:16:44,1
5767,SES01564,PROD087,view_product,2026-01-20 07:51:45,1
5768,SES01564,PROD093,view_product,2026-01-20 07:52:18,1
5769,SES01565,PROD074,view_product,2026-01-31 16:25:35,1
5770,SES01565,PROD008,view_product,2026-01-31 16:26:50,1
5771,SES01565,PROD048,view_product,2026-01-31 16:28:17,1
5772,SES01565,PROD017,view_product,2026-01-31 16:28:46,1
5773,SES01565,PROD048,add_to_cart,2026-01-31 16:31:26,1
5774,SES01565,PROD048,begin_checkout,2026-01-31 16:35:08,1
5775,SES01566,PROD075,view_product,2026-01-10 10:14:01,1
5776,SES01566,PROD007,view_product,2026-01-10 10:14:42,1
5777,SES01566,PROD041,view_product,2026-01-10 10:17:18,1
5778,SES01566,PROD093,view_product,2026-01-10 10:17:48,1
5779,SES01567,PROD092,view_product,2026-03-03 20:51:34,1
5780,SES01567,PROD052,view_product,2026-03-03 20:53:33,1
5781,SES01567,PROD075,view_product,2026-03-03 20:55:07,1
5782,SES01567,PROD092,add_to_cart,2026-03-03 20:56:11,1
5783,SES01568,PROD088,view_product,2026-03-25 15:54:27,1
5784,SES01568,PROD060,view_product,2026-03-25 15:55:39,1
5785,SES01568,PROD007,view_product,2026-03-25 15:57:51,1
5786,SES01569,PROD083,view_product,2026-01-09 14:42:02,1
5787,SES01570,PROD089,view_product,2026-02-11 23:48:44,1
5788,SES01570,PROD091,view_product,2026-02-11 23:50:56,1
5789,SES01570,PROD089,add_to_cart,2026-02-11 23:54:51,1
5790,SES01570,PROD089,begin_checkout,2026-02-11 23:57:33,1
5791,SES01570,PROD089,purchase,2026-02-12 00:00:49,1
5792,SES01571,PROD076,view_product,2026-03-20 01:14:36,1
5793,SES01571,PROD084,view_product,2026-03-20 01:16:47,1
5794,SES01571,PROD024,view_product,2026-03-20 01:17:57,1
5795,SES01571,PROD034,view_product,2026-03-20 01:20:46,1
5796,SES01571,PROD022,view_product,2026-03-20 01:21:36,1
5797,SES01571,PROD022,add_to_cart,2026-03-20 01:24:37,2
5798,SES01571,PROD022,begin_checkout,2026-03-20 01:26:16,2
5799,SES01571,PROD022,purchase,2026-03-20 01:30:22,2
5800,SES01572,PROD067,view_product,2026-02-21 04:03:19,1
5801,SES01572,PROD036,view_product,2026-02-21 04:04:04,1
5802,SES01572,PROD036,add_to_cart,2026-02-21 04:04:37,1
5803,SES01573,PROD011,view_product,2026-01-01 21:12:52,1
5804,SES01573,PROD043,view_product,2026-01-01 21:13:34,1
5805,SES01573,PROD035,view_product,2026-01-01 21:15:23,1
5806,SES01573,PROD043,add_to_cart,2026-01-01 21:18:03,1
5807,SES01574,PROD037,view_product,2026-01-22 11:18:02,1
5808,SES01574,PROD032,view_product,2026-01-22 11:18:59,1
5809,SES01574,PROD028,view_product,2026-01-22 11:20:59,1
5810,SES01574,PROD087,view_product,2026-01-22 11:23:49,1
5811,SES01575,PROD054,view_product,2026-02-13 15:13:02,1
5812,SES01576,PROD001,view_product,2026-03-07 12:03:39,1
5813,SES01576,PROD027,view_product,2026-03-07 12:04:49,1
5814,SES01576,PROD072,view_product,2026-03-07 12:06:35,1
5815,SES01576,PROD047,view_product,2026-03-07 12:06:53,1
5816,SES01576,PROD072,add_to_cart,2026-03-07 12:09:16,1
5817,SES01577,PROD094,view_product,2026-03-12 16:13:42,1
5818,SES01577,PROD007,view_product,2026-03-12 16:15:01,1
5819,SES01577,PROD017,view_product,2026-03-12 16:15:15,1
5820,SES01578,PROD055,view_product,2026-02-15 22:46:05,1
5821,SES01578,PROD059,view_product,2026-02-15 22:46:50,1
5822,SES01578,PROD055,add_to_cart,2026-02-15 22:48:55,2
5823,SES01579,PROD082,view_product,2026-03-10 14:30:08,1
5824,SES01579,PROD052,view_product,2026-03-10 14:30:36,1
5825,SES01579,PROD034,view_product,2026-03-10 14:31:58,1
5826,SES01580,PROD076,view_product,2026-03-04 16:36:26,1
5827,SES01580,PROD090,view_product,2026-03-04 16:38:40,1
5828,SES01581,PROD033,view_product,2026-03-10 17:57:43,1
5829,SES01582,PROD037,view_product,2026-03-29 05:15:51,1
5830,SES01583,PROD017,view_product,2026-03-22 02:54:24,1
5831,SES01583,PROD096,view_product,2026-03-22 02:57:05,1
5832,SES01583,PROD096,add_to_cart,2026-03-22 02:57:45,1
5833,SES01583,PROD096,begin_checkout,2026-03-22 02:58:53,1
5834,SES01584,PROD030,view_product,2026-02-01 23:53:48,1
5835,SES01584,PROD033,view_product,2026-02-01 23:54:16,1
5836,SES01584,PROD003,view_product,2026-02-01 23:55:12,1
5837,SES01585,PROD068,view_product,2026-03-27 00:31:29,1
5838,SES01585,PROD091,view_product,2026-03-27 00:32:20,1
5839,SES01585,PROD039,view_product,2026-03-27 00:33:57,1
5840,SES01585,PROD064,view_product,2026-03-27 00:35:48,1
5841,SES01585,PROD023,view_product,2026-03-27 00:37:56,1
5842,SES01586,PROD027,view_product,2026-02-19 20:19:46,1
5843,SES01586,PROD058,view_product,2026-02-19 20:22:40,1
5844,SES01587,PROD067,view_product,2026-03-27 15:13:58,1
5845,SES01587,PROD007,view_product,2026-03-27 15:14:59,1
5846,SES01587,PROD050,view_product,2026-03-27 15:16:14,1
5847,SES01587,PROD090,view_product,2026-03-27 15:18:51,1
5848,SES01588,PROD051,view_product,2026-03-28 22:57:39,1
5849,SES01588,PROD004,view_product,2026-03-28 23:00:00,1
5850,SES01588,PROD097,view_product,2026-03-28 23:01:59,1
5851,SES01589,PROD031,view_product,2026-03-19 08:38:54,1
5852,SES01589,PROD001,view_product,2026-03-19 08:40:45,1
5853,SES01589,PROD080,view_product,2026-03-19 08:41:25,1
5854,SES01589,PROD057,view_product,2026-03-19 08:41:47,1
5855,SES01589,PROD020,view_product,2026-03-19 08:44:16,1
5856,SES01589,PROD001,add_to_cart,2026-03-19 08:46:09,1
5857,SES01589,PROD001,begin_checkout,2026-03-19 08:46:42,1
5858,SES01589,PROD001,purchase,2026-03-19 08:53:12,1
5859,SES01590,PROD086,view_product,2026-02-19 04:24:48,1
5860,SES01590,PROD067,view_product,2026-02-19 04:26:29,1
5861,SES01590,PROD052,view_product,2026-02-19 04:28:45,1
5862,SES01590,PROD042,view_product,2026-02-19 04:30:25,1
5863,SES01590,PROD067,add_to_cart,2026-02-19 04:32:30,1
5864,SES01590,PROD067,begin_checkout,2026-02-19 04:33:03,1
5865,SES01590,PROD067,purchase,2026-02-19 04:42:59,1
5866,SES01591,PROD046,view_product,2026-03-20 11:36:54,1
5867,SES01592,PROD034,view_product,2026-02-27 11:21:10,1
5868,SES01592,PROD009,view_product,2026-02-27 11:23:50,1
5869,SES01592,PROD099,view_product,2026-02-27 11:26:36,1
5870,SES01593,PROD069,view_product,2026-03-24 08:04:20,1
5871,SES01593,PROD055,view_product,2026-03-24 08:05:51,1
5872,SES01593,PROD003,view_product,2026-03-24 08:08:01,1
5873,SES01593,PROD066,view_product,2026-03-24 08:08:21,1
5874,SES01594,PROD035,view_product,2026-02-09 15:14:08,1
5875,SES01594,PROD020,view_product,2026-02-09 15:17:02,1
5876,SES01594,PROD028,view_product,2026-02-09 15:18:57,1
5877,SES01594,PROD035,add_to_cart,2026-02-09 15:20:37,1
5878,SES01595,PROD096,view_product,2026-03-06 20:13:48,1
5879,SES01595,PROD009,view_product,2026-03-06 20:16:26,1
5880,SES01595,PROD028,view_product,2026-03-06 20:16:39,1
5881,SES01596,PROD063,view_product,2026-02-28 23:23:29,1
5882,SES01596,PROD018,view_product,2026-02-28 23:24:47,1
5883,SES01596,PROD035,view_product,2026-02-28 23:25:25,1
5884,SES01596,PROD044,view_product,2026-02-28 23:26:28,1
5885,SES01596,PROD020,view_product,2026-02-28 23:28:10,1
5886,SES01596,PROD035,add_to_cart,2026-02-28 23:29:41,1
5887,SES01596,PROD035,begin_checkout,2026-02-28 23:30:32,1
5888,SES01596,PROD035,purchase,2026-02-28 23:37:34,1
5889,SES01597,PROD074,view_product,2026-02-25 15:16:35,1
5890,SES01597,PROD033,view_product,2026-02-25 15:18:11,1
5891,SES01598,PROD092,view_product,2026-01-14 15:04:23,1
5892,SES01598,PROD079,view_product,2026-01-14 15:05:42,1
5893,SES01598,PROD092,add_to_cart,2026-01-14 15:06:20,2
5894,SES01598,PROD092,begin_checkout,2026-01-14 15:08:01,2
5895,SES01598,PROD092,purchase,2026-01-14 15:13:48,2
5896,SES01599,PROD030,view_product,2026-02-15 12:01:43,1
5897,SES01600,PROD047,view_product,2026-02-28 17:46:29,1
5898,SES01600,PROD015,view_product,2026-02-28 17:48:27,1
5899,SES01600,PROD085,view_product,2026-02-28 17:49:45,1
5900,SES01600,PROD040,view_product,2026-02-28 17:52:08,1
5901,SES01600,PROD009,view_product,2026-02-28 17:52:58,1
5902,SES01600,PROD009,add_to_cart,2026-02-28 17:56:18,1
5903,SES01600,PROD009,begin_checkout,2026-02-28 17:59:31,1
5904,SES01601,PROD054,view_product,2026-02-19 22:25:51,1
5905,SES01601,PROD021,view_product,2026-02-19 22:26:44,1
5906,SES01601,PROD032,view_product,2026-02-19 22:28:43,1
5907,SES01601,PROD083,view_product,2026-02-19 22:29:00,1
5908,SES01601,PROD099,view_product,2026-02-19 22:31:54,1
5909,SES01601,PROD099,add_to_cart,2026-02-19 22:34:48,1
5910,SES01602,PROD057,view_product,2026-02-16 15:48:55,1
5911,SES01603,PROD048,view_product,2026-02-27 07:38:13,1
5912,SES01604,PROD100,view_product,2026-02-12 18:30:28,1
5913,SES01604,PROD019,view_product,2026-02-12 18:32:05,1
5914,SES01604,PROD049,view_product,2026-02-12 18:34:39,1
5915,SES01604,PROD049,add_to_cart,2026-02-12 18:38:28,1
5916,SES01604,PROD049,begin_checkout,2026-02-12 18:42:33,1
5917,SES01605,PROD080,view_product,2026-01-15 00:31:01,1
5918,SES01605,PROD065,view_product,2026-01-15 00:31:54,1
5919,SES01605,PROD075,view_product,2026-01-15 00:33:02,1
5920,SES01605,PROD004,view_product,2026-01-15 00:35:12,1
5921,SES01606,PROD035,view_product,2026-03-20 21:25:45,1
5922,SES01606,PROD092,view_product,2026-03-20 21:28:38,1
5923,SES01606,PROD070,view_product,2026-03-20 21:30:42,1
5924,SES01606,PROD070,add_to_cart,2026-03-20 21:32:56,1
5925,SES01607,PROD041,view_product,2026-01-07 20:31:15,1
5926,SES01607,PROD026,view_product,2026-01-07 20:33:44,1
5927,SES01607,PROD076,view_product,2026-01-07 20:36:12,1
5928,SES01607,PROD068,view_product,2026-01-07 20:39:01,1
5929,SES01608,PROD075,view_product,2026-03-14 17:12:38,1
5930,SES01608,PROD009,view_product,2026-03-14 17:15:22,1
5931,SES01608,PROD042,view_product,2026-03-14 17:15:46,1
5932,SES01609,PROD071,view_product,2026-03-15 23:52:35,1
5933,SES01609,PROD027,view_product,2026-03-15 23:54:56,1
5934,SES01609,PROD065,view_product,2026-03-15 23:56:59,1
5935,SES01609,PROD034,view_product,2026-03-15 23:58:54,1
5936,SES01609,PROD071,add_to_cart,2026-03-15 23:59:13,2
5937,SES01610,PROD081,view_product,2026-02-27 15:25:10,1
5938,SES01611,PROD020,view_product,2026-01-09 13:36:02,1
5939,SES01612,PROD004,view_product,2026-03-31 23:54:34,1
5940,SES01612,PROD084,view_product,2026-03-31 23:54:45,1
5941,SES01613,PROD076,view_product,2026-02-27 20:46:18,1
5942,SES01613,PROD017,view_product,2026-02-27 20:48:58,1
5943,SES01613,PROD029,view_product,2026-02-27 20:51:30,1
5944,SES01613,PROD062,view_product,2026-02-27 20:52:16,1
5945,SES01613,PROD017,add_to_cart,2026-02-27 20:55:31,1
5946,SES01613,PROD017,begin_checkout,2026-02-27 20:59:44,1
5947,SES01614,PROD063,view_product,2026-01-05 11:44:49,1
5948,SES01614,PROD042,view_product,2026-01-05 11:46:44,1
5949,SES01614,PROD059,view_product,2026-01-05 11:49:06,1
5950,SES01614,PROD066,view_product,2026-01-05 11:50:13,1
5951,SES01615,PROD095,view_product,2026-02-13 07:28:56,1
5952,SES01615,PROD013,view_product,2026-02-13 07:31:54,1
5953,SES01616,PROD057,view_product,2026-03-04 00:53:59,1
5954,SES01616,PROD087,view_product,2026-03-04 00:54:41,1
5955,SES01616,PROD005,view_product,2026-03-04 00:57:35,1
5956,SES01616,PROD087,add_to_cart,2026-03-04 01:00:42,1
5957,SES01617,PROD066,view_product,2026-03-21 19:48:01,1
5958,SES01617,PROD069,view_product,2026-03-21 19:48:30,1
5959,SES01617,PROD027,view_product,2026-03-21 19:49:59,1
5960,SES01617,PROD069,add_to_cart,2026-03-21 19:53:00,2
5961,SES01618,PROD052,view_product,2026-03-04 22:23:42,1
5962,SES01618,PROD069,view_product,2026-03-04 22:24:21,1
5963,SES01618,PROD069,add_to_cart,2026-03-04 22:27:54,2
5964,SES01618,PROD069,begin_checkout,2026-03-04 22:29:02,2
5965,SES01619,PROD019,view_product,2026-03-26 17:35:03,1
5966,SES01620,PROD053,view_product,2026-01-26 22:12:03,1
5967,SES01620,PROD061,view_product,2026-01-26 22:12:19,1
5968,SES01620,PROD074,view_product,2026-01-26 22:13:28,1
5969,SES01621,PROD018,view_product,2026-03-16 05:43:04,1
5970,SES01621,PROD079,view_product,2026-03-16 05:45:16,1
5971,SES01621,PROD079,add_to_cart,2026-03-16 05:46:24,1
5972,SES01622,PROD091,view_product,2026-02-05 12:58:51,1
5973,SES01622,PROD086,view_product,2026-02-05 12:59:27,1
5974,SES01622,PROD019,view_product,2026-02-05 13:01:47,1
5975,SES01622,PROD085,view_product,2026-02-05 13:03:37,1
5976,SES01622,PROD057,view_product,2026-02-05 13:06:10,1
5977,SES01623,PROD091,view_product,2026-03-23 17:08:48,1
5978,SES01623,PROD085,view_product,2026-03-23 17:09:39,1
5979,SES01623,PROD039,view_product,2026-03-23 17:10:47,1
5980,SES01623,PROD085,add_to_cart,2026-03-23 17:14:40,1
5981,SES01624,PROD056,view_product,2026-03-02 20:38:27,1
5982,SES01624,PROD050,view_product,2026-03-02 20:39:51,1
5983,SES01624,PROD004,view_product,2026-03-02 20:41:39,1
5984,SES01624,PROD060,view_product,2026-03-02 20:43:49,1
5985,SES01624,PROD027,view_product,2026-03-02 20:45:04,1
5986,SES01624,PROD056,add_to_cart,2026-03-02 20:48:00,1
5987,SES01624,PROD056,begin_checkout,2026-03-02 20:50:55,1
5988,SES01625,PROD015,view_product,2026-02-17 06:56:59,1
5989,SES01625,PROD055,view_product,2026-02-17 06:57:12,1
5990,SES01625,PROD009,view_product,2026-02-17 06:58:03,1
5991,SES01625,PROD057,view_product,2026-02-17 06:58:55,1
5992,SES01625,PROD001,view_product,2026-02-17 06:59:24,1
5993,SES01626,PROD030,view_product,2026-03-17 17:51:12,1
5994,SES01627,PROD027,view_product,2026-03-28 08:21:41,1
5995,SES01627,PROD089,view_product,2026-03-28 08:22:23,1
5996,SES01627,PROD063,view_product,2026-03-28 08:25:04,1
5997,SES01627,PROD058,view_product,2026-03-28 08:25:46,1
5998,SES01627,PROD037,view_product,2026-03-28 08:28:13,1
5999,SES01628,PROD082,view_product,2026-03-16 19:47:22,1
6000,SES01628,PROD045,view_product,2026-03-16 19:50:17,1
6001,SES01628,PROD096,view_product,2026-03-16 19:52:56,1
6002,SES01628,PROD004,view_product,2026-03-16 19:54:44,1
6003,SES01629,PROD077,view_product,2026-01-19 07:31:01,1
6004,SES01630,PROD031,view_product,2026-01-01 03:29:50,1
6005,SES01630,PROD036,view_product,2026-01-01 03:30:32,1
6006,SES01630,PROD023,view_product,2026-01-01 03:31:16,1
6007,SES01630,PROD005,view_product,2026-01-01 03:32:22,1
6008,SES01630,PROD031,add_to_cart,2026-01-01 03:33:30,1
6009,SES01631,PROD080,view_product,2026-02-23 18:17:10,1
6010,SES01631,PROD095,view_product,2026-02-23 18:19:21,1
6011,SES01631,PROD003,view_product,2026-02-23 18:21:26,1
6012,SES01632,PROD004,view_product,2026-01-27 19:19:35,1
6013,SES01632,PROD079,view_product,2026-01-27 19:20:47,1
6014,SES01632,PROD022,view_product,2026-01-27 19:22:26,1
6015,SES01632,PROD079,add_to_cart,2026-01-27 19:24:13,2
6016,SES01632,PROD079,begin_checkout,2026-01-27 19:27:20,2
6017,SES01632,PROD079,purchase,2026-01-27 19:34:45,2
6018,SES01633,PROD095,view_product,2026-02-14 20:36:05,1
6019,SES01633,PROD083,view_product,2026-02-14 20:38:57,1
6020,SES01633,PROD049,view_product,2026-02-14 20:40:32,1
6021,SES01633,PROD095,add_to_cart,2026-02-14 20:42:51,1
6022,SES01634,PROD028,view_product,2026-03-20 19:53:20,1
6023,SES01634,PROD028,add_to_cart,2026-03-20 19:55:00,1
6024,SES01634,PROD028,begin_checkout,2026-03-20 19:57:16,1
6025,SES01635,PROD052,view_product,2026-01-29 00:24:26,1
6026,SES01635,PROD062,view_product,2026-01-29 00:25:34,1
6027,SES01635,PROD019,view_product,2026-01-29 00:28:10,1
6028,SES01635,PROD024,view_product,2026-01-29 00:28:20,1
6029,SES01635,PROD069,view_product,2026-01-29 00:29:46,1
6030,SES01636,PROD048,view_product,2026-01-25 12:50:58,1
6031,SES01636,PROD048,add_to_cart,2026-01-25 12:51:36,1
6032,SES01636,PROD048,begin_checkout,2026-01-25 12:56:00,1
6033,SES01636,PROD048,purchase,2026-01-25 13:04:57,1
6034,SES01637,PROD042,view_product,2026-03-26 22:35:37,1
6035,SES01637,PROD037,view_product,2026-03-26 22:37:38,1
6036,SES01637,PROD032,view_product,2026-03-26 22:39:36,1
6037,SES01637,PROD057,view_product,2026-03-26 22:40:10,1
6038,SES01637,PROD064,view_product,2026-03-26 22:42:31,1
6039,SES01637,PROD064,add_to_cart,2026-03-26 22:44:54,2
6040,SES01637,PROD064,begin_checkout,2026-03-26 22:46:15,2
6041,SES01638,PROD012,view_product,2026-01-09 07:53:13,1
6042,SES01638,PROD009,view_product,2026-01-09 07:55:13,1
6043,SES01638,PROD033,view_product,2026-01-09 07:57:26,1
6044,SES01639,PROD059,view_product,2026-01-02 10:28:34,1
6045,SES01639,PROD013,view_product,2026-01-02 10:31:25,1
6046,SES01639,PROD006,view_product,2026-01-02 10:33:49,1
6047,SES01639,PROD079,view_product,2026-01-02 10:35:20,1
6048,SES01639,PROD086,view_product,2026-01-02 10:37:18,1
6049,SES01639,PROD006,add_to_cart,2026-01-02 10:41:07,1
6050,SES01639,PROD006,begin_checkout,2026-01-02 10:41:38,1
6051,SES01639,PROD006,purchase,2026-01-02 10:49:56,1
6052,SES01640,PROD091,view_product,2026-03-12 01:12:03,1
6053,SES01640,PROD096,view_product,2026-03-12 01:12:16,1
6054,SES01641,PROD083,view_product,2026-01-18 23:07:49,1
6055,SES01641,PROD089,view_product,2026-01-18 23:09:22,1
6056,SES01641,PROD043,view_product,2026-01-18 23:10:07,1
6057,SES01641,PROD043,add_to_cart,2026-01-18 23:11:36,1
6058,SES01642,PROD095,view_product,2026-02-14 18:44:03,1
6059,SES01642,PROD076,view_product,2026-02-14 18:44:17,1
6060,SES01642,PROD073,view_product,2026-02-14 18:44:51,1
6061,SES01643,PROD018,view_product,2026-02-23 23:34:10,1
6062,SES01643,PROD036,view_product,2026-02-23 23:34:28,1
6063,SES01644,PROD018,view_product,2026-01-18 21:14:30,1
6064,SES01644,PROD084,view_product,2026-01-18 21:17:17,1
6065,SES01644,PROD004,view_product,2026-01-18 21:17:38,1
6066,SES01644,PROD013,view_product,2026-01-18 21:18:07,1
6067,SES01644,PROD084,add_to_cart,2026-01-18 21:19:40,1
6068,SES01644,PROD084,begin_checkout,2026-01-18 21:21:01,1
6069,SES01644,PROD084,purchase,2026-01-18 21:24:59,1
6070,SES01645,PROD033,view_product,2026-03-19 08:15:19,1
6071,SES01645,PROD043,view_product,2026-03-19 08:16:01,1
6072,SES01645,PROD053,view_product,2026-03-19 08:17:06,1
6073,SES01645,PROD087,view_product,2026-03-19 08:18:33,1
6074,SES01645,PROD037,view_product,2026-03-19 08:19:30,1
6075,SES01646,PROD034,view_product,2026-03-01 04:04:18,1
6076,SES01646,PROD075,view_product,2026-03-01 04:06:18,1
6077,SES01647,PROD082,view_product,2026-03-31 12:58:31,1
6078,SES01647,PROD086,view_product,2026-03-31 12:59:51,1
6079,SES01647,PROD061,view_product,2026-03-31 13:02:50,1
6080,SES01647,PROD081,view_product,2026-03-31 13:05:26,1
6081,SES01648,PROD043,view_product,2026-02-15 19:36:59,1
6082,SES01649,PROD035,view_product,2026-02-09 06:05:15,1
6083,SES01650,PROD080,view_product,2026-03-18 11:07:11,1
6084,SES01651,PROD090,view_product,2026-02-05 20:57:30,1
6085,SES01651,PROD048,view_product,2026-02-05 20:59:20,1
6086,SES01651,PROD021,view_product,2026-02-05 21:01:21,1
6087,SES01651,PROD037,view_product,2026-02-05 21:02:52,1
6088,SES01651,PROD057,view_product,2026-02-05 21:05:52,1
6089,SES01651,PROD048,add_to_cart,2026-02-05 21:09:05,1
6090,SES01652,PROD071,view_product,2026-01-13 08:36:41,1
6091,SES01652,PROD044,view_product,2026-01-13 08:37:42,1
6092,SES01652,PROD096,view_product,2026-01-13 08:39:31,1
6093,SES01652,PROD032,view_product,2026-01-13 08:41:47,1
6094,SES01652,PROD020,view_product,2026-01-13 08:44:28,1
6095,SES01652,PROD071,add_to_cart,2026-01-13 08:45:03,1
6096,SES01652,PROD071,begin_checkout,2026-01-13 08:49:27,1
6097,SES01653,PROD035,view_product,2026-03-14 07:52:28,1
6098,SES01653,PROD028,view_product,2026-03-14 07:54:23,1
6099,SES01653,PROD085,view_product,2026-03-14 07:56:53,1
6100,SES01653,PROD085,add_to_cart,2026-03-14 07:59:59,1
6101,SES01653,PROD085,begin_checkout,2026-03-14 08:04:00,1
6102,SES01654,PROD079,view_product,2026-01-29 17:51:11,1
6103,SES01654,PROD078,view_product,2026-01-29 17:54:09,1
6104,SES01654,PROD079,add_to_cart,2026-01-29 17:55:21,1
6105,SES01655,PROD003,view_product,2026-03-02 02:26:29,1
6106,SES01655,PROD064,view_product,2026-03-02 02:28:40,1
6107,SES01655,PROD003,add_to_cart,2026-03-02 02:29:37,1
6108,SES01656,PROD071,view_product,2026-01-27 14:10:30,1
6109,SES01656,PROD092,view_product,2026-01-27 14:12:18,1
6110,SES01656,PROD003,view_product,2026-01-27 14:13:38,1
6111,SES01656,PROD072,view_product,2026-01-27 14:16:14,1
6112,SES01656,PROD092,add_to_cart,2026-01-27 14:17:42,3
6113,SES01656,PROD092,begin_checkout,2026-01-27 14:19:52,3
6114,SES01656,PROD092,purchase,2026-01-27 14:25:56,3
6115,SES01657,PROD050,view_product,2026-01-14 23:55:01,1
6116,SES01657,PROD090,view_product,2026-01-14 23:56:39,1
6117,SES01658,PROD076,view_product,2026-02-28 01:07:02,1
6118,SES01658,PROD081,view_product,2026-02-28 01:09:38,1
6119,SES01658,PROD039,view_product,2026-02-28 01:10:55,1
6120,SES01658,PROD002,view_product,2026-02-28 01:13:14,1
6121,SES01658,PROD028,view_product,2026-02-28 01:16:14,1
6122,SES01658,PROD076,add_to_cart,2026-02-28 01:18:14,1
6123,SES01659,PROD053,view_product,2026-02-14 16:18:10,1
6124,SES01659,PROD053,add_to_cart,2026-02-14 16:18:53,1
6125,SES01659,PROD053,begin_checkout,2026-02-14 16:22:42,1
6126,SES01659,PROD053,purchase,2026-02-14 16:29:40,1
6127,SES01660,PROD098,view_product,2026-03-11 13:24:39,1
6128,SES01660,PROD098,add_to_cart,2026-03-11 13:26:03,1
6129,SES01660,PROD098,begin_checkout,2026-03-11 13:30:07,1
6130,SES01661,PROD073,view_product,2026-02-26 06:50:44,1
6131,SES01662,PROD005,view_product,2026-01-07 21:49:57,1
6132,SES01662,PROD010,view_product,2026-01-07 21:52:26,1
6133,SES01662,PROD010,add_to_cart,2026-01-07 21:53:53,1
6134,SES01662,PROD010,begin_checkout,2026-01-07 21:55:05,1
6135,SES01663,PROD072,view_product,2026-02-24 16:26:34,1
6136,SES01663,PROD054,view_product,2026-02-24 16:27:02,1
6137,SES01663,PROD016,view_product,2026-02-24 16:29:50,1
6138,SES01663,PROD052,view_product,2026-02-24 16:32:34,1
6139,SES01663,PROD070,view_product,2026-02-24 16:32:54,1
6140,SES01663,PROD054,add_to_cart,2026-02-24 16:36:45,1
6141,SES01664,PROD008,view_product,2026-02-01 22:56:45,1
6142,SES01664,PROD027,view_product,2026-02-01 22:57:45,1
6143,SES01664,PROD008,add_to_cart,2026-02-01 23:00:24,1
6144,SES01665,PROD011,view_product,2026-01-10 16:19:06,1
6145,SES01666,PROD091,view_product,2026-03-09 04:43:10,1
6146,SES01666,PROD013,view_product,2026-03-09 04:44:39,1
6147,SES01667,PROD021,view_product,2026-01-14 03:26:54,1
6148,SES01668,PROD041,view_product,2026-01-12 13:50:11,1
6149,SES01668,PROD018,view_product,2026-01-12 13:52:56,1
6150,SES01668,PROD063,view_product,2026-01-12 13:54:00,1
6151,SES01669,PROD078,view_product,2026-02-17 15:48:18,1
6152,SES01669,PROD010,view_product,2026-02-17 15:50:49,1
6153,SES01670,PROD016,view_product,2026-03-28 11:30:47,1
6154,SES01670,PROD074,view_product,2026-03-28 11:33:41,1
6155,SES01670,PROD037,view_product,2026-03-28 11:34:29,1
6156,SES01670,PROD022,view_product,2026-03-28 11:35:09,1
6157,SES01670,PROD016,add_to_cart,2026-03-28 11:36:24,1
6158,SES01670,PROD016,begin_checkout,2026-03-28 11:39:45,1
6159,SES01670,PROD016,purchase,2026-03-28 11:41:37,1
6160,SES01671,PROD045,view_product,2026-01-19 00:22:45,1
6161,SES01671,PROD044,view_product,2026-01-19 00:23:39,1
6162,SES01671,PROD022,view_product,2026-01-19 00:26:36,1
6163,SES01672,PROD091,view_product,2026-01-14 11:46:04,1
6164,SES01673,PROD050,view_product,2026-02-20 13:07:14,1
6165,SES01673,PROD078,view_product,2026-02-20 13:09:57,1
6166,SES01673,PROD037,view_product,2026-02-20 13:11:03,1
6167,SES01673,PROD065,view_product,2026-02-20 13:11:27,1
6168,SES01673,PROD050,add_to_cart,2026-02-20 13:14:22,1
6169,SES01674,PROD100,view_product,2026-03-06 09:51:56,1
6170,SES01674,PROD065,view_product,2026-03-06 09:52:53,1
6171,SES01674,PROD038,view_product,2026-03-06 09:54:57,1
6172,SES01675,PROD047,view_product,2026-02-09 05:52:28,1
6173,SES01675,PROD004,view_product,2026-02-09 05:54:39,1
6174,SES01675,PROD034,view_product,2026-02-09 05:54:54,1
6175,SES01675,PROD049,view_product,2026-02-09 05:57:53,1
6176,SES01675,PROD034,add_to_cart,2026-02-09 06:00:55,2
6177,SES01676,PROD024,view_product,2026-03-21 11:04:36,1
6178,SES01676,PROD034,view_product,2026-03-21 11:06:39,1
6179,SES01676,PROD006,view_product,2026-03-21 11:07:15,1
6180,SES01676,PROD090,view_product,2026-03-21 11:07:26,1
6181,SES01676,PROD090,add_to_cart,2026-03-21 11:10:14,1
6182,SES01676,PROD090,begin_checkout,2026-03-21 11:13:03,1
6183,SES01677,PROD061,view_product,2026-01-10 17:43:32,1
6184,SES01677,PROD061,add_to_cart,2026-01-10 17:47:29,1
6185,SES01678,PROD037,view_product,2026-02-23 14:47:35,1
6186,SES01678,PROD002,view_product,2026-02-23 14:48:56,1
6187,SES01679,PROD077,view_product,2026-02-21 01:41:54,1
6188,SES01679,PROD039,view_product,2026-02-21 01:42:13,1
6189,SES01679,PROD005,view_product,2026-02-21 01:44:44,1
6190,SES01679,PROD001,view_product,2026-02-21 01:46:02,1
6191,SES01679,PROD035,view_product,2026-02-21 01:48:07,1
6192,SES01680,PROD045,view_product,2026-03-17 21:37:35,1
6193,SES01680,PROD086,view_product,2026-03-17 21:39:05,1
6194,SES01680,PROD086,add_to_cart,2026-03-17 21:40:02,2
6195,SES01681,PROD082,view_product,2026-01-18 17:53:21,1
6196,SES01681,PROD082,add_to_cart,2026-01-18 17:53:46,1
6197,SES01681,PROD082,begin_checkout,2026-01-18 17:58:13,1
6198,SES01681,PROD082,purchase,2026-01-18 17:59:42,1
6199,SES01682,PROD092,view_product,2026-01-03 07:19:05,1
6200,SES01682,PROD043,view_product,2026-01-03 07:19:34,1
6201,SES01682,PROD032,view_product,2026-01-03 07:22:20,1
6202,SES01682,PROD092,add_to_cart,2026-01-03 07:24:45,1
6203,SES01683,PROD037,view_product,2026-03-09 22:55:24,1
6204,SES01683,PROD094,view_product,2026-03-09 22:55:43,1
6205,SES01683,PROD081,view_product,2026-03-09 22:56:37,1
6206,SES01683,PROD017,view_product,2026-03-09 22:57:08,1
6207,SES01684,PROD064,view_product,2026-01-29 16:16:02,1
6208,SES01684,PROD072,view_product,2026-01-29 16:17:10,1
6209,SES01684,PROD083,view_product,2026-01-29 16:19:18,1
6210,SES01685,PROD033,view_product,2026-01-10 10:52:46,1
6211,SES01685,PROD031,view_product,2026-01-10 10:55:23,1
6212,SES01685,PROD093,view_product,2026-01-10 10:55:36,1
6213,SES01685,PROD052,view_product,2026-01-10 10:57:07,1
6214,SES01686,PROD040,view_product,2026-03-30 20:02:56,1
6215,SES01686,PROD090,view_product,2026-03-30 20:03:53,1
6216,SES01686,PROD099,view_product,2026-03-30 20:06:30,1
6217,SES01686,PROD003,view_product,2026-03-30 20:06:40,1
6218,SES01686,PROD070,view_product,2026-03-30 20:08:37,1
6219,SES01687,PROD078,view_product,2026-03-08 22:35:24,1
6220,SES01687,PROD070,view_product,2026-03-08 22:35:46,1
6221,SES01687,PROD055,view_product,2026-03-08 22:37:35,1
6222,SES01687,PROD002,view_product,2026-03-08 22:39:09,1
6223,SES01687,PROD049,view_product,2026-03-08 22:41:06,1
6224,SES01688,PROD041,view_product,2026-03-02 01:05:42,1
6225,SES01688,PROD019,view_product,2026-03-02 01:06:49,1
6226,SES01688,PROD057,view_product,2026-03-02 01:08:46,1
6227,SES01688,PROD054,view_product,2026-03-02 01:11:45,1
6228,SES01689,PROD066,view_product,2026-01-06 16:32:17,1
6229,SES01689,PROD066,add_to_cart,2026-01-06 16:33:13,1
6230,SES01690,PROD024,view_product,2026-01-29 17:11:44,1
6231,SES01690,PROD042,view_product,2026-01-29 17:12:41,1
6232,SES01690,PROD002,view_product,2026-01-29 17:13:52,1
6233,SES01690,PROD069,view_product,2026-01-29 17:14:38,1
6234,SES01691,PROD091,view_product,2026-01-01 11:08:06,1
6235,SES01691,PROD017,view_product,2026-01-01 11:09:43,1
6236,SES01691,PROD040,view_product,2026-01-01 11:10:56,1
6237,SES01691,PROD015,view_product,2026-01-01 11:12:47,1
6238,SES01692,PROD050,view_product,2026-02-14 12:28:51,1
6239,SES01693,PROD031,view_product,2026-02-25 20:56:16,1
6240,SES01693,PROD031,add_to_cart,2026-02-25 20:57:57,1
6241,SES01694,PROD068,view_product,2026-03-24 08:45:20,1
6242,SES01694,PROD050,view_product,2026-03-24 08:45:41,1
6243,SES01694,PROD068,add_to_cart,2026-03-24 08:47:36,1
6244,SES01694,PROD068,begin_checkout,2026-03-24 08:48:52,1
6245,SES01694,PROD068,purchase,2026-03-24 08:51:33,1
6246,SES01695,PROD012,view_product,2026-02-28 06:41:55,1
6247,SES01695,PROD053,view_product,2026-02-28 06:42:50,1
6248,SES01695,PROD060,view_product,2026-02-28 06:43:30,1
6249,SES01695,PROD012,add_to_cart,2026-02-28 06:45:28,1
6250,SES01695,PROD012,begin_checkout,2026-02-28 06:47:45,1
6251,SES01696,PROD097,view_product,2026-01-01 11:33:20,1
6252,SES01696,PROD005,view_product,2026-01-01 11:34:29,1
6253,SES01696,PROD028,view_product,2026-01-01 11:37:09,1
6254,SES01696,PROD097,add_to_cart,2026-01-01 11:40:43,1
6255,SES01697,PROD014,view_product,2026-01-05 09:05:42,1
6256,SES01697,PROD014,add_to_cart,2026-01-05 09:08:35,1
6257,SES01697,PROD014,begin_checkout,2026-01-05 09:13:14,1
6258,SES01697,PROD014,purchase,2026-01-05 09:15:17,1
6259,SES01698,PROD019,view_product,2026-02-26 11:38:18,1
6260,SES01698,PROD024,view_product,2026-02-26 11:40:34,1
6261,SES01698,PROD044,view_product,2026-02-26 11:41:00,1
6262,SES01698,PROD049,view_product,2026-02-26 11:43:21,1
6263,SES01699,PROD019,view_product,2026-01-01 05:45:11,1
6264,SES01699,PROD030,view_product,2026-01-01 05:46:16,1
6265,SES01699,PROD001,view_product,2026-01-01 05:47:00,1
6266,SES01699,PROD037,view_product,2026-01-01 05:48:09,1
6267,SES01699,PROD100,view_product,2026-01-01 05:48:40,1
6268,SES01700,PROD049,view_product,2026-03-29 21:50:31,1
6269,SES01700,PROD038,view_product,2026-03-29 21:51:43,1
6270,SES01700,PROD057,view_product,2026-03-29 21:53:46,1
6271,SES01700,PROD057,add_to_cart,2026-03-29 21:55:16,1
6272,SES01701,PROD064,view_product,2026-03-09 21:31:09,1
6273,SES01701,PROD055,view_product,2026-03-09 21:32:46,1
6274,SES01701,PROD054,view_product,2026-03-09 21:33:10,1
6275,SES01701,PROD092,view_product,2026-03-09 21:34:48,1
6276,SES01701,PROD092,add_to_cart,2026-03-09 21:38:17,1
6277,SES01701,PROD092,begin_checkout,2026-03-09 21:39:51,1
6278,SES01701,PROD092,purchase,2026-03-09 21:43:34,1
6279,SES01702,PROD085,view_product,2026-03-04 21:57:48,1
6280,SES01702,PROD010,view_product,2026-03-04 21:58:37,1
6281,SES01702,PROD093,view_product,2026-03-04 21:59:20,1
6282,SES01702,PROD080,view_product,2026-03-04 22:00:32,1
6283,SES01702,PROD085,add_to_cart,2026-03-04 22:03:27,1
6284,SES01702,PROD085,begin_checkout,2026-03-04 22:07:43,1
6285,SES01703,PROD026,view_product,2026-03-31 15:36:17,1
6286,SES01703,PROD088,view_product,2026-03-31 15:36:58,1
6287,SES01704,PROD083,view_product,2026-01-14 09:44:02,1
6288,SES01704,PROD066,view_product,2026-01-14 09:45:08,1
6289,SES01704,PROD048,view_product,2026-01-14 09:47:25,1
6290,SES01704,PROD066,add_to_cart,2026-01-14 09:50:15,2
6291,SES01704,PROD066,begin_checkout,2026-01-14 09:50:56,2
6292,SES01704,PROD066,purchase,2026-01-14 09:56:06,2
6293,SES01705,PROD032,view_product,2026-03-18 07:43:56,1
6294,SES01705,PROD090,view_product,2026-03-18 07:44:59,1
6295,SES01705,PROD090,add_to_cart,2026-03-18 07:48:02,1
6296,SES01706,PROD097,view_product,2026-02-06 21:26:58,1
6297,SES01706,PROD069,view_product,2026-02-06 21:29:13,1
6298,SES01706,PROD092,view_product,2026-02-06 21:32:11,1
6299,SES01706,PROD034,view_product,2026-02-06 21:34:42,1
6300,SES01706,PROD034,add_to_cart,2026-02-06 21:37:22,1
6301,SES01706,PROD034,begin_checkout,2026-02-06 21:40:46,1
6302,SES01707,PROD086,view_product,2026-01-14 12:59:44,1
6303,SES01707,PROD004,view_product,2026-01-14 13:00:35,1
6304,SES01707,PROD050,view_product,2026-01-14 13:02:34,1
6305,SES01707,PROD086,add_to_cart,2026-01-14 13:06:30,1
6306,SES01708,PROD041,view_product,2026-01-07 04:15:03,1
6307,SES01708,PROD045,view_product,2026-01-07 04:17:18,1
6308,SES01708,PROD029,view_product,2026-01-07 04:19:01,1
6309,SES01709,PROD057,view_product,2026-03-09 13:47:38,1
6310,SES01709,PROD066,view_product,2026-03-09 13:48:30,1
6311,SES01709,PROD038,view_product,2026-03-09 13:49:51,1
6312,SES01709,PROD076,view_product,2026-03-09 13:52:28,1
6313,SES01709,PROD055,view_product,2026-03-09 13:53:51,1
6314,SES01710,PROD001,view_product,2026-01-03 02:31:49,1
6315,SES01710,PROD053,view_product,2026-01-03 02:34:24,1
6316,SES01710,PROD075,view_product,2026-01-03 02:36:21,1
6317,SES01710,PROD075,add_to_cart,2026-01-03 02:40:15,2
6318,SES01710,PROD075,begin_checkout,2026-01-03 02:41:12,2
6319,SES01711,PROD030,view_product,2026-03-27 00:50:44,1
6320,SES01711,PROD095,view_product,2026-03-27 00:52:46,1
6321,SES01711,PROD041,view_product,2026-03-27 00:55:25,1
6322,SES01711,PROD090,view_product,2026-03-27 00:56:30,1
6323,SES01711,PROD003,view_product,2026-03-27 00:57:45,1
6324,SES01712,PROD001,view_product,2026-02-22 08:37:53,1
6325,SES01712,PROD024,view_product,2026-02-22 08:39:17,1
6326,SES01712,PROD019,view_product,2026-02-22 08:41:33,1
6327,SES01713,PROD037,view_product,2026-03-08 22:50:58,1
6328,SES01714,PROD038,view_product,2026-03-27 04:04:35,1
6329,SES01714,PROD090,view_product,2026-03-27 04:05:37,1
6330,SES01714,PROD084,view_product,2026-03-27 04:06:45,1
6331,SES01714,PROD007,view_product,2026-03-27 04:09:41,1
6332,SES01714,PROD059,view_product,2026-03-27 04:12:27,1
6333,SES01715,PROD100,view_product,2026-03-25 02:00:33,1
6334,SES01715,PROD032,view_product,2026-03-25 02:02:36,1
6335,SES01716,PROD041,view_product,2026-03-09 07:48:21,1
6336,SES01716,PROD009,view_product,2026-03-09 07:50:35,1
6337,SES01716,PROD092,view_product,2026-03-09 07:52:27,1
6338,SES01717,PROD055,view_product,2026-02-09 12:22:56,1
6339,SES01717,PROD026,view_product,2026-02-09 12:23:44,1
6340,SES01717,PROD001,view_product,2026-02-09 12:24:00,1
6341,SES01717,PROD015,view_product,2026-02-09 12:24:22,1
6342,SES01717,PROD009,view_product,2026-02-09 12:26:44,1
6343,SES01717,PROD001,add_to_cart,2026-02-09 12:30:28,1
6344,SES01717,PROD001,begin_checkout,2026-02-09 12:32:42,1
6345,SES01717,PROD001,purchase,2026-02-09 12:37:19,1
6346,SES01718,PROD078,view_product,2026-02-22 02:46:34,1
6347,SES01718,PROD052,view_product,2026-02-22 02:47:05,1
6348,SES01718,PROD064,view_product,2026-02-22 02:48:07,1
6349,SES01718,PROD093,view_product,2026-02-22 02:49:54,1
6350,SES01718,PROD095,view_product,2026-02-22 02:50:06,1
6351,SES01719,PROD018,view_product,2026-03-31 01:36:48,1
6352,SES01719,PROD004,view_product,2026-03-31 01:39:23,1
6353,SES01719,PROD072,view_product,2026-03-31 01:39:46,1
6354,SES01719,PROD048,view_product,2026-03-31 01:40:25,1
6355,SES01719,PROD054,view_product,2026-03-31 01:41:23,1
6356,SES01719,PROD054,add_to_cart,2026-03-31 01:45:19,1
6357,SES01719,PROD054,begin_checkout,2026-03-31 01:47:39,1
6358,SES01719,PROD054,purchase,2026-03-31 01:48:39,1
6359,SES01720,PROD092,view_product,2026-01-29 07:55:21,1
6360,SES01720,PROD089,view_product,2026-01-29 07:55:43,1
6361,SES01720,PROD091,view_product,2026-01-29 07:56:48,1
6362,SES01720,PROD083,view_product,2026-01-29 07:59:12,1
6363,SES01720,PROD008,view_product,2026-01-29 08:01:32,1
6364,SES01721,PROD008,view_product,2026-03-22 22:31:18,1
6365,SES01721,PROD035,view_product,2026-03-22 22:32:57,1
6366,SES01721,PROD031,view_product,2026-03-22 22:34:50,1
6367,SES01721,PROD031,add_to_cart,2026-03-22 22:38:00,1
6368,SES01721,PROD031,begin_checkout,2026-03-22 22:41:19,1
6369,SES01721,PROD031,purchase,2026-03-22 22:44:04,1
6370,SES01722,PROD006,view_product,2026-02-14 11:27:18,1
6371,SES01722,PROD080,view_product,2026-02-14 11:27:31,1
6372,SES01722,PROD080,add_to_cart,2026-02-14 11:29:07,1
6373,SES01722,PROD080,begin_checkout,2026-02-14 11:33:26,1
6374,SES01722,PROD080,purchase,2026-02-14 11:42:07,1
6375,SES01723,PROD052,view_product,2026-02-06 14:43:56,1
6376,SES01724,PROD047,view_product,2026-02-16 23:13:07,1
6377,SES01725,PROD050,view_product,2026-03-18 12:09:56,1
6378,SES01725,PROD057,view_product,2026-03-18 12:10:57,1
6379,SES01725,PROD046,view_product,2026-03-18 12:13:56,1
6380,SES01725,PROD075,view_product,2026-03-18 12:14:56,1
6381,SES01725,PROD050,add_to_cart,2026-03-18 12:15:21,1
6382,SES01726,PROD025,view_product,2026-02-02 07:37:13,1
6383,SES01726,PROD033,view_product,2026-02-02 07:39:41,1
6384,SES01726,PROD046,view_product,2026-02-02 07:40:08,1
6385,SES01727,PROD032,view_product,2026-01-15 13:27:38,1
6386,SES01727,PROD075,view_product,2026-01-15 13:30:19,1
6387,SES01728,PROD100,view_product,2026-03-20 10:00:30,1
6388,SES01728,PROD090,view_product,2026-03-20 10:00:51,1
6389,SES01728,PROD062,view_product,2026-03-20 10:01:18,1
6390,SES01728,PROD043,view_product,2026-03-20 10:02:52,1
6391,SES01729,PROD100,view_product,2026-02-23 05:04:22,1
6392,SES01729,PROD100,add_to_cart,2026-02-23 05:08:08,1
6393,SES01729,PROD100,begin_checkout,2026-02-23 05:12:43,1
6394,SES01730,PROD095,view_product,2026-03-04 20:26:48,1
6395,SES01730,PROD091,view_product,2026-03-04 20:28:19,1
6396,SES01730,PROD008,view_product,2026-03-04 20:29:01,1
6397,SES01731,PROD060,view_product,2026-01-11 08:11:17,1
6398,SES01731,PROD025,view_product,2026-01-11 08:11:59,1
6399,SES01731,PROD001,view_product,2026-01-11 08:12:11,1
6400,SES01731,PROD069,view_product,2026-01-11 08:15:04,1
6401,SES01731,PROD073,view_product,2026-01-11 08:17:10,1
6402,SES01732,PROD061,view_product,2026-03-24 00:05:50,1
6403,SES01732,PROD059,view_product,2026-03-24 00:06:30,1
6404,SES01732,PROD096,view_product,2026-03-24 00:08:48,1
6405,SES01732,PROD097,view_product,2026-03-24 00:10:12,1
6406,SES01732,PROD059,add_to_cart,2026-03-24 00:12:30,1
6407,SES01733,PROD057,view_product,2026-01-20 06:21:34,1
6408,SES01733,PROD057,add_to_cart,2026-01-20 06:24:52,2
6409,SES01734,PROD045,view_product,2026-01-29 04:25:17,1
6410,SES01735,PROD092,view_product,2026-03-06 07:07:02,1
6411,SES01735,PROD055,view_product,2026-03-06 07:09:53,1
6412,SES01735,PROD016,view_product,2026-03-06 07:12:04,1
6413,SES01735,PROD087,view_product,2026-03-06 07:12:41,1
6414,SES01735,PROD075,view_product,2026-03-06 07:14:27,1
6415,SES01735,PROD075,add_to_cart,2026-03-06 07:17:59,1
6416,SES01735,PROD075,begin_checkout,2026-03-06 07:22:22,1
6417,SES01736,PROD037,view_product,2026-03-08 03:28:33,1
6418,SES01736,PROD100,view_product,2026-03-08 03:28:47,1
6419,SES01736,PROD100,add_to_cart,2026-03-08 03:32:32,1
6420,SES01737,PROD100,view_product,2026-03-07 11:39:44,1
6421,SES01737,PROD059,view_product,2026-03-07 11:40:45,1
6422,SES01738,PROD091,view_product,2026-02-26 06:15:06,1
6423,SES01738,PROD002,view_product,2026-02-26 06:17:18,1
6424,SES01738,PROD059,view_product,2026-02-26 06:18:30,1
6425,SES01738,PROD003,view_product,2026-02-26 06:20:27,1
6426,SES01738,PROD047,view_product,2026-02-26 06:20:49,1
6427,SES01739,PROD005,view_product,2026-02-26 23:13:18,1
6428,SES01739,PROD096,view_product,2026-02-26 23:13:39,1
6429,SES01739,PROD090,view_product,2026-02-26 23:14:06,1
6430,SES01739,PROD005,add_to_cart,2026-02-26 23:14:28,1
6431,SES01739,PROD005,begin_checkout,2026-02-26 23:16:06,1
6432,SES01739,PROD005,purchase,2026-02-26 23:20:39,1
6433,SES01740,PROD065,view_product,2026-03-31 04:19:13,1
6434,SES01740,PROD092,view_product,2026-03-31 04:21:28,1
6435,SES01740,PROD027,view_product,2026-03-31 04:22:00,1
6436,SES01741,PROD032,view_product,2026-03-30 20:47:12,1
6437,SES01741,PROD091,view_product,2026-03-30 20:49:01,1
6438,SES01741,PROD065,view_product,2026-03-30 20:50:23,1
6439,SES01741,PROD053,view_product,2026-03-30 20:51:34,1
6440,SES01742,PROD055,view_product,2026-02-18 01:08:08,1
6441,SES01742,PROD047,view_product,2026-02-18 01:08:54,1
6442,SES01742,PROD019,view_product,2026-02-18 01:10:23,1
6443,SES01742,PROD100,view_product,2026-02-18 01:12:13,1
6444,SES01743,PROD038,view_product,2026-03-29 12:58:58,1
6445,SES01743,PROD001,view_product,2026-03-29 12:59:16,1
6446,SES01744,PROD039,view_product,2026-03-02 00:16:24,1
6447,SES01745,PROD027,view_product,2026-02-27 05:00:44,1
6448,SES01745,PROD019,view_product,2026-02-27 05:02:36,1
6449,SES01745,PROD064,view_product,2026-02-27 05:05:32,1
6450,SES01745,PROD027,add_to_cart,2026-02-27 05:08:45,2
6451,SES01746,PROD049,view_product,2026-02-01 02:17:45,1
6452,SES01746,PROD077,view_product,2026-02-01 02:17:58,1
6453,SES01746,PROD049,add_to_cart,2026-02-01 02:18:22,1
6454,SES01746,PROD049,begin_checkout,2026-02-01 02:23:21,1
6455,SES01747,PROD069,view_product,2026-02-13 01:09:38,1
6456,SES01747,PROD006,view_product,2026-02-13 01:12:32,1
6457,SES01747,PROD023,view_product,2026-02-13 01:13:41,1
6458,SES01747,PROD006,add_to_cart,2026-02-13 01:16:15,1
6459,SES01748,PROD091,view_product,2026-02-11 21:52:34,1
6460,SES01748,PROD029,view_product,2026-02-11 21:54:30,1
6461,SES01748,PROD082,view_product,2026-02-11 21:56:28,1
6462,SES01748,PROD029,add_to_cart,2026-02-11 21:58:59,1
6463,SES01749,PROD067,view_product,2026-01-08 23:55:36,1
6464,SES01749,PROD009,view_product,2026-01-08 23:57:03,1
6465,SES01749,PROD045,view_product,2026-01-08 23:59:10,1
6466,SES01749,PROD098,view_product,2026-01-09 00:00:25,1
6467,SES01750,PROD012,view_product,2026-03-26 15:28:52,1
6468,SES01751,PROD056,view_product,2026-03-08 11:22:48,1
6469,SES01751,PROD064,view_product,2026-03-08 11:25:06,1
6470,SES01751,PROD026,view_product,2026-03-08 11:26:30,1
6471,SES01751,PROD078,view_product,2026-03-08 11:27:15,1
6472,SES01751,PROD058,view_product,2026-03-08 11:27:49,1
6473,SES01752,PROD030,view_product,2026-03-14 12:40:31,1
6474,SES01752,PROD061,view_product,2026-03-14 12:40:48,1
6475,SES01752,PROD053,view_product,2026-03-14 12:41:24,1
6476,SES01752,PROD094,view_product,2026-03-14 12:43:17,1
6477,SES01752,PROD046,view_product,2026-03-14 12:45:31,1
6478,SES01753,PROD085,view_product,2026-02-18 02:01:58,1
6479,SES01753,PROD068,view_product,2026-02-18 02:03:03,1
6480,SES01754,PROD094,view_product,2026-03-29 23:18:12,1
6481,SES01754,PROD094,add_to_cart,2026-03-29 23:20:09,1
6482,SES01754,PROD094,begin_checkout,2026-03-29 23:22:00,1
6483,SES01754,PROD094,purchase,2026-03-29 23:30:22,1
6484,SES01755,PROD083,view_product,2026-01-02 02:05:47,1
6485,SES01755,PROD051,view_product,2026-01-02 02:06:44,1
6486,SES01755,PROD011,view_product,2026-01-02 02:09:14,1
6487,SES01755,PROD042,view_product,2026-01-02 02:12:08,1
6488,SES01756,PROD075,view_product,2026-02-22 05:09:03,1
6489,SES01756,PROD031,view_product,2026-02-22 05:11:30,1
6490,SES01756,PROD041,view_product,2026-02-22 05:12:07,1
6491,SES01756,PROD031,add_to_cart,2026-02-22 05:14:24,1
6492,SES01756,PROD031,begin_checkout,2026-02-22 05:18:36,1
6493,SES01757,PROD048,view_product,2026-01-29 18:38:01,1
6494,SES01757,PROD095,view_product,2026-01-29 18:38:29,1
6495,SES01757,PROD069,view_product,2026-01-29 18:39:53,1
6496,SES01757,PROD004,view_product,2026-01-29 18:40:34,1
6497,SES01757,PROD041,view_product,2026-01-29 18:42:36,1
6498,SES01757,PROD004,add_to_cart,2026-01-29 18:45:12,1
6499,SES01757,PROD004,begin_checkout,2026-01-29 18:46:17,1
6500,SES01758,PROD069,view_product,2026-02-04 05:22:39,1
6501,SES01759,PROD100,view_product,2026-02-21 00:44:26,1
6502,SES01759,PROD006,view_product,2026-02-21 00:45:23,1
6503,SES01759,PROD001,view_product,2026-02-21 00:46:40,1
6504,SES01759,PROD001,add_to_cart,2026-02-21 00:49:08,1
6505,SES01760,PROD083,view_product,2026-02-03 22:35:42,1
6506,SES01760,PROD003,view_product,2026-02-03 22:38:22,1
6507,SES01760,PROD083,add_to_cart,2026-02-03 22:42:21,1
6508,SES01760,PROD083,begin_checkout,2026-02-03 22:42:57,1
6509,SES01760,PROD083,purchase,2026-02-03 22:52:36,1
6510,SES01761,PROD085,view_product,2026-01-17 14:16:29,1
6511,SES01761,PROD083,view_product,2026-01-17 14:17:25,1
6512,SES01761,PROD077,view_product,2026-01-17 14:18:16,1
6513,SES01761,PROD045,view_product,2026-01-17 14:19:24,1
6514,SES01762,PROD006,view_product,2026-01-12 13:28:56,1
6515,SES01762,PROD002,view_product,2026-01-12 13:31:49,1
6516,SES01762,PROD006,add_to_cart,2026-01-12 13:35:25,2
6517,SES01762,PROD006,begin_checkout,2026-01-12 13:39:12,2
6518,SES01763,PROD095,view_product,2026-03-20 03:38:56,1
6519,SES01763,PROD082,view_product,2026-03-20 03:41:12,1
6520,SES01763,PROD037,view_product,2026-03-20 03:41:45,1
6521,SES01763,PROD004,view_product,2026-03-20 03:44:39,1
6522,SES01764,PROD033,view_product,2026-03-13 00:27:37,1
6523,SES01764,PROD007,view_product,2026-03-13 00:29:53,1
6524,SES01764,PROD093,view_product,2026-03-13 00:30:56,1
6525,SES01764,PROD049,view_product,2026-03-13 00:32:38,1
6526,SES01765,PROD084,view_product,2026-01-25 16:48:42,1
6527,SES01765,PROD055,view_product,2026-01-25 16:50:39,1
6528,SES01765,PROD071,view_product,2026-01-25 16:52:19,1
6529,SES01765,PROD069,view_product,2026-01-25 16:54:40,1
6530,SES01765,PROD071,add_to_cart,2026-01-25 16:58:16,1
6531,SES01765,PROD071,begin_checkout,2026-01-25 17:00:43,1
6532,SES01766,PROD054,view_product,2026-03-05 14:04:42,1
6533,SES01766,PROD064,view_product,2026-03-05 14:06:43,1
6534,SES01767,PROD061,view_product,2026-02-20 06:05:59,1
6535,SES01767,PROD047,view_product,2026-02-20 06:08:44,1
6536,SES01767,PROD068,view_product,2026-02-20 06:10:08,1
6537,SES01767,PROD001,view_product,2026-02-20 06:11:20,1
6538,SES01767,PROD001,add_to_cart,2026-02-20 06:14:11,1
6539,SES01767,PROD001,begin_checkout,2026-02-20 06:16:49,1
6540,SES01768,PROD069,view_product,2026-03-12 18:13:55,1
6541,SES01768,PROD005,view_product,2026-03-12 18:15:23,1
6542,SES01768,PROD046,view_product,2026-03-12 18:16:54,1
6543,SES01769,PROD022,view_product,2026-02-27 20:32:16,1
6544,SES01769,PROD094,view_product,2026-02-27 20:33:16,1
6545,SES01769,PROD002,view_product,2026-02-27 20:34:37,1
6546,SES01769,PROD007,view_product,2026-02-27 20:35:31,1
6547,SES01770,PROD095,view_product,2026-03-29 12:47:02,1
6548,SES01770,PROD063,view_product,2026-03-29 12:49:43,1
6549,SES01770,PROD063,add_to_cart,2026-03-29 12:52:53,1
6550,SES01770,PROD063,begin_checkout,2026-03-29 12:53:37,1
6551,SES01770,PROD063,purchase,2026-03-29 12:56:58,1
6552,SES01771,PROD039,view_product,2026-01-11 16:12:09,1
6553,SES01771,PROD039,add_to_cart,2026-01-11 16:12:48,2
6554,SES01771,PROD039,begin_checkout,2026-01-11 16:16:13,2
6555,SES01772,PROD029,view_product,2026-03-20 22:16:28,1
6556,SES01772,PROD097,view_product,2026-03-20 22:19:16,1
6557,SES01773,PROD019,view_product,2026-03-19 10:17:58,1
6558,SES01774,PROD034,view_product,2026-01-17 04:51:52,1
6559,SES01774,PROD020,view_product,2026-01-17 04:52:48,1
6560,SES01774,PROD071,view_product,2026-01-17 04:55:48,1
6561,SES01774,PROD056,view_product,2026-01-17 04:57:26,1
6562,SES01774,PROD034,add_to_cart,2026-01-17 04:59:47,1
6563,SES01774,PROD034,begin_checkout,2026-01-17 05:01:55,1
6564,SES01774,PROD034,purchase,2026-01-17 05:08:53,1
6565,SES01775,PROD081,view_product,2026-03-29 08:29:29,1
6566,SES01775,PROD011,view_product,2026-03-29 08:29:59,1
6567,SES01775,PROD075,view_product,2026-03-29 08:32:11,1
6568,SES01775,PROD030,view_product,2026-03-29 08:35:11,1
6569,SES01775,PROD042,view_product,2026-03-29 08:36:38,1
6570,SES01775,PROD075,add_to_cart,2026-03-29 08:39:48,1
6571,SES01775,PROD075,begin_checkout,2026-03-29 08:44:10,1
6572,SES01776,PROD054,view_product,2026-02-10 13:45:49,1
6573,SES01776,PROD054,add_to_cart,2026-02-10 13:46:28,1
6574,SES01777,PROD093,view_product,2026-03-29 23:08:58,1
6575,SES01777,PROD098,view_product,2026-03-29 23:10:13,1
6576,SES01777,PROD096,view_product,2026-03-29 23:10:48,1
6577,SES01777,PROD022,view_product,2026-03-29 23:11:42,1
6578,SES01778,PROD051,view_product,2026-01-12 12:14:16,1
6579,SES01778,PROD021,view_product,2026-01-12 12:14:41,1
6580,SES01778,PROD002,view_product,2026-01-12 12:16:39,1
6581,SES01778,PROD076,view_product,2026-01-12 12:19:15,1
6582,SES01778,PROD076,add_to_cart,2026-01-12 12:22:52,1
6583,SES01779,PROD008,view_product,2026-02-28 00:47:53,1
6584,SES01779,PROD040,view_product,2026-02-28 00:50:40,1
6585,SES01779,PROD043,view_product,2026-02-28 00:53:21,1
6586,SES01779,PROD005,view_product,2026-02-28 00:55:49,1
6587,SES01779,PROD040,add_to_cart,2026-02-28 00:59:04,2
6588,SES01780,PROD036,view_product,2026-03-22 05:09:18,1
6589,SES01780,PROD030,view_product,2026-03-22 05:11:50,1
6590,SES01781,PROD008,view_product,2026-03-24 13:09:34,1
6591,SES01781,PROD019,view_product,2026-03-24 13:12:19,1
6592,SES01782,PROD014,view_product,2026-03-25 09:41:05,1
6593,SES01782,PROD032,view_product,2026-03-25 09:41:48,1
6594,SES01783,PROD092,view_product,2026-02-15 07:11:08,1
6595,SES01783,PROD092,add_to_cart,2026-02-15 07:14:03,1
6596,SES01783,PROD092,begin_checkout,2026-02-15 07:15:16,1
6597,SES01783,PROD092,purchase,2026-02-15 07:19:43,1
6598,SES01784,PROD088,view_product,2026-02-06 04:03:55,1
6599,SES01785,PROD003,view_product,2026-02-16 23:01:00,1
6600,SES01785,PROD053,view_product,2026-02-16 23:01:39,1
6601,SES01785,PROD019,view_product,2026-02-16 23:03:48,1
6602,SES01786,PROD066,view_product,2026-03-20 12:54:06,1
6603,SES01786,PROD015,view_product,2026-03-20 12:54:52,1
6604,SES01787,PROD021,view_product,2026-02-18 21:05:51,1
6605,SES01787,PROD013,view_product,2026-02-18 21:08:21,1
6606,SES01787,PROD021,add_to_cart,2026-02-18 21:10:29,1
6607,SES01787,PROD021,begin_checkout,2026-02-18 21:14:54,1
6608,SES01787,PROD021,purchase,2026-02-18 21:24:09,1
6609,SES01788,PROD083,view_product,2026-02-19 21:23:30,1
6610,SES01788,PROD038,view_product,2026-02-19 21:24:00,1
6611,SES01788,PROD045,view_product,2026-02-19 21:25:45,1
6612,SES01788,PROD077,view_product,2026-02-19 21:26:45,1
6613,SES01788,PROD045,add_to_cart,2026-02-19 21:27:02,1
6614,SES01789,PROD072,view_product,2026-03-21 17:48:06,1
6615,SES01789,PROD064,view_product,2026-03-21 17:50:52,1
6616,SES01789,PROD072,add_to_cart,2026-03-21 17:52:26,1
6617,SES01790,PROD098,view_product,2026-01-17 12:24:46,1
6618,SES01790,PROD051,view_product,2026-01-17 12:25:08,1
6619,SES01790,PROD007,view_product,2026-01-17 12:26:27,1
6620,SES01790,PROD031,view_product,2026-01-17 12:26:39,1
6621,SES01791,PROD039,view_product,2026-03-04 19:29:47,1
6622,SES01791,PROD081,view_product,2026-03-04 19:30:34,1
6623,SES01791,PROD009,view_product,2026-03-04 19:31:45,1
6624,SES01792,PROD058,view_product,2026-01-08 07:58:30,1
6625,SES01792,PROD023,view_product,2026-01-08 07:58:52,1
6626,SES01793,PROD021,view_product,2026-02-18 06:21:41,1
6627,SES01793,PROD020,view_product,2026-02-18 06:22:51,1
6628,SES01793,PROD001,view_product,2026-02-18 06:25:18,1
6629,SES01794,PROD088,view_product,2026-01-17 21:01:14,1
6630,SES01794,PROD094,view_product,2026-01-17 21:03:03,1
6631,SES01795,PROD073,view_product,2026-01-22 13:57:38,1
6632,SES01795,PROD087,view_product,2026-01-22 13:59:50,1
6633,SES01795,PROD086,view_product,2026-01-22 14:01:02,1
6634,SES01795,PROD088,view_product,2026-01-22 14:02:49,1
6635,SES01795,PROD012,view_product,2026-01-22 14:05:32,1
6636,SES01795,PROD012,add_to_cart,2026-01-22 14:07:05,1
6637,SES01796,PROD090,view_product,2026-01-05 03:36:05,1
6638,SES01796,PROD092,view_product,2026-01-05 03:38:16,1
6639,SES01796,PROD013,view_product,2026-01-05 03:38:28,1
6640,SES01797,PROD078,view_product,2026-03-02 17:30:19,1
6641,SES01797,PROD042,view_product,2026-03-02 17:30:30,1
6642,SES01797,PROD014,view_product,2026-03-02 17:32:55,1
6643,SES01797,PROD024,view_product,2026-03-02 17:34:40,1
6644,SES01797,PROD028,view_product,2026-03-02 17:35:10,1
6645,SES01798,PROD047,view_product,2026-02-26 17:11:33,1
6646,SES01798,PROD034,view_product,2026-02-26 17:13:43,1
6647,SES01798,PROD054,view_product,2026-02-26 17:14:29,1
6648,SES01799,PROD011,view_product,2026-01-12 03:42:33,1
6649,SES01799,PROD031,view_product,2026-01-12 03:44:51,1
6650,SES01799,PROD057,view_product,2026-01-12 03:47:09,1
6651,SES01799,PROD058,view_product,2026-01-12 03:49:05,1
6652,SES01800,PROD095,view_product,2026-01-24 08:28:35,1
6653,SES01800,PROD052,view_product,2026-01-24 08:30:37,1
6654,SES01801,PROD026,view_product,2026-02-06 03:27:32,1
6655,SES01802,PROD028,view_product,2026-03-21 22:09:39,1
6656,SES01802,PROD088,view_product,2026-03-21 22:11:02,1
6657,SES01803,PROD023,view_product,2026-01-30 07:33:23,1
6658,SES01803,PROD064,view_product,2026-01-30 07:33:33,1
6659,SES01803,PROD055,view_product,2026-01-30 07:34:58,1
6660,SES01803,PROD027,view_product,2026-01-30 07:35:36,1
6661,SES01803,PROD027,add_to_cart,2026-01-30 07:36:15,1
6662,SES01804,PROD077,view_product,2026-02-06 08:53:47,1
6663,SES01805,PROD050,view_product,2026-03-31 14:58:38,1
6664,SES01805,PROD041,view_product,2026-03-31 15:01:12,1
6665,SES01805,PROD049,view_product,2026-03-31 15:03:01,1
6666,SES01806,PROD001,view_product,2026-01-03 02:55:50,1
6667,SES01806,PROD004,view_product,2026-01-03 02:58:18,1
6668,SES01806,PROD001,add_to_cart,2026-01-03 02:59:31,1
6669,SES01807,PROD015,view_product,2026-01-18 14:03:30,1
6670,SES01807,PROD085,view_product,2026-01-18 14:05:18,1
6671,SES01807,PROD083,view_product,2026-01-18 14:06:52,1
6672,SES01807,PROD022,view_product,2026-01-18 14:09:35,1
6673,SES01807,PROD062,view_product,2026-01-18 14:10:42,1
6674,SES01807,PROD015,add_to_cart,2026-01-18 14:11:09,2
6675,SES01807,PROD015,begin_checkout,2026-01-18 14:12:53,2
6676,SES01807,PROD015,purchase,2026-01-18 14:15:16,2
6677,SES01808,PROD012,view_product,2026-02-26 15:09:24,1
6678,SES01808,PROD012,add_to_cart,2026-02-26 15:13:16,1
6679,SES01809,PROD084,view_product,2026-03-01 12:01:21,1
6680,SES01809,PROD033,view_product,2026-03-01 12:04:08,1
6681,SES01809,PROD074,view_product,2026-03-01 12:06:12,1
6682,SES01809,PROD062,view_product,2026-03-01 12:09:01,1
6683,SES01809,PROD037,view_product,2026-03-01 12:11:44,1
6684,SES01809,PROD033,add_to_cart,2026-03-01 12:12:33,2
6685,SES01809,PROD033,begin_checkout,2026-03-01 12:14:06,2
6686,SES01809,PROD033,purchase,2026-03-01 12:22:05,2
6687,SES01810,PROD056,view_product,2026-03-23 22:47:20,1
6688,SES01811,PROD026,view_product,2026-03-17 05:09:11,1
6689,SES01811,PROD013,view_product,2026-03-17 05:10:54,1
6690,SES01811,PROD022,view_product,2026-03-17 05:12:34,1
6691,SES01811,PROD077,view_product,2026-03-17 05:14:38,1
6692,SES01812,PROD028,view_product,2026-01-11 00:50:38,1
6693,SES01812,PROD063,view_product,2026-01-11 00:51:10,1
6694,SES01812,PROD072,view_product,2026-01-11 00:53:46,1
6695,SES01812,PROD065,view_product,2026-01-11 00:54:50,1
6696,SES01813,PROD022,view_product,2026-02-26 09:17:27,1
6697,SES01813,PROD090,view_product,2026-02-26 09:20:21,1
6698,SES01813,PROD007,view_product,2026-02-26 09:20:34,1
6699,SES01813,PROD015,view_product,2026-02-26 09:22:51,1
6700,SES01813,PROD098,view_product,2026-02-26 09:23:20,1
6701,SES01814,PROD089,view_product,2026-03-08 08:09:42,1
6702,SES01814,PROD025,view_product,2026-03-08 08:10:22,1
6703,SES01815,PROD040,view_product,2026-03-16 13:54:33,1
6704,SES01816,PROD100,view_product,2026-02-28 09:20:29,1
6705,SES01816,PROD043,view_product,2026-02-28 09:21:39,1
6706,SES01816,PROD065,view_product,2026-02-28 09:24:22,1
6707,SES01816,PROD029,view_product,2026-02-28 09:27:02,1
6708,SES01816,PROD044,view_product,2026-02-28 09:29:32,1
6709,SES01817,PROD019,view_product,2026-03-18 12:26:47,1
6710,SES01817,PROD042,view_product,2026-03-18 12:27:24,1
6711,SES01818,PROD081,view_product,2026-02-17 21:22:07,1
6712,SES01819,PROD091,view_product,2026-03-29 04:35:37,1
6713,SES01819,PROD025,view_product,2026-03-29 04:35:56,1
6714,SES01819,PROD025,add_to_cart,2026-03-29 04:38:44,1
6715,SES01819,PROD025,begin_checkout,2026-03-29 04:41:26,1
6716,SES01820,PROD028,view_product,2026-01-25 10:29:53,1
6717,SES01820,PROD100,view_product,2026-01-25 10:30:05,1
6718,SES01820,PROD007,view_product,2026-01-25 10:32:15,1
6719,SES01820,PROD078,view_product,2026-01-25 10:34:58,1
6720,SES01820,PROD007,add_to_cart,2026-01-25 10:37:52,1
6721,SES01820,PROD007,begin_checkout,2026-01-25 10:42:01,1
6722,SES01821,PROD094,view_product,2026-02-26 05:54:03,1
6723,SES01821,PROD005,view_product,2026-02-26 05:56:47,1
6724,SES01821,PROD072,view_product,2026-02-26 05:57:42,1
6725,SES01822,PROD054,view_product,2026-01-26 06:31:41,1
6726,SES01823,PROD004,view_product,2026-03-02 08:40:38,1
6727,SES01823,PROD062,view_product,2026-03-02 08:42:50,1
6728,SES01823,PROD089,view_product,2026-03-02 08:45:48,1
6729,SES01823,PROD018,view_product,2026-03-02 08:46:55,1
6730,SES01824,PROD083,view_product,2026-03-10 13:55:48,1
6731,SES01824,PROD022,view_product,2026-03-10 13:56:22,1
6732,SES01825,PROD087,view_product,2026-03-12 02:02:17,1
6733,SES01825,PROD032,view_product,2026-03-12 02:04:18,1
6734,SES01825,PROD024,view_product,2026-03-12 02:05:48,1
6735,SES01825,PROD094,view_product,2026-03-12 02:07:16,1
6736,SES01826,PROD038,view_product,2026-03-04 23:53:13,1
6737,SES01826,PROD098,view_product,2026-03-04 23:54:32,1
6738,SES01826,PROD038,add_to_cart,2026-03-04 23:55:58,1
6739,SES01826,PROD038,begin_checkout,2026-03-04 23:59:36,1
6740,SES01826,PROD038,purchase,2026-03-05 00:05:51,1
6741,SES01827,PROD044,view_product,2026-01-12 11:01:40,1
6742,SES01828,PROD080,view_product,2026-01-28 16:09:41,1
6743,SES01828,PROD070,view_product,2026-01-28 16:10:07,1
6744,SES01829,PROD012,view_product,2026-03-22 15:59:35,1
6745,SES01829,PROD088,view_product,2026-03-22 15:59:59,1
6746,SES01829,PROD082,view_product,2026-03-22 16:02:19,1
6747,SES01830,PROD083,view_product,2026-03-29 09:35:27,1
6748,SES01830,PROD083,add_to_cart,2026-03-29 09:36:28,1
6749,SES01831,PROD092,view_product,2026-03-03 13:46:50,1
6750,SES01831,PROD049,view_product,2026-03-03 13:48:48,1
6751,SES01831,PROD056,view_product,2026-03-03 13:51:31,1
6752,SES01831,PROD075,view_product,2026-03-03 13:52:25,1
6753,SES01832,PROD009,view_product,2026-02-22 03:57:09,1
6754,SES01833,PROD040,view_product,2026-03-07 17:05:52,1
6755,SES01833,PROD017,view_product,2026-03-07 17:08:49,1
6756,SES01834,PROD035,view_product,2026-02-11 05:29:55,1
6757,SES01834,PROD053,view_product,2026-02-11 05:30:56,1
6758,SES01835,PROD048,view_product,2026-01-23 08:08:12,1
6759,SES01835,PROD014,view_product,2026-01-23 08:10:13,1
6760,SES01835,PROD095,view_product,2026-01-23 08:12:59,1
6761,SES01835,PROD068,view_product,2026-01-23 08:14:14,1
6762,SES01836,PROD094,view_product,2026-02-05 03:28:10,1
6763,SES01836,PROD072,view_product,2026-02-05 03:29:58,1
6764,SES01837,PROD027,view_product,2026-02-23 20:05:14,1
6765,SES01837,PROD044,view_product,2026-02-23 20:06:52,1
6766,SES01837,PROD003,view_product,2026-02-23 20:07:43,1
6767,SES01838,PROD048,view_product,2026-03-03 12:24:07,1
6768,SES01838,PROD078,view_product,2026-03-03 12:25:20,1
6769,SES01838,PROD035,view_product,2026-03-03 12:27:55,1
6770,SES01838,PROD062,view_product,2026-03-03 12:29:54,1
6771,SES01838,PROD081,view_product,2026-03-03 12:32:38,1
6772,SES01839,PROD052,view_product,2026-02-01 08:01:04,1
6773,SES01839,PROD043,view_product,2026-02-01 08:01:45,1
6774,SES01839,PROD006,view_product,2026-02-01 08:04:15,1
6775,SES01839,PROD034,view_product,2026-02-01 08:06:38,1
6776,SES01839,PROD052,add_to_cart,2026-02-01 08:10:17,1
6777,SES01839,PROD052,begin_checkout,2026-02-01 08:13:07,1
6778,SES01839,PROD052,purchase,2026-02-01 08:22:47,1
6779,SES01840,PROD076,view_product,2026-02-06 15:10:24,1
6780,SES01840,PROD069,view_product,2026-02-06 15:12:30,1
6781,SES01840,PROD079,view_product,2026-02-06 15:12:44,1
6782,SES01840,PROD075,view_product,2026-02-06 15:14:38,1
6783,SES01841,PROD075,view_product,2026-03-04 09:07:43,1
6784,SES01841,PROD007,view_product,2026-03-04 09:09:45,1
6785,SES01841,PROD011,view_product,2026-03-04 09:10:16,1
6786,SES01841,PROD034,view_product,2026-03-04 09:10:46,1
6787,SES01841,PROD007,add_to_cart,2026-03-04 09:12:07,1
6788,SES01842,PROD054,view_product,2026-02-13 12:00:48,1
6789,SES01842,PROD056,view_product,2026-02-13 12:00:58,1
6790,SES01842,PROD094,view_product,2026-02-13 12:03:55,1
6791,SES01842,PROD094,add_to_cart,2026-02-13 12:05:58,1
6792,SES01843,PROD027,view_product,2026-03-06 07:01:24,1
6793,SES01843,PROD037,view_product,2026-03-06 07:03:08,1
6794,SES01844,PROD042,view_product,2026-02-28 05:01:56,1
6795,SES01844,PROD098,view_product,2026-02-28 05:03:31,1
6796,SES01844,PROD003,view_product,2026-02-28 05:05:25,1
6797,SES01845,PROD023,view_product,2026-03-25 18:14:00,1
6798,SES01845,PROD072,view_product,2026-03-25 18:16:10,1
6799,SES01845,PROD056,view_product,2026-03-25 18:18:37,1
6800,SES01846,PROD017,view_product,2026-03-19 19:44:36,1
6801,SES01846,PROD017,add_to_cart,2026-03-19 19:48:34,1
6802,SES01847,PROD010,view_product,2026-03-31 04:05:45,1
6803,SES01847,PROD081,view_product,2026-03-31 04:08:07,1
6804,SES01847,PROD053,view_product,2026-03-31 04:11:02,1
6805,SES01847,PROD098,view_product,2026-03-31 04:12:25,1
6806,SES01847,PROD097,view_product,2026-03-31 04:15:01,1
6807,SES01847,PROD098,add_to_cart,2026-03-31 04:18:58,2
6808,SES01847,PROD098,begin_checkout,2026-03-31 04:22:45,2
6809,SES01847,PROD098,purchase,2026-03-31 04:32:29,2
6810,SES01848,PROD057,view_product,2026-01-03 02:41:28,1
6811,SES01848,PROD071,view_product,2026-01-03 02:43:14,1
6812,SES01849,PROD048,view_product,2026-03-04 23:11:37,1
6813,SES01849,PROD019,view_product,2026-03-04 23:14:01,1
6814,SES01849,PROD091,view_product,2026-03-04 23:15:47,1
6815,SES01849,PROD063,view_product,2026-03-04 23:17:58,1
6816,SES01849,PROD059,view_product,2026-03-04 23:18:20,1
6817,SES01850,PROD033,view_product,2026-01-06 00:16:20,1
6818,SES01850,PROD039,view_product,2026-01-06 00:17:24,1
6819,SES01851,PROD030,view_product,2026-02-28 00:53:52,1
6820,SES01851,PROD014,view_product,2026-02-28 00:54:20,1
6821,SES01852,PROD058,view_product,2026-02-12 16:41:49,1
6822,SES01853,PROD055,view_product,2026-01-30 06:26:56,1
6823,SES01853,PROD023,view_product,2026-01-30 06:28:45,1
6824,SES01853,PROD087,view_product,2026-01-30 06:29:57,1
6825,SES01853,PROD053,view_product,2026-01-30 06:31:47,1
6826,SES01854,PROD063,view_product,2026-03-01 15:21:35,1
6827,SES01854,PROD064,view_product,2026-03-01 15:22:54,1
6828,SES01854,PROD034,view_product,2026-03-01 15:24:17,1
6829,SES01854,PROD099,view_product,2026-03-01 15:27:13,1
6830,SES01854,PROD048,view_product,2026-03-01 15:28:24,1
6831,SES01855,PROD058,view_product,2026-03-11 05:07:28,1
6832,SES01855,PROD096,view_product,2026-03-11 05:08:42,1
6833,SES01856,PROD054,view_product,2026-03-15 03:10:29,1
6834,SES01856,PROD072,view_product,2026-03-15 03:11:46,1
6835,SES01856,PROD061,view_product,2026-03-15 03:12:34,1
6836,SES01856,PROD037,view_product,2026-03-15 03:12:49,1
6837,SES01857,PROD039,view_product,2026-03-16 22:54:45,1
6838,SES01857,PROD012,view_product,2026-03-16 22:56:16,1
6839,SES01858,PROD083,view_product,2026-01-21 04:35:23,1
6840,SES01859,PROD020,view_product,2026-03-17 20:35:20,1
6841,SES01859,PROD031,view_product,2026-03-17 20:36:57,1
6842,SES01859,PROD096,view_product,2026-03-17 20:38:09,1
6843,SES01859,PROD038,view_product,2026-03-17 20:40:33,1
6844,SES01859,PROD093,view_product,2026-03-17 20:42:08,1
6845,SES01860,PROD053,view_product,2026-01-18 12:07:08,1
6846,SES01860,PROD056,view_product,2026-01-18 12:09:59,1
6847,SES01861,PROD060,view_product,2026-03-16 01:12:31,1
6848,SES01861,PROD004,view_product,2026-03-16 01:12:58,1
6849,SES01861,PROD074,view_product,2026-03-16 01:13:23,1
6850,SES01862,PROD010,view_product,2026-02-26 18:59:39,1
6851,SES01862,PROD011,view_product,2026-02-26 19:01:57,1
6852,SES01862,PROD077,view_product,2026-02-26 19:04:32,1
6853,SES01862,PROD089,view_product,2026-02-26 19:07:13,1
6854,SES01863,PROD065,view_product,2026-01-08 19:15:46,1
6855,SES01863,PROD028,view_product,2026-01-08 19:17:06,1
6856,SES01863,PROD096,view_product,2026-01-08 19:18:58,1
6857,SES01864,PROD066,view_product,2026-02-13 13:30:58,1
6858,SES01864,PROD063,view_product,2026-02-13 13:33:06,1
6859,SES01864,PROD086,view_product,2026-02-13 13:35:45,1
6860,SES01864,PROD001,view_product,2026-02-13 13:37:40,1
6861,SES01864,PROD001,add_to_cart,2026-02-13 13:38:32,1
6862,SES01865,PROD076,view_product,2026-01-13 22:20:55,1
6863,SES01865,PROD048,view_product,2026-01-13 22:21:22,1
6864,SES01865,PROD003,view_product,2026-01-13 22:22:42,1
6865,SES01865,PROD068,view_product,2026-01-13 22:23:34,1
6866,SES01865,PROD083,view_product,2026-01-13 22:24:43,1
6867,SES01866,PROD041,view_product,2026-02-25 01:17:03,1
6868,SES01867,PROD008,view_product,2026-02-11 00:07:14,1
6869,SES01867,PROD046,view_product,2026-02-11 00:07:46,1
6870,SES01867,PROD009,view_product,2026-02-11 00:10:12,1
6871,SES01867,PROD008,add_to_cart,2026-02-11 00:11:45,1
6872,SES01867,PROD008,begin_checkout,2026-02-11 00:14:19,1
6873,SES01867,PROD008,purchase,2026-02-11 00:16:51,1
6874,SES01868,PROD017,view_product,2026-01-17 06:42:03,1
6875,SES01868,PROD001,view_product,2026-01-17 06:44:48,1
6876,SES01868,PROD025,view_product,2026-01-17 06:46:05,1
6877,SES01868,PROD017,add_to_cart,2026-01-17 06:49:31,2
6878,SES01869,PROD011,view_product,2026-03-18 00:45:57,1
6879,SES01869,PROD069,view_product,2026-03-18 00:47:52,1
6880,SES01869,PROD096,view_product,2026-03-18 00:49:21,1
6881,SES01870,PROD047,view_product,2026-02-16 12:20:35,1
6882,SES01870,PROD010,view_product,2026-02-16 12:21:33,1
6883,SES01870,PROD010,add_to_cart,2026-02-16 12:22:38,1
6884,SES01870,PROD010,begin_checkout,2026-02-16 12:26:42,1
6885,SES01871,PROD047,view_product,2026-01-21 09:27:36,1
6886,SES01871,PROD082,view_product,2026-01-21 09:30:06,1
6887,SES01871,PROD022,view_product,2026-01-21 09:32:50,1
6888,SES01871,PROD089,view_product,2026-01-21 09:34:23,1
6889,SES01871,PROD016,view_product,2026-01-21 09:36:00,1
6890,SES01872,PROD022,view_product,2026-01-06 14:55:32,1
6891,SES01873,PROD059,view_product,2026-03-23 12:11:58,1
6892,SES01873,PROD045,view_product,2026-03-23 12:13:03,1
6893,SES01873,PROD098,view_product,2026-03-23 12:15:30,1
6894,SES01873,PROD080,view_product,2026-03-23 12:16:32,1
6895,SES01874,PROD092,view_product,2026-02-21 16:48:59,1
6896,SES01874,PROD098,view_product,2026-02-21 16:51:25,1
6897,SES01874,PROD006,view_product,2026-02-21 16:51:51,1
6898,SES01874,PROD094,view_product,2026-02-21 16:53:07,1
6899,SES01874,PROD008,view_product,2026-02-21 16:54:55,1
6900,SES01874,PROD098,add_to_cart,2026-02-21 16:58:39,1
6901,SES01874,PROD098,begin_checkout,2026-02-21 17:00:29,1
6902,SES01874,PROD098,purchase,2026-02-21 17:07:47,1
6903,SES01875,PROD023,view_product,2026-03-24 05:38:27,1
6904,SES01876,PROD012,view_product,2026-01-29 15:52:25,1
6905,SES01876,PROD026,view_product,2026-01-29 15:55:19,1
6906,SES01876,PROD032,view_product,2026-01-29 15:57:00,1
6907,SES01876,PROD011,view_product,2026-01-29 15:58:42,1
6908,SES01876,PROD012,add_to_cart,2026-01-29 16:00:19,2
6909,SES01876,PROD012,begin_checkout,2026-01-29 16:02:26,2
6910,SES01876,PROD012,purchase,2026-01-29 16:08:40,2
6911,SES01877,PROD095,view_product,2026-03-07 05:14:31,1
6912,SES01877,PROD053,view_product,2026-03-07 05:17:30,1
6913,SES01877,PROD047,view_product,2026-03-07 05:19:00,1
6914,SES01877,PROD079,view_product,2026-03-07 05:20:31,1
6915,SES01877,PROD071,view_product,2026-03-07 05:22:37,1
6916,SES01878,PROD039,view_product,2026-02-11 23:01:08,1
6917,SES01878,PROD016,view_product,2026-02-11 23:03:50,1
6918,SES01878,PROD072,view_product,2026-02-11 23:06:31,1
6919,SES01878,PROD016,add_to_cart,2026-02-11 23:10:25,2
6920,SES01879,PROD094,view_product,2026-02-10 11:39:15,1
6921,SES01879,PROD014,view_product,2026-02-10 11:42:09,1
6922,SES01879,PROD003,view_product,2026-02-10 11:43:56,1
6923,SES01879,PROD054,view_product,2026-02-10 11:46:43,1
6924,SES01879,PROD089,view_product,2026-02-10 11:47:16,1
6925,SES01879,PROD089,add_to_cart,2026-02-10 11:48:11,1
6926,SES01880,PROD017,view_product,2026-03-25 19:40:30,1
6927,SES01880,PROD020,view_product,2026-03-25 19:42:11,1
6928,SES01880,PROD088,view_product,2026-03-25 19:45:04,1
6929,SES01880,PROD011,view_product,2026-03-25 19:46:56,1
6930,SES01880,PROD082,view_product,2026-03-25 19:47:49,1
6931,SES01881,PROD025,view_product,2026-03-17 15:26:09,1
6932,SES01881,PROD081,view_product,2026-03-17 15:26:19,1
6933,SES01881,PROD035,view_product,2026-03-17 15:26:31,1
6934,SES01881,PROD064,view_product,2026-03-17 15:28:09,1
6935,SES01881,PROD074,view_product,2026-03-17 15:30:44,1
6936,SES01881,PROD035,add_to_cart,2026-03-17 15:34:13,1
6937,SES01881,PROD035,begin_checkout,2026-03-17 15:38:36,1
6938,SES01881,PROD035,purchase,2026-03-17 15:43:02,1
6939,SES01882,PROD079,view_product,2026-03-20 23:35:05,1
6940,SES01882,PROD064,view_product,2026-03-20 23:36:20,1
6941,SES01882,PROD095,view_product,2026-03-20 23:37:18,1
6942,SES01883,PROD024,view_product,2026-01-15 01:18:48,1
6943,SES01883,PROD092,view_product,2026-01-15 01:21:09,1
6944,SES01883,PROD006,view_product,2026-01-15 01:24:03,1
6945,SES01883,PROD024,add_to_cart,2026-01-15 01:26:30,2
6946,SES01883,PROD024,begin_checkout,2026-01-15 01:30:14,2
6947,SES01884,PROD039,view_product,2026-02-18 15:57:34,1
6948,SES01884,PROD062,view_product,2026-02-18 15:59:26,1
6949,SES01884,PROD034,view_product,2026-02-18 16:02:11,1
6950,SES01885,PROD065,view_product,2026-03-05 23:17:01,1
6951,SES01885,PROD043,view_product,2026-03-05 23:18:03,1
6952,SES01885,PROD056,view_product,2026-03-05 23:18:22,1
6953,SES01885,PROD051,view_product,2026-03-05 23:18:56,1
6954,SES01885,PROD089,view_product,2026-03-05 23:20:45,1
6955,SES01885,PROD056,add_to_cart,2026-03-05 23:21:34,1
6956,SES01885,PROD056,begin_checkout,2026-03-05 23:26:15,1
6957,SES01885,PROD056,purchase,2026-03-05 23:35:57,1
6958,SES01886,PROD080,view_product,2026-02-03 18:00:13,1
6959,SES01886,PROD031,view_product,2026-02-03 18:00:36,1
6960,SES01886,PROD010,view_product,2026-02-03 18:02:32,1
6961,SES01886,PROD027,view_product,2026-02-03 18:05:27,1
6962,SES01886,PROD050,view_product,2026-02-03 18:06:09,1
6963,SES01887,PROD072,view_product,2026-03-27 21:33:08,1
6964,SES01887,PROD049,view_product,2026-03-27 21:34:29,1
6965,SES01888,PROD079,view_product,2026-02-21 10:06:27,1
6966,SES01888,PROD002,view_product,2026-02-21 10:08:01,1
6967,SES01888,PROD028,view_product,2026-02-21 10:08:42,1
6968,SES01888,PROD066,view_product,2026-02-21 10:09:57,1
6969,SES01888,PROD003,view_product,2026-02-21 10:12:20,1
6970,SES01889,PROD038,view_product,2026-02-01 07:50:43,1
6971,SES01889,PROD040,view_product,2026-02-01 07:51:59,1
6972,SES01889,PROD010,view_product,2026-02-01 07:54:06,1
6973,SES01889,PROD076,view_product,2026-02-01 07:56:40,1
6974,SES01889,PROD092,view_product,2026-02-01 07:57:02,1
6975,SES01890,PROD095,view_product,2026-02-24 10:46:37,1
6976,SES01891,PROD064,view_product,2026-02-02 04:12:46,1
6977,SES01891,PROD002,view_product,2026-02-02 04:15:08,1
6978,SES01891,PROD072,view_product,2026-02-02 04:17:01,1
6979,SES01891,PROD033,view_product,2026-02-02 04:19:51,1
6980,SES01892,PROD022,view_product,2026-02-02 05:02:00,1
6981,SES01892,PROD048,view_product,2026-02-02 05:02:57,1
6982,SES01892,PROD100,view_product,2026-02-02 05:03:47,1
6983,SES01892,PROD085,view_product,2026-02-02 05:06:11,1
6984,SES01892,PROD069,view_product,2026-02-02 05:07:03,1
6985,SES01893,PROD032,view_product,2026-03-15 19:15:50,1
6986,SES01893,PROD048,view_product,2026-03-15 19:16:10,1
6987,SES01894,PROD063,view_product,2026-02-21 23:05:35,1
6988,SES01894,PROD053,view_product,2026-02-21 23:05:49,1
6989,SES01894,PROD082,view_product,2026-02-21 23:08:35,1
6990,SES01894,PROD064,view_product,2026-02-21 23:10:27,1
6991,SES01894,PROD053,add_to_cart,2026-02-21 23:11:50,1
6992,SES01895,PROD082,view_product,2026-02-16 02:44:10,1
6993,SES01895,PROD026,view_product,2026-02-16 02:45:42,1
6994,SES01895,PROD011,view_product,2026-02-16 02:47:20,1
6995,SES01896,PROD036,view_product,2026-01-16 09:40:54,1
6996,SES01896,PROD069,view_product,2026-01-16 09:41:26,1
6997,SES01896,PROD091,view_product,2026-01-16 09:41:52,1
6998,SES01896,PROD059,view_product,2026-01-16 09:44:44,1
6999,SES01896,PROD059,add_to_cart,2026-01-16 09:45:39,1
7000,SES01896,PROD059,begin_checkout,2026-01-16 09:48:54,1
7001,SES01897,PROD055,view_product,2026-03-05 07:05:26,1
7002,SES01897,PROD033,view_product,2026-03-05 07:08:12,1
7003,SES01897,PROD043,view_product,2026-03-05 07:10:06,1
7004,SES01897,PROD029,view_product,2026-03-05 07:11:47,1
7005,SES01898,PROD052,view_product,2026-03-04 06:25:03,1
7006,SES01898,PROD057,view_product,2026-03-04 06:25:15,1
7007,SES01898,PROD068,view_product,2026-03-04 06:25:37,1
7008,SES01898,PROD077,view_product,2026-03-04 06:28:11,1
7009,SES01898,PROD055,view_product,2026-03-04 06:29:13,1
7010,SES01898,PROD055,add_to_cart,2026-03-04 06:29:43,2
7011,SES01899,PROD061,view_product,2026-01-04 15:43:41,1
7012,SES01899,PROD084,view_product,2026-01-04 15:44:28,1
7013,SES01899,PROD082,view_product,2026-01-04 15:45:10,1
7014,SES01899,PROD020,view_product,2026-01-04 15:47:34,1
7015,SES01899,PROD023,view_product,2026-01-04 15:48:55,1
7016,SES01900,PROD053,view_product,2026-03-29 08:59:38,1
7017,SES01900,PROD071,view_product,2026-03-29 09:02:01,1
7018,SES01900,PROD007,view_product,2026-03-29 09:03:16,1
7019,SES01900,PROD073,view_product,2026-03-29 09:05:17,1
7020,SES01901,PROD026,view_product,2026-03-24 03:27:31,1
7021,SES01901,PROD039,view_product,2026-03-24 03:27:42,1
7022,SES01901,PROD039,add_to_cart,2026-03-24 03:29:49,2
7023,SES01902,PROD045,view_product,2026-03-28 10:09:13,1
7024,SES01902,PROD045,add_to_cart,2026-03-28 10:10:56,2
7025,SES01902,PROD045,begin_checkout,2026-03-28 10:12:44,2
7026,SES01903,PROD082,view_product,2026-02-28 01:06:32,1
7027,SES01903,PROD090,view_product,2026-02-28 01:06:54,1
7028,SES01903,PROD018,view_product,2026-02-28 01:09:45,1
7029,SES01903,PROD064,view_product,2026-02-28 01:11:20,1
7030,SES01904,PROD077,view_product,2026-03-31 06:08:57,1
7031,SES01905,PROD065,view_product,2026-02-03 21:17:26,1
7032,SES01905,PROD047,view_product,2026-02-03 21:18:19,1
7033,SES01906,PROD072,view_product,2026-02-04 16:50:44,1
7034,SES01906,PROD032,view_product,2026-02-04 16:53:01,1
7035,SES01907,PROD024,view_product,2026-02-23 07:21:39,1
7036,SES01907,PROD054,view_product,2026-02-23 07:23:23,1
7037,SES01907,PROD034,view_product,2026-02-23 07:25:14,1
7038,SES01907,PROD028,view_product,2026-02-23 07:27:26,1
7039,SES01908,PROD062,view_product,2026-01-01 05:55:00,1
7040,SES01908,PROD062,add_to_cart,2026-01-01 05:55:31,1
7041,SES01908,PROD062,begin_checkout,2026-01-01 05:59:12,1
7042,SES01908,PROD062,purchase,2026-01-01 06:02:48,1
7043,SES01909,PROD027,view_product,2026-03-19 00:56:29,1
7044,SES01909,PROD087,view_product,2026-03-19 00:57:49,1
7045,SES01909,PROD013,view_product,2026-03-19 01:00:37,1
7046,SES01910,PROD061,view_product,2026-01-24 17:50:33,1
7047,SES01910,PROD035,view_product,2026-01-24 17:52:04,1
7048,SES01910,PROD057,view_product,2026-01-24 17:54:43,1
7049,SES01910,PROD056,view_product,2026-01-24 17:55:02,1
7050,SES01910,PROD045,view_product,2026-01-24 17:57:15,1
7051,SES01910,PROD057,add_to_cart,2026-01-24 18:00:06,1
7052,SES01910,PROD057,begin_checkout,2026-01-24 18:02:23,1
7053,SES01910,PROD057,purchase,2026-01-24 18:08:36,1
7054,SES01911,PROD073,view_product,2026-03-12 19:29:21,1
7055,SES01911,PROD023,view_product,2026-03-12 19:32:00,1
7056,SES01911,PROD019,view_product,2026-03-12 19:33:18,1
7057,SES01911,PROD093,view_product,2026-03-12 19:36:04,1
7058,SES01912,PROD047,view_product,2026-01-24 09:35:06,1
7059,SES01912,PROD076,view_product,2026-01-24 09:37:15,1
7060,SES01912,PROD047,add_to_cart,2026-01-24 09:37:58,1
7061,SES01912,PROD047,begin_checkout,2026-01-24 09:41:18,1
7062,SES01912,PROD047,purchase,2026-01-24 09:50:11,1
7063,SES01913,PROD089,view_product,2026-01-26 12:27:07,1
7064,SES01913,PROD069,view_product,2026-01-26 12:28:01,1
7065,SES01913,PROD062,view_product,2026-01-26 12:29:41,1
7066,SES01914,PROD083,view_product,2026-02-08 23:06:45,1
7067,SES01914,PROD094,view_product,2026-02-08 23:08:14,1
7068,SES01914,PROD082,view_product,2026-02-08 23:08:48,1
7069,SES01914,PROD094,add_to_cart,2026-02-08 23:10:38,2
7070,SES01914,PROD094,begin_checkout,2026-02-08 23:13:48,2
7071,SES01914,PROD094,purchase,2026-02-08 23:17:16,2
7072,SES01915,PROD045,view_product,2026-02-03 22:28:24,1
7073,SES01915,PROD063,view_product,2026-02-03 22:30:06,1
7074,SES01915,PROD096,view_product,2026-02-03 22:32:24,1
7075,SES01915,PROD077,view_product,2026-02-03 22:32:59,1
7076,SES01915,PROD039,view_product,2026-02-03 22:35:56,1
7077,SES01916,PROD100,view_product,2026-03-30 08:21:00,1
7078,SES01917,PROD001,view_product,2026-03-05 14:44:20,1
7079,SES01917,PROD039,view_product,2026-03-05 14:45:34,1
7080,SES01917,PROD003,view_product,2026-03-05 14:47:26,1
7081,SES01917,PROD060,view_product,2026-03-05 14:50:07,1
7082,SES01918,PROD063,view_product,2026-02-27 08:30:30,1
7083,SES01918,PROD093,view_product,2026-02-27 08:33:02,1
7084,SES01918,PROD089,view_product,2026-02-27 08:34:41,1
7085,SES01918,PROD032,view_product,2026-02-27 08:36:12,1
7086,SES01918,PROD038,view_product,2026-02-27 08:38:48,1
7087,SES01918,PROD063,add_to_cart,2026-02-27 08:39:58,1
7088,SES01918,PROD063,begin_checkout,2026-02-27 08:42:53,1
7089,SES01918,PROD063,purchase,2026-02-27 08:50:45,1
7090,SES01919,PROD045,view_product,2026-03-22 01:36:46,1
7091,SES01919,PROD079,view_product,2026-03-22 01:37:06,1
7092,SES01919,PROD087,view_product,2026-03-22 01:37:42,1
7093,SES01919,PROD004,view_product,2026-03-22 01:39:44,1
7094,SES01920,PROD005,view_product,2026-02-14 15:57:01,1
7095,SES01920,PROD063,view_product,2026-02-14 15:57:56,1
7096,SES01920,PROD070,view_product,2026-02-14 16:00:21,1
7097,SES01920,PROD056,view_product,2026-02-14 16:01:51,1
7098,SES01920,PROD090,view_product,2026-02-14 16:03:21,1
7099,SES01921,PROD086,view_product,2026-01-11 15:59:40,1
7100,SES01921,PROD071,view_product,2026-01-11 16:01:38,1
7101,SES01922,PROD087,view_product,2026-03-18 18:14:26,1
7102,SES01922,PROD046,view_product,2026-03-18 18:17:08,1
7103,SES01922,PROD091,view_product,2026-03-18 18:19:02,1
7104,SES01922,PROD087,add_to_cart,2026-03-18 18:19:51,1
7105,SES01922,PROD087,begin_checkout,2026-03-18 18:22:10,1
7106,SES01922,PROD087,purchase,2026-03-18 18:24:37,1
7107,SES01923,PROD022,view_product,2026-01-19 09:44:06,1
7108,SES01923,PROD064,view_product,2026-01-19 09:46:53,1
7109,SES01923,PROD082,view_product,2026-01-19 09:48:01,1
7110,SES01924,PROD053,view_product,2026-03-31 14:29:50,1
7111,SES01924,PROD057,view_product,2026-03-31 14:32:13,1
7112,SES01924,PROD099,view_product,2026-03-31 14:32:28,1
7113,SES01924,PROD009,view_product,2026-03-31 14:33:28,1
7114,SES01924,PROD089,view_product,2026-03-31 14:36:28,1
7115,SES01924,PROD053,add_to_cart,2026-03-31 14:39:35,2
7116,SES01925,PROD020,view_product,2026-03-17 03:59:44,1
7117,SES01925,PROD050,view_product,2026-03-17 04:00:40,1
7118,SES01925,PROD004,view_product,2026-03-17 04:02:36,1
7119,SES01925,PROD066,view_product,2026-03-17 04:03:46,1
7120,SES01925,PROD023,view_product,2026-03-17 04:05:56,1
7121,SES01926,PROD098,view_product,2026-03-10 16:42:08,1
7122,SES01926,PROD067,view_product,2026-03-10 16:42:40,1
7123,SES01926,PROD050,view_product,2026-03-10 16:43:22,1
7124,SES01926,PROD055,view_product,2026-03-10 16:44:04,1
7125,SES01926,PROD075,view_product,2026-03-10 16:45:04,1
7126,SES01927,PROD011,view_product,2026-03-05 20:32:30,1
7127,SES01927,PROD014,view_product,2026-03-05 20:34:59,1
7128,SES01927,PROD075,view_product,2026-03-05 20:37:34,1
7129,SES01927,PROD063,view_product,2026-03-05 20:38:21,1
7130,SES01928,PROD058,view_product,2026-03-25 23:59:08,1
7131,SES01928,PROD034,view_product,2026-03-26 00:00:27,1
7132,SES01928,PROD081,view_product,2026-03-26 00:02:13,1
7133,SES01929,PROD015,view_product,2026-03-08 15:33:45,1
7134,SES01929,PROD015,add_to_cart,2026-03-08 15:35:37,1
7135,SES01930,PROD083,view_product,2026-03-08 17:11:32,1
7136,SES01930,PROD070,view_product,2026-03-08 17:13:35,1
7137,SES01930,PROD013,view_product,2026-03-08 17:15:34,1
7138,SES01930,PROD089,view_product,2026-03-08 17:17:55,1
7139,SES01930,PROD076,view_product,2026-03-08 17:19:22,1
7140,SES01931,PROD086,view_product,2026-03-25 16:30:34,1
7141,SES01931,PROD018,view_product,2026-03-25 16:31:50,1
7142,SES01931,PROD022,view_product,2026-03-25 16:34:49,1
7143,SES01931,PROD004,view_product,2026-03-25 16:37:12,1
7144,SES01931,PROD018,add_to_cart,2026-03-25 16:37:42,1
7145,SES01932,PROD001,view_product,2026-02-22 14:17:44,1
7146,SES01932,PROD066,view_product,2026-02-22 14:19:35,1
7147,SES01933,PROD056,view_product,2026-03-22 02:27:08,1
7148,SES01933,PROD014,view_product,2026-03-22 02:28:54,1
7149,SES01933,PROD070,view_product,2026-03-22 02:29:40,1
7150,SES01933,PROD031,view_product,2026-03-22 02:32:24,1
7151,SES01933,PROD031,add_to_cart,2026-03-22 02:34:42,1
7152,SES01934,PROD068,view_product,2026-01-20 02:38:26,1
7153,SES01934,PROD067,view_product,2026-01-20 02:39:52,1
7154,SES01934,PROD051,view_product,2026-01-20 02:40:28,1
7155,SES01934,PROD072,view_product,2026-01-20 02:42:46,1
7156,SES01934,PROD007,view_product,2026-01-20 02:44:35,1
7157,SES01935,PROD084,view_product,2026-03-22 07:19:38,1
7158,SES01935,PROD043,view_product,2026-03-22 07:22:25,1
7159,SES01935,PROD052,view_product,2026-03-22 07:24:24,1
7160,SES01936,PROD078,view_product,2026-02-08 23:02:59,1
7161,SES01936,PROD088,view_product,2026-02-08 23:04:48,1
7162,SES01937,PROD083,view_product,2026-01-04 05:21:03,1
7163,SES01937,PROD002,view_product,2026-01-04 05:22:39,1
7164,SES01937,PROD030,view_product,2026-01-04 05:25:38,1
7165,SES01937,PROD039,view_product,2026-01-04 05:26:17,1
7166,SES01938,PROD072,view_product,2026-01-12 23:31:08,1
7167,SES01938,PROD074,view_product,2026-01-12 23:32:59,1
7168,SES01938,PROD013,view_product,2026-01-12 23:35:28,1
7169,SES01938,PROD074,add_to_cart,2026-01-12 23:35:45,1
7170,SES01938,PROD074,begin_checkout,2026-01-12 23:37:44,1
7171,SES01938,PROD074,purchase,2026-01-12 23:44:24,1
7172,SES01939,PROD052,view_product,2026-02-27 17:25:54,1
7173,SES01939,PROD001,view_product,2026-02-27 17:26:48,1
7174,SES01939,PROD052,add_to_cart,2026-02-27 17:29:13,1
7175,SES01939,PROD052,begin_checkout,2026-02-27 17:32:04,1
7176,SES01939,PROD052,purchase,2026-02-27 17:35:28,1
7177,SES01940,PROD088,view_product,2026-01-28 09:49:43,1
7178,SES01940,PROD080,view_product,2026-01-28 09:50:14,1
7179,SES01940,PROD080,add_to_cart,2026-01-28 09:53:54,1
7180,SES01940,PROD080,begin_checkout,2026-01-28 09:55:07,1
7181,SES01940,PROD080,purchase,2026-01-28 10:01:53,1
7182,SES01941,PROD039,view_product,2026-03-09 22:17:00,1
7183,SES01942,PROD048,view_product,2026-02-22 17:30:42,1
7184,SES01942,PROD066,view_product,2026-02-22 17:32:55,1
7185,SES01942,PROD082,view_product,2026-02-22 17:35:29,1
7186,SES01943,PROD013,view_product,2026-02-02 21:38:23,1
7187,SES01943,PROD064,view_product,2026-02-02 21:39:22,1
7188,SES01943,PROD011,view_product,2026-02-02 21:39:40,1
7189,SES01943,PROD063,view_product,2026-02-02 21:41:18,1
7190,SES01944,PROD001,view_product,2026-02-25 15:30:32,1
7191,SES01944,PROD043,view_product,2026-02-25 15:33:00,1
7192,SES01944,PROD012,view_product,2026-02-25 15:34:09,1
7193,SES01944,PROD051,view_product,2026-02-25 15:37:01,1
7194,SES01945,PROD059,view_product,2026-03-14 12:27:26,1
7195,SES01945,PROD098,view_product,2026-03-14 12:27:51,1
7196,SES01945,PROD052,view_product,2026-03-14 12:28:03,1
7197,SES01945,PROD060,view_product,2026-03-14 12:29:52,1
7198,SES01945,PROD086,view_product,2026-03-14 12:31:13,1
7199,SES01945,PROD052,add_to_cart,2026-03-14 12:34:15,2
7200,SES01946,PROD011,view_product,2026-03-19 13:55:47,1
7201,SES01946,PROD082,view_product,2026-03-19 13:56:57,1
7202,SES01946,PROD011,add_to_cart,2026-03-19 13:59:40,1
7203,SES01947,PROD034,view_product,2026-02-13 19:20:55,1
7204,SES01947,PROD044,view_product,2026-02-13 19:22:22,1
7205,SES01947,PROD015,view_product,2026-02-13 19:24:50,1
7206,SES01947,PROD100,view_product,2026-02-13 19:26:11,1
7207,SES01948,PROD093,view_product,2026-02-26 22:59:58,1
7208,SES01948,PROD028,view_product,2026-02-26 23:01:36,1
7209,SES01948,PROD015,view_product,2026-02-26 23:03:25,1
7210,SES01948,PROD070,view_product,2026-02-26 23:03:40,1
7211,SES01949,PROD047,view_product,2026-01-16 17:58:49,1
7212,SES01949,PROD075,view_product,2026-01-16 17:59:29,1
7213,SES01949,PROD092,view_product,2026-01-16 18:00:05,1
7214,SES01949,PROD039,view_product,2026-01-16 18:00:42,1
7215,SES01949,PROD062,view_product,2026-01-16 18:01:05,1
7216,SES01950,PROD038,view_product,2026-02-15 21:23:48,1
7217,SES01950,PROD087,view_product,2026-02-15 21:25:45,1
7218,SES01950,PROD096,view_product,2026-02-15 21:27:22,1
7219,SES01951,PROD038,view_product,2026-03-17 16:23:55,1
7220,SES01951,PROD065,view_product,2026-03-17 16:25:13,1
7221,SES01952,PROD068,view_product,2026-03-30 03:43:02,1
7222,SES01952,PROD045,view_product,2026-03-30 03:45:03,1
7223,SES01952,PROD095,view_product,2026-03-30 03:46:50,1
7224,SES01952,PROD054,view_product,2026-03-30 03:49:31,1
7225,SES01953,PROD071,view_product,2026-03-29 22:47:32,1
7226,SES01953,PROD061,view_product,2026-03-29 22:49:34,1
7227,SES01953,PROD005,view_product,2026-03-29 22:51:40,1
7228,SES01953,PROD080,view_product,2026-03-29 22:53:42,1
7229,SES01954,PROD019,view_product,2026-01-20 22:00:05,1
7230,SES01954,PROD049,view_product,2026-01-20 22:02:45,1
7231,SES01954,PROD029,view_product,2026-01-20 22:03:42,1
7232,SES01954,PROD064,view_product,2026-01-20 22:05:45,1
7233,SES01954,PROD019,add_to_cart,2026-01-20 22:07:52,1
7234,SES01955,PROD024,view_product,2026-01-12 23:05:17,1
7235,SES01955,PROD085,view_product,2026-01-12 23:07:11,1
7236,SES01956,PROD025,view_product,2026-03-30 23:07:20,1
7237,SES01956,PROD088,view_product,2026-03-30 23:07:43,1
7238,SES01957,PROD091,view_product,2026-01-25 11:45:44,1
7239,SES01957,PROD004,view_product,2026-01-25 11:46:52,1
7240,SES01957,PROD049,view_product,2026-01-25 11:47:02,1
7241,SES01957,PROD073,view_product,2026-01-25 11:48:54,1
7242,SES01958,PROD077,view_product,2026-02-12 11:47:53,1
7243,SES01958,PROD040,view_product,2026-02-12 11:48:37,1
7244,SES01959,PROD033,view_product,2026-01-21 17:10:48,1
7245,SES01959,PROD068,view_product,2026-01-21 17:12:11,1
7246,SES01959,PROD072,view_product,2026-01-21 17:14:37,1
7247,SES01960,PROD002,view_product,2026-01-24 19:52:08,1
7248,SES01960,PROD033,view_product,2026-01-24 19:52:54,1
7249,SES01960,PROD022,view_product,2026-01-24 19:55:19,1
7250,SES01960,PROD047,view_product,2026-01-24 19:55:30,1
7251,SES01960,PROD045,view_product,2026-01-24 19:57:02,1
7252,SES01960,PROD047,add_to_cart,2026-01-24 19:58:34,1
7253,SES01961,PROD071,view_product,2026-02-16 13:45:23,1
7254,SES01961,PROD068,view_product,2026-02-16 13:47:14,1
7255,SES01961,PROD082,view_product,2026-02-16 13:47:31,1
7256,SES01961,PROD058,view_product,2026-02-16 13:48:27,1
7257,SES01961,PROD068,add_to_cart,2026-02-16 13:49:45,1
7258,SES01962,PROD072,view_product,2026-01-04 07:40:07,1
7259,SES01962,PROD052,view_product,2026-01-04 07:42:48,1
7260,SES01962,PROD054,view_product,2026-01-04 07:45:25,1
7261,SES01963,PROD064,view_product,2026-02-20 22:08:56,1
7262,SES01963,PROD026,view_product,2026-02-20 22:10:25,1
7263,SES01963,PROD090,view_product,2026-02-20 22:13:00,1
7264,SES01963,PROD010,view_product,2026-02-20 22:14:42,1
7265,SES01963,PROD033,view_product,2026-02-20 22:16:36,1
7266,SES01963,PROD064,add_to_cart,2026-02-20 22:19:41,1
7267,SES01963,PROD064,begin_checkout,2026-02-20 22:22:49,1
7268,SES01963,PROD064,purchase,2026-02-20 22:31:06,1
7269,SES01964,PROD042,view_product,2026-02-24 01:13:54,1
7270,SES01965,PROD019,view_product,2026-02-02 20:43:07,1
7271,SES01966,PROD009,view_product,2026-03-29 22:30:01,1
7272,SES01966,PROD051,view_product,2026-03-29 22:32:18,1
7273,SES01966,PROD036,view_product,2026-03-29 22:35:06,1
7274,SES01966,PROD036,add_to_cart,2026-03-29 22:39:03,1
7275,SES01967,PROD046,view_product,2026-03-04 06:57:46,1
7276,SES01968,PROD008,view_product,2026-01-27 18:37:44,1
7277,SES01968,PROD062,view_product,2026-01-27 18:39:08,1
7278,SES01968,PROD069,view_product,2026-01-27 18:41:36,1
7279,SES01968,PROD099,view_product,2026-01-27 18:42:34,1
7280,SES01968,PROD069,add_to_cart,2026-01-27 18:44:55,1
7281,SES01968,PROD069,begin_checkout,2026-01-27 18:47:26,1
7282,SES01969,PROD034,view_product,2026-03-04 13:16:14,1
7283,SES01970,PROD044,view_product,2026-02-08 23:13:41,1
7284,SES01970,PROD065,view_product,2026-02-08 23:15:48,1
7285,SES01970,PROD091,view_product,2026-02-08 23:15:59,1
7286,SES01970,PROD013,view_product,2026-02-08 23:16:33,1
7287,SES01970,PROD080,view_product,2026-02-08 23:18:16,1
7288,SES01970,PROD044,add_to_cart,2026-02-08 23:20:38,1
7289,SES01971,PROD045,view_product,2026-02-16 22:25:02,1
7290,SES01971,PROD010,view_product,2026-02-16 22:25:45,1
7291,SES01971,PROD045,add_to_cart,2026-02-16 22:29:04,1
7292,SES01971,PROD045,begin_checkout,2026-02-16 22:31:35,1
7293,SES01972,PROD097,view_product,2026-03-16 02:13:45,1
7294,SES01972,PROD062,view_product,2026-03-16 02:15:22,1
7295,SES01973,PROD042,view_product,2026-02-21 23:53:58,1
7296,SES01973,PROD016,view_product,2026-02-21 23:55:02,1
7297,SES01973,PROD010,view_product,2026-02-21 23:57:46,1
7298,SES01974,PROD039,view_product,2026-01-02 21:12:52,1
7299,SES01974,PROD090,view_product,2026-01-02 21:14:18,1
7300,SES01974,PROD015,view_product,2026-01-02 21:16:51,1
7301,SES01974,PROD040,view_product,2026-01-02 21:19:00,1
7302,SES01975,PROD031,view_product,2026-01-13 15:38:15,1
7303,SES01975,PROD089,view_product,2026-01-13 15:40:52,1
7304,SES01975,PROD009,view_product,2026-01-13 15:43:02,1
7305,SES01975,PROD023,view_product,2026-01-13 15:45:07,1
7306,SES01975,PROD039,view_product,2026-01-13 15:46:17,1
7307,SES01976,PROD039,view_product,2026-02-14 18:26:14,1
7308,SES01976,PROD025,view_product,2026-02-14 18:27:14,1
7309,SES01976,PROD082,view_product,2026-02-14 18:30:05,1
7310,SES01977,PROD078,view_product,2026-03-02 10:52:30,1
7311,SES01977,PROD049,view_product,2026-03-02 10:54:41,1
7312,SES01977,PROD049,add_to_cart,2026-03-02 10:58:33,1
7313,SES01977,PROD049,begin_checkout,2026-03-02 11:03:28,1
7314,SES01978,PROD035,view_product,2026-03-01 13:20:07,1
7315,SES01978,PROD069,view_product,2026-03-01 13:20:21,1
7316,SES01979,PROD093,view_product,2026-03-25 21:36:27,1
7317,SES01980,PROD017,view_product,2026-03-09 20:49:18,1
7318,SES01980,PROD037,view_product,2026-03-09 20:50:03,1
7319,SES01980,PROD022,view_product,2026-03-09 20:50:45,1
7320,SES01980,PROD052,view_product,2026-03-09 20:52:28,1
7321,SES01980,PROD037,add_to_cart,2026-03-09 20:53:39,2
7322,SES01980,PROD037,begin_checkout,2026-03-09 20:56:07,2
7323,SES01980,PROD037,purchase,2026-03-09 20:58:33,2
7324,SES01981,PROD014,view_product,2026-02-13 17:37:25,1
7325,SES01981,PROD091,view_product,2026-02-13 17:39:32,1
7326,SES01981,PROD014,add_to_cart,2026-02-13 17:40:03,1
7327,SES01981,PROD014,begin_checkout,2026-02-13 17:43:21,1
7328,SES01981,PROD014,purchase,2026-02-13 17:44:34,1
7329,SES01982,PROD095,view_product,2026-03-01 15:06:55,1
7330,SES01982,PROD035,view_product,2026-03-01 15:09:32,1
7331,SES01982,PROD058,view_product,2026-03-01 15:11:59,1
7332,SES01982,PROD040,view_product,2026-03-01 15:14:52,1
7333,SES01982,PROD021,view_product,2026-03-01 15:16:04,1
7334,SES01983,PROD089,view_product,2026-03-04 20:31:36,1
7335,SES01983,PROD062,view_product,2026-03-04 20:34:18,1
7336,SES01983,PROD011,view_product,2026-03-04 20:34:33,1
7337,SES01983,PROD046,view_product,2026-03-04 20:35:26,1
7338,SES01983,PROD062,add_to_cart,2026-03-04 20:37:40,1
7339,SES01984,PROD003,view_product,2026-02-22 01:45:46,1
7340,SES01984,PROD074,view_product,2026-02-22 01:47:46,1
7341,SES01984,PROD005,view_product,2026-02-22 01:49:12,1
7342,SES01984,PROD091,view_product,2026-02-22 01:51:18,1
7343,SES01984,PROD082,view_product,2026-02-22 01:53:12,1
7344,SES01984,PROD005,add_to_cart,2026-02-22 01:55:22,1
7345,SES01984,PROD005,begin_checkout,2026-02-22 01:57:59,1
7346,SES01985,PROD023,view_product,2026-03-05 22:47:50,1
7347,SES01985,PROD083,view_product,2026-03-05 22:49:42,1
7348,SES01985,PROD032,view_product,2026-03-05 22:52:30,1
7349,SES01986,PROD035,view_product,2026-03-06 23:18:34,1
7350,SES01986,PROD074,view_product,2026-03-06 23:19:34,1
7351,SES01986,PROD029,view_product,2026-03-06 23:21:02,1
7352,SES01987,PROD024,view_product,2026-01-02 20:49:58,1
7353,SES01987,PROD089,view_product,2026-01-02 20:52:30,1
7354,SES01987,PROD045,view_product,2026-01-02 20:53:36,1
7355,SES01987,PROD023,view_product,2026-01-02 20:55:11,1
7356,SES01987,PROD066,view_product,2026-01-02 20:57:17,1
7357,SES01987,PROD066,add_to_cart,2026-01-02 20:58:28,1
7358,SES01987,PROD066,begin_checkout,2026-01-02 21:03:04,1
7359,SES01987,PROD066,purchase,2026-01-02 21:09:52,1
7360,SES01988,PROD055,view_product,2026-03-07 22:41:36,1
7361,SES01988,PROD040,view_product,2026-03-07 22:42:31,1
7362,SES01988,PROD040,add_to_cart,2026-03-07 22:42:51,2
7363,SES01989,PROD045,view_product,2026-03-21 12:16:29,1
7364,SES01989,PROD006,view_product,2026-03-21 12:16:57,1
7365,SES01989,PROD045,add_to_cart,2026-03-21 12:17:45,1
7366,SES01989,PROD045,begin_checkout,2026-03-21 12:18:29,1
7367,SES01989,PROD045,purchase,2026-03-21 12:21:00,1
7368,SES01990,PROD082,view_product,2026-02-18 09:58:31,1
7369,SES01990,PROD090,view_product,2026-02-18 09:59:19,1
7370,SES01990,PROD007,view_product,2026-02-18 10:00:07,1
7371,SES01991,PROD010,view_product,2026-03-07 13:09:07,1
7372,SES01991,PROD011,view_product,2026-03-07 13:09:57,1
7373,SES01991,PROD076,view_product,2026-03-07 13:11:42,1
7374,SES01992,PROD063,view_product,2026-01-13 18:40:48,1
7375,SES01992,PROD063,add_to_cart,2026-01-13 18:44:33,2
7376,SES01993,PROD094,view_product,2026-02-03 12:32:14,1
7377,SES01993,PROD089,view_product,2026-02-03 12:35:00,1
7378,SES01994,PROD043,view_product,2026-01-07 15:22:43,1
7379,SES01995,PROD023,view_product,2026-03-28 19:32:11,1
7380,SES01995,PROD066,view_product,2026-03-28 19:35:07,1
7381,SES01995,PROD066,add_to_cart,2026-03-28 19:35:26,1
7382,SES01996,PROD085,view_product,2026-03-23 15:05:33,1
7383,SES01996,PROD047,view_product,2026-03-23 15:06:16,1
7384,SES01996,PROD092,view_product,2026-03-23 15:06:28,1
7385,SES01996,PROD056,view_product,2026-03-23 15:06:38,1
7386,SES01996,PROD031,view_product,2026-03-23 15:08:45,1
7387,SES01997,PROD065,view_product,2026-01-15 22:30:43,1
7388,SES01997,PROD046,view_product,2026-01-15 22:33:25,1
7389,SES01997,PROD086,view_product,2026-01-15 22:35:29,1
7390,SES01997,PROD084,view_product,2026-01-15 22:37:36,1
7391,SES01998,PROD006,view_product,2026-03-31 02:27:12,1
7392,SES01998,PROD096,view_product,2026-03-31 02:27:33,1
7393,SES01998,PROD098,view_product,2026-03-31 02:28:03,1
7394,SES01998,PROD076,view_product,2026-03-31 02:29:25,1
7395,SES01998,PROD005,view_product,2026-03-31 02:31:21,1
7396,SES01999,PROD068,view_product,2026-03-13 03:18:43,1
7397,SES01999,PROD065,view_product,2026-03-13 03:19:46,1
7398,SES01999,PROD072,view_product,2026-03-13 03:20:05,1
7399,SES01999,PROD013,view_product,2026-03-13 03:21:26,1
7400,SES01999,PROD069,view_product,2026-03-13 03:23:16,1
7401,SES02000,PROD091,view_product,2026-02-20 18:41:36,1
7402,SES02000,PROD069,view_product,2026-02-20 18:44:01,1
7403,SES02000,PROD094,view_product,2026-02-20 18:45:41,1
7404,SES02000,PROD046,view_product,2026-02-20 18:47:38,1
7405,SES02001,PROD098,view_product,2026-01-04 10:00:56,1
7406,SES02001,PROD072,view_product,2026-01-04 10:03:08,1
7407,SES02001,PROD069,view_product,2026-01-04 10:04:03,1
7408,SES02001,PROD021,view_product,2026-01-04 10:06:27,1
7409,SES02001,PROD021,add_to_cart,2026-01-04 10:09:44,2
7410,SES02001,PROD021,begin_checkout,2026-01-04 10:10:14,2
7411,SES02002,PROD058,view_product,2026-01-11 21:36:02,1
7412,SES02002,PROD020,view_product,2026-01-11 21:38:09,1
7413,SES02002,PROD081,view_product,2026-01-11 21:39:12,1
7414,SES02002,PROD020,add_to_cart,2026-01-11 21:41:39,1
7415,SES02002,PROD020,begin_checkout,2026-01-11 21:42:23,1
7416,SES02003,PROD075,view_product,2026-02-28 14:40:44,1
7417,SES02003,PROD081,view_product,2026-02-28 14:41:59,1
7418,SES02003,PROD073,view_product,2026-02-28 14:43:37,1
7419,SES02003,PROD048,view_product,2026-02-28 14:44:59,1
7420,SES02003,PROD014,view_product,2026-02-28 14:47:44,1
7421,SES02004,PROD056,view_product,2026-01-27 06:22:06,1
7422,SES02005,PROD013,view_product,2026-01-07 15:21:37,1
7423,SES02005,PROD011,view_product,2026-01-07 15:23:37,1
7424,SES02005,PROD055,view_product,2026-01-07 15:23:58,1
7425,SES02005,PROD039,view_product,2026-01-07 15:25:37,1
7426,SES02006,PROD065,view_product,2026-03-22 00:43:31,1
7427,SES02007,PROD068,view_product,2026-03-23 18:42:42,1
7428,SES02007,PROD045,view_product,2026-03-23 18:43:46,1
7429,SES02007,PROD055,view_product,2026-03-23 18:44:57,1
7430,SES02008,PROD064,view_product,2026-03-16 17:54:26,1
7431,SES02008,PROD089,view_product,2026-03-16 17:57:07,1
7432,SES02008,PROD072,view_product,2026-03-16 17:57:58,1
7433,SES02008,PROD062,view_product,2026-03-16 17:59:54,1
7434,SES02008,PROD072,add_to_cart,2026-03-16 18:03:01,1
7435,SES02008,PROD072,begin_checkout,2026-03-16 18:04:23,1
7436,SES02008,PROD072,purchase,2026-03-16 18:06:21,1
7437,SES02009,PROD038,view_product,2026-02-02 17:20:27,1
7438,SES02009,PROD076,view_product,2026-02-02 17:20:46,1
7439,SES02009,PROD005,view_product,2026-02-02 17:23:46,1
7440,SES02010,PROD081,view_product,2026-03-23 20:12:38,1
7441,SES02010,PROD059,view_product,2026-03-23 20:14:50,1
7442,SES02010,PROD031,view_product,2026-03-23 20:15:34,1
7443,SES02010,PROD067,view_product,2026-03-23 20:17:03,1
7444,SES02010,PROD067,add_to_cart,2026-03-23 20:18:09,1
7445,SES02011,PROD075,view_product,2026-01-22 08:05:02,1
7446,SES02011,PROD075,add_to_cart,2026-01-22 08:06:35,1
7447,SES02012,PROD073,view_product,2026-03-09 03:39:51,1
7448,SES02012,PROD083,view_product,2026-03-09 03:41:46,1
7449,SES02012,PROD053,view_product,2026-03-09 03:43:35,1
7450,SES02012,PROD041,view_product,2026-03-09 03:44:24,1
7451,SES02013,PROD019,view_product,2026-01-10 16:30:31,1
7452,SES02013,PROD044,view_product,2026-01-10 16:32:36,1
7453,SES02014,PROD037,view_product,2026-01-17 02:40:56,1
7454,SES02014,PROD005,view_product,2026-01-17 02:42:43,1
7455,SES02015,PROD073,view_product,2026-01-18 21:50:39,1
7456,SES02015,PROD095,view_product,2026-01-18 21:53:30,1
7457,SES02015,PROD006,view_product,2026-01-18 21:54:22,1
7458,SES02015,PROD034,view_product,2026-01-18 21:56:41,1
7459,SES02015,PROD014,view_product,2026-01-18 21:56:54,1
7460,SES02015,PROD034,add_to_cart,2026-01-18 21:57:20,1
7461,SES02016,PROD068,view_product,2026-03-24 12:12:05,1
7462,SES02016,PROD071,view_product,2026-03-24 12:14:19,1
7463,SES02016,PROD038,view_product,2026-03-24 12:17:11,1
7464,SES02016,PROD099,view_product,2026-03-24 12:19:58,1
7465,SES02016,PROD099,add_to_cart,2026-03-24 12:21:59,1
7466,SES02016,PROD099,begin_checkout,2026-03-24 12:23:40,1
7467,SES02017,PROD039,view_product,2026-03-20 16:10:49,1
7468,SES02017,PROD020,view_product,2026-03-20 16:11:39,1
7469,SES02017,PROD002,view_product,2026-03-20 16:12:55,1
7470,SES02018,PROD060,view_product,2026-03-30 04:58:13,1
7471,SES02018,PROD031,view_product,2026-03-30 04:58:42,1
7472,SES02018,PROD060,add_to_cart,2026-03-30 04:59:15,1
7473,SES02019,PROD087,view_product,2026-03-30 16:23:13,1
7474,SES02019,PROD049,view_product,2026-03-30 16:24:30,1
7475,SES02019,PROD081,view_product,2026-03-30 16:25:11,1
7476,SES02019,PROD076,view_product,2026-03-30 16:27:55,1
7477,SES02020,PROD065,view_product,2026-03-03 14:32:38,1
7478,SES02021,PROD049,view_product,2026-02-26 07:55:07,1
7479,SES02021,PROD085,view_product,2026-02-26 07:55:53,1
7480,SES02021,PROD087,view_product,2026-02-26 07:57:20,1
7481,SES02022,PROD034,view_product,2026-02-28 12:39:46,1
7482,SES02022,PROD011,view_product,2026-02-28 12:40:19,1
7483,SES02022,PROD034,add_to_cart,2026-02-28 12:41:02,1
7484,SES02023,PROD011,view_product,2026-02-24 14:25:11,1
7485,SES02023,PROD090,view_product,2026-02-24 14:26:01,1
7486,SES02023,PROD091,view_product,2026-02-24 14:27:31,1
7487,SES02024,PROD047,view_product,2026-01-01 05:12:36,1
7488,SES02024,PROD054,view_product,2026-01-01 05:12:58,1
7489,SES02024,PROD001,view_product,2026-01-01 05:14:46,1
7490,SES02024,PROD074,view_product,2026-01-01 05:16:52,1
7491,SES02024,PROD096,view_product,2026-01-01 05:17:27,1
7492,SES02024,PROD096,add_to_cart,2026-01-01 05:18:36,1
7493,SES02024,PROD096,begin_checkout,2026-01-01 05:20:47,1
7494,SES02024,PROD096,purchase,2026-01-01 05:27:49,1
7495,SES02025,PROD077,view_product,2026-01-16 19:17:37,1
7496,SES02025,PROD035,view_product,2026-01-16 19:17:53,1
7497,SES02025,PROD007,view_product,2026-01-16 19:18:59,1
7498,SES02025,PROD059,view_product,2026-01-16 19:20:03,1
7499,SES02026,PROD068,view_product,2026-01-26 18:44:15,1
7500,SES02026,PROD058,view_product,2026-01-26 18:47:00,1
7501,SES02026,PROD001,view_product,2026-01-26 18:47:37,1
7502,SES02026,PROD078,view_product,2026-01-26 18:48:45,1
7503,SES02026,PROD030,view_product,2026-01-26 18:50:35,1
7504,SES02027,PROD039,view_product,2026-01-29 01:15:39,1
7505,SES02027,PROD010,view_product,2026-01-29 01:16:46,1
7506,SES02027,PROD001,view_product,2026-01-29 01:17:38,1
7507,SES02027,PROD050,view_product,2026-01-29 01:19:37,1
7508,SES02028,PROD051,view_product,2026-03-10 05:42:06,1
7509,SES02028,PROD031,view_product,2026-03-10 05:42:36,1
7510,SES02028,PROD012,view_product,2026-03-10 05:42:52,1
7511,SES02028,PROD088,view_product,2026-03-10 05:45:18,1
7512,SES02029,PROD005,view_product,2026-03-18 09:23:47,1
7513,SES02029,PROD050,view_product,2026-03-18 09:25:08,1
7514,SES02029,PROD037,view_product,2026-03-18 09:27:10,1
7515,SES02029,PROD003,view_product,2026-03-18 09:28:34,1
7516,SES02030,PROD067,view_product,2026-03-30 15:05:47,1
7517,SES02030,PROD076,view_product,2026-03-30 15:06:14,1
7518,SES02030,PROD035,view_product,2026-03-30 15:08:23,1
7519,SES02030,PROD066,view_product,2026-03-30 15:08:36,1
7520,SES02030,PROD033,view_product,2026-03-30 15:11:32,1
7521,SES02030,PROD067,add_to_cart,2026-03-30 15:12:00,1
7522,SES02031,PROD084,view_product,2026-03-27 03:47:32,1
7523,SES02031,PROD062,view_product,2026-03-27 03:50:08,1
7524,SES02032,PROD014,view_product,2026-03-21 05:09:19,1
7525,SES02032,PROD015,view_product,2026-03-21 05:09:42,1
7526,SES02032,PROD010,view_product,2026-03-21 05:10:01,1
7527,SES02032,PROD057,view_product,2026-03-21 05:11:22,1
7528,SES02032,PROD074,view_product,2026-03-21 05:14:09,1
7529,SES02032,PROD014,add_to_cart,2026-03-21 05:15:39,1
7530,SES02032,PROD014,begin_checkout,2026-03-21 05:19:11,1
7531,SES02032,PROD014,purchase,2026-03-21 05:27:24,1
7532,SES02033,PROD090,view_product,2026-03-06 06:32:34,1
7533,SES02033,PROD044,view_product,2026-03-06 06:35:09,1
7534,SES02033,PROD048,view_product,2026-03-06 06:35:46,1
7535,SES02033,PROD021,view_product,2026-03-06 06:37:58,1
7536,SES02034,PROD040,view_product,2026-03-24 16:26:31,1
7537,SES02035,PROD092,view_product,2026-03-18 05:56:02,1
7538,SES02035,PROD015,view_product,2026-03-18 05:58:57,1
7539,SES02035,PROD095,view_product,2026-03-18 06:01:03,1
7540,SES02035,PROD079,view_product,2026-03-18 06:02:13,1
7541,SES02035,PROD079,add_to_cart,2026-03-18 06:04:53,1
7542,SES02036,PROD026,view_product,2026-02-03 00:41:00,1
7543,SES02036,PROD096,view_product,2026-02-03 00:42:39,1
7544,SES02037,PROD085,view_product,2026-03-23 23:00:13,1
7545,SES02037,PROD050,view_product,2026-03-23 23:00:46,1
7546,SES02037,PROD071,view_product,2026-03-23 23:02:02,1
7547,SES02037,PROD059,view_product,2026-03-23 23:02:32,1
7548,SES02038,PROD078,view_product,2026-01-27 13:17:12,1
7549,SES02038,PROD050,view_product,2026-01-27 13:17:23,1
7550,SES02038,PROD057,view_product,2026-01-27 13:19:06,1
7551,SES02038,PROD005,view_product,2026-01-27 13:20:49,1
7552,SES02039,PROD050,view_product,2026-02-14 00:20:17,1
7553,SES02039,PROD050,add_to_cart,2026-02-14 00:23:02,1
7554,SES02039,PROD050,begin_checkout,2026-02-14 00:25:08,1
7555,SES02040,PROD089,view_product,2026-01-30 08:20:22,1
7556,SES02040,PROD077,view_product,2026-01-30 08:23:21,1
7557,SES02040,PROD058,view_product,2026-01-30 08:26:11,1
7558,SES02040,PROD002,view_product,2026-01-30 08:29:06,1
7559,SES02040,PROD014,view_product,2026-01-30 08:30:39,1
7560,SES02040,PROD089,add_to_cart,2026-01-30 08:31:53,2
7561,SES02040,PROD089,begin_checkout,2026-01-30 08:34:24,2
7562,SES02040,PROD089,purchase,2026-01-30 08:37:39,2
7563,SES02041,PROD096,view_product,2026-01-10 14:50:36,1
7564,SES02041,PROD075,view_product,2026-01-10 14:51:18,1
7565,SES02041,PROD020,view_product,2026-01-10 14:54:02,1
7566,SES02041,PROD047,view_product,2026-01-10 14:56:58,1
7567,SES02041,PROD096,add_to_cart,2026-01-10 14:57:57,1
7568,SES02041,PROD096,begin_checkout,2026-01-10 14:58:54,1
7569,SES02042,PROD011,view_product,2026-03-21 12:28:23,1
7570,SES02043,PROD099,view_product,2026-02-14 15:09:47,1
7571,SES02043,PROD096,view_product,2026-02-14 15:12:08,1
7572,SES02043,PROD080,view_product,2026-02-14 15:12:38,1
7573,SES02043,PROD099,add_to_cart,2026-02-14 15:12:53,2
7574,SES02043,PROD099,begin_checkout,2026-02-14 15:17:45,2
7575,SES02043,PROD099,purchase,2026-02-14 15:22:02,2
7576,SES02044,PROD052,view_product,2026-03-22 19:12:12,1
7577,SES02044,PROD062,view_product,2026-03-22 19:12:40,1
7578,SES02044,PROD017,view_product,2026-03-22 19:13:05,1
7579,SES02044,PROD026,view_product,2026-03-22 19:14:22,1
7580,SES02044,PROD087,view_product,2026-03-22 19:17:22,1
7581,SES02044,PROD052,add_to_cart,2026-03-22 19:19:36,1
7582,SES02045,PROD009,view_product,2026-03-29 11:35:38,1
7583,SES02045,PROD078,view_product,2026-03-29 11:38:03,1
7584,SES02045,PROD018,view_product,2026-03-29 11:40:33,1
7585,SES02045,PROD017,view_product,2026-03-29 11:41:17,1
7586,SES02046,PROD016,view_product,2026-01-08 22:10:30,1
7587,SES02046,PROD062,view_product,2026-01-08 22:13:23,1
7588,SES02046,PROD050,view_product,2026-01-08 22:16:14,1
7589,SES02047,PROD089,view_product,2026-01-16 02:28:59,1
7590,SES02048,PROD053,view_product,2026-01-31 18:22:57,1
7591,SES02049,PROD094,view_product,2026-02-12 21:03:54,1
7592,SES02049,PROD030,view_product,2026-02-12 21:06:20,1
7593,SES02049,PROD085,view_product,2026-02-12 21:07:08,1
7594,SES02049,PROD023,view_product,2026-02-12 21:10:00,1
7595,SES02049,PROD044,view_product,2026-02-12 21:11:52,1
7596,SES02050,PROD075,view_product,2026-01-17 23:22:04,1
7597,SES02050,PROD034,view_product,2026-01-17 23:23:36,1
7598,SES02050,PROD078,view_product,2026-01-17 23:24:28,1
7599,SES02050,PROD080,view_product,2026-01-17 23:25:25,1
7600,SES02050,PROD080,add_to_cart,2026-01-17 23:26:46,1
7601,SES02050,PROD080,begin_checkout,2026-01-17 23:31:42,1
7602,SES02051,PROD056,view_product,2026-03-19 19:29:48,1
7603,SES02051,PROD065,view_product,2026-03-19 19:30:54,1
7604,SES02051,PROD015,view_product,2026-03-19 19:31:15,1
7605,SES02051,PROD010,view_product,2026-03-19 19:33:14,1
7606,SES02051,PROD040,view_product,2026-03-19 19:34:29,1
7607,SES02051,PROD040,add_to_cart,2026-03-19 19:37:07,1
7608,SES02051,PROD040,begin_checkout,2026-03-19 19:38:20,1
7609,SES02052,PROD090,view_product,2026-03-07 12:28:17,1
7610,SES02052,PROD022,view_product,2026-03-07 12:30:29,1
7611,SES02052,PROD100,view_product,2026-03-07 12:33:15,1
7612,SES02052,PROD062,view_product,2026-03-07 12:33:38,1
7613,SES02052,PROD100,add_to_cart,2026-03-07 12:36:49,1
7614,SES02052,PROD100,begin_checkout,2026-03-07 12:39:35,1
7615,SES02053,PROD051,view_product,2026-02-15 10:26:37,1
7616,SES02053,PROD093,view_product,2026-02-15 10:27:35,1
7617,SES02053,PROD003,view_product,2026-02-15 10:29:07,1
7618,SES02053,PROD028,view_product,2026-02-15 10:31:27,1
7619,SES02053,PROD051,add_to_cart,2026-02-15 10:33:03,1
7620,SES02053,PROD051,begin_checkout,2026-02-15 10:37:43,1
7621,SES02054,PROD063,view_product,2026-03-25 16:11:53,1
7622,SES02054,PROD075,view_product,2026-03-25 16:12:20,1
7623,SES02054,PROD041,view_product,2026-03-25 16:14:54,1
7624,SES02055,PROD010,view_product,2026-01-25 17:51:52,1
7625,SES02056,PROD019,view_product,2026-02-14 06:42:29,1
7626,SES02056,PROD046,view_product,2026-02-14 06:44:29,1
7627,SES02056,PROD051,view_product,2026-02-14 06:45:05,1
7628,SES02056,PROD084,view_product,2026-02-14 06:45:41,1
7629,SES02056,PROD051,add_to_cart,2026-02-14 06:46:37,1
7630,SES02056,PROD051,begin_checkout,2026-02-14 06:47:22,1
7631,SES02057,PROD074,view_product,2026-01-25 04:49:46,1
7632,SES02057,PROD022,view_product,2026-01-25 04:51:00,1
7633,SES02058,PROD015,view_product,2026-01-29 16:03:49,1
7634,SES02058,PROD006,view_product,2026-01-29 16:06:12,1
7635,SES02059,PROD070,view_product,2026-01-30 06:51:15,1
7636,SES02059,PROD045,view_product,2026-01-30 06:51:25,1
7637,SES02059,PROD020,view_product,2026-01-30 06:53:35,1
7638,SES02059,PROD070,add_to_cart,2026-01-30 06:57:26,1
7639,SES02059,PROD070,begin_checkout,2026-01-30 07:00:27,1
7640,SES02059,PROD070,purchase,2026-01-30 07:09:28,1
7641,SES02060,PROD098,view_product,2026-03-11 13:31:18,1
7642,SES02060,PROD027,view_product,2026-03-11 13:31:44,1
7643,SES02060,PROD081,view_product,2026-03-11 13:32:34,1
7644,SES02060,PROD051,view_product,2026-03-11 13:35:23,1
7645,SES02061,PROD011,view_product,2026-03-08 10:51:04,1
7646,SES02061,PROD005,view_product,2026-03-08 10:53:52,1
7647,SES02061,PROD066,view_product,2026-03-08 10:55:19,1
7648,SES02062,PROD002,view_product,2026-01-13 12:11:34,1
7649,SES02063,PROD096,view_product,2026-01-14 01:46:30,1
7650,SES02063,PROD084,view_product,2026-01-14 01:47:39,1
7651,SES02063,PROD096,add_to_cart,2026-01-14 01:50:48,1
7652,SES02063,PROD096,begin_checkout,2026-01-14 01:53:38,1
7653,SES02064,PROD019,view_product,2026-03-12 21:09:30,1
7654,SES02064,PROD072,view_product,2026-03-12 21:11:21,1
7655,SES02064,PROD004,view_product,2026-03-12 21:12:27,1
7656,SES02064,PROD078,view_product,2026-03-12 21:13:08,1
7657,SES02064,PROD015,view_product,2026-03-12 21:15:06,1
7658,SES02065,PROD002,view_product,2026-03-23 04:22:10,1
7659,SES02065,PROD032,view_product,2026-03-23 04:23:25,1
7660,SES02065,PROD027,view_product,2026-03-23 04:25:10,1
7661,SES02065,PROD032,add_to_cart,2026-03-23 04:25:29,1
7662,SES02065,PROD032,begin_checkout,2026-03-23 04:29:42,1
7663,SES02065,PROD032,purchase,2026-03-23 04:38:37,1
7664,SES02066,PROD043,view_product,2026-03-18 14:02:14,1
7665,SES02066,PROD043,add_to_cart,2026-03-18 14:04:57,1
7666,SES02067,PROD013,view_product,2026-01-17 12:01:48,1
7667,SES02067,PROD016,view_product,2026-01-17 12:03:19,1
7668,SES02067,PROD046,view_product,2026-01-17 12:03:33,1
7669,SES02068,PROD013,view_product,2026-02-09 14:35:53,1
7670,SES02068,PROD094,view_product,2026-02-09 14:36:34,1
7671,SES02068,PROD093,view_product,2026-02-09 14:38:08,1
7672,SES02068,PROD099,view_product,2026-02-09 14:38:59,1
7673,SES02069,PROD007,view_product,2026-03-09 14:33:52,1
7674,SES02069,PROD042,view_product,2026-03-09 14:36:47,1
7675,SES02069,PROD065,view_product,2026-03-09 14:38:50,1
7676,SES02069,PROD071,view_product,2026-03-09 14:41:42,1
7677,SES02069,PROD025,view_product,2026-03-09 14:43:09,1
7678,SES02069,PROD065,add_to_cart,2026-03-09 14:46:23,1
7679,SES02070,PROD047,view_product,2026-02-02 23:56:51,1
7680,SES02070,PROD006,view_product,2026-02-02 23:58:25,1
7681,SES02070,PROD099,view_product,2026-02-02 23:59:15,1
7682,SES02070,PROD014,view_product,2026-02-03 00:00:48,1
7683,SES02070,PROD012,view_product,2026-02-03 00:02:19,1
7684,SES02071,PROD052,view_product,2026-02-13 05:41:32,1
7685,SES02071,PROD006,view_product,2026-02-13 05:42:03,1
7686,SES02072,PROD069,view_product,2026-01-24 02:31:52,1
7687,SES02072,PROD065,view_product,2026-01-24 02:34:02,1
7688,SES02072,PROD001,view_product,2026-01-24 02:34:42,1
7689,SES02073,PROD029,view_product,2026-03-13 00:36:54,1
7690,SES02073,PROD048,view_product,2026-03-13 00:39:53,1
7691,SES02073,PROD090,view_product,2026-03-13 00:41:36,1
7692,SES02073,PROD043,view_product,2026-03-13 00:44:18,1
7693,SES02073,PROD089,view_product,2026-03-13 00:45:14,1
7694,SES02073,PROD090,add_to_cart,2026-03-13 00:47:22,1
7695,SES02073,PROD090,begin_checkout,2026-03-13 00:52:05,1
7696,SES02073,PROD090,purchase,2026-03-13 00:54:35,1
7697,SES02074,PROD060,view_product,2026-03-20 14:47:38,1
7698,SES02074,PROD053,view_product,2026-03-20 14:48:52,1
7699,SES02074,PROD019,view_product,2026-03-20 14:50:25,1
7700,SES02075,PROD068,view_product,2026-01-01 01:18:56,1
7701,SES02075,PROD074,view_product,2026-01-01 01:19:33,1
7702,SES02075,PROD060,view_product,2026-01-01 01:21:12,1
7703,SES02076,PROD091,view_product,2026-01-18 15:02:04,1
7704,SES02076,PROD067,view_product,2026-01-18 15:02:29,1
7705,SES02076,PROD077,view_product,2026-01-18 15:02:40,1
7706,SES02076,PROD100,view_product,2026-01-18 15:05:01,1
7707,SES02076,PROD100,add_to_cart,2026-01-18 15:08:27,1
7708,SES02076,PROD100,begin_checkout,2026-01-18 15:13:16,1
7709,SES02077,PROD036,view_product,2026-02-26 23:08:52,1
7710,SES02077,PROD050,view_product,2026-02-26 23:10:05,1
7711,SES02077,PROD014,view_product,2026-02-26 23:12:41,1
7712,SES02077,PROD095,view_product,2026-02-26 23:15:25,1
7713,SES02078,PROD090,view_product,2026-03-24 02:30:15,1
7714,SES02078,PROD051,view_product,2026-03-24 02:31:19,1
7715,SES02078,PROD007,view_product,2026-03-24 02:33:42,1
7716,SES02079,PROD047,view_product,2026-03-07 16:41:32,1
7717,SES02079,PROD094,view_product,2026-03-07 16:43:23,1
7718,SES02079,PROD083,view_product,2026-03-07 16:45:44,1
7719,SES02079,PROD072,view_product,2026-03-07 16:48:40,1
7720,SES02079,PROD079,view_product,2026-03-07 16:49:16,1
7721,SES02080,PROD092,view_product,2026-02-25 20:46:35,1
7722,SES02080,PROD092,add_to_cart,2026-02-25 20:48:57,1
7723,SES02080,PROD092,begin_checkout,2026-02-25 20:51:59,1
7724,SES02081,PROD036,view_product,2026-03-04 09:19:54,1
7725,SES02081,PROD015,view_product,2026-03-04 09:21:47,1
7726,SES02081,PROD006,view_product,2026-03-04 09:24:25,1
7727,SES02082,PROD084,view_product,2026-02-07 10:33:03,1
7728,SES02082,PROD030,view_product,2026-02-07 10:34:43,1
7729,SES02082,PROD039,view_product,2026-02-07 10:37:18,1
7730,SES02082,PROD030,add_to_cart,2026-02-07 10:40:57,1
7731,SES02083,PROD081,view_product,2026-03-31 00:59:41,1
7732,SES02083,PROD082,view_product,2026-03-31 01:00:04,1
7733,SES02083,PROD091,view_product,2026-03-31 01:02:12,1
7734,SES02084,PROD097,view_product,2026-02-05 07:55:14,1
7735,SES02084,PROD029,view_product,2026-02-05 07:58:14,1
7736,SES02084,PROD087,view_product,2026-02-05 08:00:45,1
7737,SES02084,PROD064,view_product,2026-02-05 08:01:13,1
7738,SES02084,PROD043,view_product,2026-02-05 08:02:59,1
7739,SES02085,PROD008,view_product,2026-01-30 18:26:20,1
7740,SES02085,PROD057,view_product,2026-01-30 18:26:55,1
7741,SES02086,PROD041,view_product,2026-02-15 05:08:41,1
7742,SES02086,PROD085,view_product,2026-02-15 05:11:35,1
7743,SES02087,PROD092,view_product,2026-02-07 15:54:28,1
7744,SES02087,PROD065,view_product,2026-02-07 15:55:50,1
7745,SES02087,PROD092,add_to_cart,2026-02-07 15:58:35,1
7746,SES02088,PROD012,view_product,2026-03-08 05:27:44,1
7747,SES02088,PROD098,view_product,2026-03-08 05:29:34,1
7748,SES02088,PROD012,add_to_cart,2026-03-08 05:31:09,1
7749,SES02089,PROD089,view_product,2026-01-28 15:31:13,1
7750,SES02089,PROD007,view_product,2026-01-28 15:32:31,1
7751,SES02089,PROD025,view_product,2026-01-28 15:34:44,1
7752,SES02089,PROD018,view_product,2026-01-28 15:36:58,1
7753,SES02089,PROD017,view_product,2026-01-28 15:37:27,1
7754,SES02089,PROD017,add_to_cart,2026-01-28 15:37:50,1
7755,SES02089,PROD017,begin_checkout,2026-01-28 15:41:22,1
7756,SES02089,PROD017,purchase,2026-01-28 15:48:14,1
7757,SES02090,PROD040,view_product,2026-01-12 00:36:14,1
7758,SES02090,PROD034,view_product,2026-01-12 00:38:24,1
7759,SES02090,PROD047,view_product,2026-01-12 00:40:14,1
7760,SES02090,PROD073,view_product,2026-01-12 00:40:52,1
7761,SES02091,PROD062,view_product,2026-03-06 08:08:28,1
7762,SES02091,PROD087,view_product,2026-03-06 08:10:25,1
7763,SES02091,PROD087,add_to_cart,2026-03-06 08:11:06,1
7764,SES02092,PROD047,view_product,2026-02-22 12:41:55,1
7765,SES02092,PROD047,add_to_cart,2026-02-22 12:43:40,1
7766,SES02092,PROD047,begin_checkout,2026-02-22 12:44:12,1
7767,SES02093,PROD028,view_product,2026-02-03 00:30:55,1
7768,SES02093,PROD091,view_product,2026-02-03 00:33:12,1
7769,SES02093,PROD043,view_product,2026-02-03 00:35:29,1
7770,SES02093,PROD055,view_product,2026-02-03 00:37:43,1
7771,SES02094,PROD063,view_product,2026-03-31 14:36:13,1
7772,SES02094,PROD053,view_product,2026-03-31 14:38:50,1
7773,SES02095,PROD052,view_product,2026-02-09 21:52:06,1
7774,SES02095,PROD073,view_product,2026-02-09 21:55:05,1
7775,SES02096,PROD088,view_product,2026-02-11 04:12:43,1
7776,SES02096,PROD024,view_product,2026-02-11 04:13:08,1
7777,SES02097,PROD005,view_product,2026-01-03 06:26:56,1
7778,SES02097,PROD056,view_product,2026-01-03 06:28:33,1
7779,SES02097,PROD083,view_product,2026-01-03 06:29:10,1
7780,SES02097,PROD060,view_product,2026-01-03 06:30:04,1
7781,SES02097,PROD004,view_product,2026-01-03 06:30:23,1
7782,SES02097,PROD004,add_to_cart,2026-01-03 06:31:42,2
7783,SES02097,PROD004,begin_checkout,2026-01-03 06:32:28,2
7784,SES02097,PROD004,purchase,2026-01-03 06:41:35,2
7785,SES02098,PROD076,view_product,2026-03-11 09:39:06,1
7786,SES02098,PROD095,view_product,2026-03-11 09:39:34,1
7787,SES02099,PROD044,view_product,2026-03-18 00:59:56,1
7788,SES02099,PROD044,add_to_cart,2026-03-18 01:01:57,1
7789,SES02099,PROD044,begin_checkout,2026-03-18 01:02:55,1
7790,SES02100,PROD024,view_product,2026-01-23 15:20:24,1
7791,SES02100,PROD059,view_product,2026-01-23 15:21:54,1
7792,SES02100,PROD100,view_product,2026-01-23 15:23:17,1
7793,SES02101,PROD019,view_product,2026-03-28 23:56:05,1
7794,SES02101,PROD008,view_product,2026-03-28 23:59:04,1
7795,SES02101,PROD052,view_product,2026-03-29 00:01:26,1
7796,SES02101,PROD025,view_product,2026-03-29 00:01:42,1
7797,SES02101,PROD020,view_product,2026-03-29 00:02:12,1
7798,SES02102,PROD091,view_product,2026-02-23 17:34:26,1
7799,SES02102,PROD054,view_product,2026-02-23 17:35:58,1
7800,SES02102,PROD047,view_product,2026-02-23 17:36:43,1
7801,SES02102,PROD065,view_product,2026-02-23 17:38:02,1
7802,SES02103,PROD034,view_product,2026-03-21 11:13:43,1
7803,SES02103,PROD057,view_product,2026-03-21 11:14:58,1
7804,SES02103,PROD020,view_product,2026-03-21 11:16:35,1
7805,SES02103,PROD089,view_product,2026-03-21 11:17:30,1
7806,SES02103,PROD057,add_to_cart,2026-03-21 11:19:44,1
7807,SES02104,PROD035,view_product,2026-03-29 12:15:23,1
7808,SES02104,PROD054,view_product,2026-03-29 12:15:46,1
7809,SES02104,PROD041,view_product,2026-03-29 12:17:47,1
7810,SES02104,PROD062,view_product,2026-03-29 12:18:19,1
7811,SES02104,PROD060,view_product,2026-03-29 12:19:05,1
7812,SES02105,PROD067,view_product,2026-03-31 10:46:35,1
7813,SES02105,PROD008,view_product,2026-03-31 10:47:22,1
7814,SES02105,PROD077,view_product,2026-03-31 10:49:14,1
7815,SES02105,PROD018,view_product,2026-03-31 10:49:42,1
7816,SES02106,PROD010,view_product,2026-02-12 11:33:46,1
7817,SES02106,PROD083,view_product,2026-02-12 11:35:21,1
7818,SES02106,PROD067,view_product,2026-02-12 11:37:10,1
7819,SES02106,PROD055,view_product,2026-02-12 11:39:01,1
7820,SES02107,PROD040,view_product,2026-03-08 23:48:10,1
7821,SES02107,PROD061,view_product,2026-03-08 23:48:36,1
7822,SES02107,PROD074,view_product,2026-03-08 23:49:22,1
7823,SES02107,PROD048,view_product,2026-03-08 23:51:31,1
7824,SES02108,PROD072,view_product,2026-02-21 21:56:39,1
7825,SES02108,PROD088,view_product,2026-02-21 21:57:49,1
7826,SES02109,PROD078,view_product,2026-03-23 09:45:45,1
7827,SES02109,PROD011,view_product,2026-03-23 09:48:17,1
7828,SES02109,PROD079,view_product,2026-03-23 09:48:32,1
7829,SES02109,PROD072,view_product,2026-03-23 09:50:55,1
7830,SES02109,PROD088,view_product,2026-03-23 09:52:57,1
7831,SES02109,PROD078,add_to_cart,2026-03-23 09:56:09,1
7832,SES02109,PROD078,begin_checkout,2026-03-23 10:00:03,1
7833,SES02109,PROD078,purchase,2026-03-23 10:02:48,1
7834,SES02110,PROD008,view_product,2026-03-17 12:17:19,1
7835,SES02110,PROD037,view_product,2026-03-17 12:19:17,1
7836,SES02110,PROD029,view_product,2026-03-17 12:21:47,1
7837,SES02111,PROD053,view_product,2026-02-13 23:36:00,1
7838,SES02111,PROD011,view_product,2026-02-13 23:37:33,1
7839,SES02111,PROD086,view_product,2026-02-13 23:38:00,1
7840,SES02111,PROD086,add_to_cart,2026-02-13 23:38:28,2
7841,SES02112,PROD002,view_product,2026-02-24 21:52:22,1
7842,SES02112,PROD048,view_product,2026-02-24 21:53:10,1
7843,SES02112,PROD048,add_to_cart,2026-02-24 21:54:06,1
7844,SES02113,PROD011,view_product,2026-01-23 07:06:42,1
7845,SES02114,PROD061,view_product,2026-03-07 16:47:06,1
7846,SES02114,PROD035,view_product,2026-03-07 16:50:05,1
7847,SES02114,PROD083,view_product,2026-03-07 16:51:40,1
7848,SES02114,PROD059,view_product,2026-03-07 16:54:33,1
7849,SES02114,PROD087,view_product,2026-03-07 16:55:41,1
7850,SES02115,PROD098,view_product,2026-03-14 16:04:38,1
7851,SES02115,PROD022,view_product,2026-03-14 16:06:26,1
7852,SES02115,PROD045,view_product,2026-03-14 16:09:25,1
7853,SES02116,PROD052,view_product,2026-03-06 22:47:13,1
7854,SES02116,PROD052,add_to_cart,2026-03-06 22:47:38,1
7855,SES02117,PROD059,view_product,2026-01-10 00:33:19,1
7856,SES02117,PROD100,view_product,2026-01-10 00:34:27,1
7857,SES02118,PROD058,view_product,2026-02-08 09:32:26,1
7858,SES02118,PROD049,view_product,2026-02-08 09:32:37,1
7859,SES02118,PROD069,view_product,2026-02-08 09:35:02,1
7860,SES02118,PROD015,view_product,2026-02-08 09:36:33,1
7861,SES02118,PROD096,view_product,2026-02-08 09:38:10,1
7862,SES02119,PROD067,view_product,2026-02-01 05:49:39,1
7863,SES02119,PROD039,view_product,2026-02-01 05:52:01,1
7864,SES02119,PROD079,view_product,2026-02-01 05:54:21,1
7865,SES02119,PROD039,add_to_cart,2026-02-01 05:54:44,1
7866,SES02119,PROD039,begin_checkout,2026-02-01 05:57:02,1
7867,SES02120,PROD057,view_product,2026-01-17 14:17:16,1
7868,SES02120,PROD033,view_product,2026-01-17 14:17:32,1
7869,SES02120,PROD034,view_product,2026-01-17 14:20:06,1
7870,SES02121,PROD057,view_product,2026-03-25 03:19:11,1
7871,SES02121,PROD095,view_product,2026-03-25 03:19:48,1
7872,SES02121,PROD057,add_to_cart,2026-03-25 03:20:17,1
7873,SES02122,PROD087,view_product,2026-03-25 15:43:14,1
7874,SES02122,PROD055,view_product,2026-03-25 15:44:46,1
7875,SES02122,PROD066,view_product,2026-03-25 15:47:28,1
7876,SES02122,PROD079,view_product,2026-03-25 15:48:34,1
7877,SES02123,PROD007,view_product,2026-02-26 00:15:04,1
7878,SES02123,PROD085,view_product,2026-02-26 00:16:04,1
7879,SES02124,PROD019,view_product,2026-01-01 19:24:20,1
7880,SES02124,PROD085,view_product,2026-01-01 19:25:37,1
7881,SES02124,PROD085,add_to_cart,2026-01-01 19:26:26,1
7882,SES02124,PROD085,begin_checkout,2026-01-01 19:29:45,1
7883,SES02124,PROD085,purchase,2026-01-01 19:33:32,1
7884,SES02125,PROD019,view_product,2026-03-31 11:00:41,1
7885,SES02125,PROD009,view_product,2026-03-31 11:03:26,1
7886,SES02125,PROD098,view_product,2026-03-31 11:05:54,1
7887,SES02125,PROD037,view_product,2026-03-31 11:07:15,1
7888,SES02125,PROD061,view_product,2026-03-31 11:09:19,1
7889,SES02125,PROD019,add_to_cart,2026-03-31 11:12:03,1
7890,SES02125,PROD019,begin_checkout,2026-03-31 11:16:26,1
7891,SES02126,PROD011,view_product,2026-03-26 01:27:14,1
7892,SES02126,PROD034,view_product,2026-03-26 01:27:44,1
7893,SES02127,PROD024,view_product,2026-03-20 12:22:55,1
7894,SES02127,PROD055,view_product,2026-03-20 12:25:51,1
7895,SES02127,PROD058,view_product,2026-03-20 12:28:39,1
7896,SES02127,PROD080,view_product,2026-03-20 12:30:45,1
7897,SES02127,PROD065,view_product,2026-03-20 12:33:25,1
7898,SES02128,PROD058,view_product,2026-02-02 02:27:40,1
7899,SES02128,PROD098,view_product,2026-02-02 02:28:50,1
7900,SES02128,PROD038,view_product,2026-02-02 02:30:11,1
7901,SES02128,PROD038,add_to_cart,2026-02-02 02:31:00,2
7902,SES02129,PROD078,view_product,2026-02-10 09:15:57,1
7903,SES02129,PROD056,view_product,2026-02-10 09:17:32,1
7904,SES02129,PROD024,view_product,2026-02-10 09:20:31,1
7905,SES02130,PROD067,view_product,2026-02-26 10:49:37,1
7906,SES02130,PROD078,view_product,2026-02-26 10:50:15,1
7907,SES02130,PROD078,add_to_cart,2026-02-26 10:52:45,2
7908,SES02130,PROD078,begin_checkout,2026-02-26 10:55:45,2
7909,SES02131,PROD047,view_product,2026-03-06 23:06:01,1
7910,SES02132,PROD004,view_product,2026-03-15 15:39:28,1
7911,SES02132,PROD085,view_product,2026-03-15 15:40:42,1
7912,SES02132,PROD054,view_product,2026-03-15 15:43:04,1
7913,SES02132,PROD043,view_product,2026-03-15 15:43:21,1
7914,SES02133,PROD058,view_product,2026-01-10 22:01:22,1
7915,SES02133,PROD082,view_product,2026-01-10 22:02:33,1
7916,SES02133,PROD058,add_to_cart,2026-01-10 22:05:40,2
7917,SES02133,PROD058,begin_checkout,2026-01-10 22:10:21,2
7918,SES02134,PROD054,view_product,2026-01-28 14:24:15,1
7919,SES02134,PROD025,view_product,2026-01-28 14:24:58,1
7920,SES02134,PROD009,view_product,2026-01-28 14:27:48,1
7921,SES02134,PROD009,add_to_cart,2026-01-28 14:30:08,1
7922,SES02134,PROD009,begin_checkout,2026-01-28 14:32:13,1
7923,SES02134,PROD009,purchase,2026-01-28 14:41:32,1
7924,SES02135,PROD045,view_product,2026-03-03 09:50:02,1
7925,SES02135,PROD080,view_product,2026-03-03 09:52:23,1
7926,SES02135,PROD066,view_product,2026-03-03 09:54:15,1
7927,SES02135,PROD080,add_to_cart,2026-03-03 09:57:31,1
7928,SES02136,PROD023,view_product,2026-01-17 01:06:14,1
7929,SES02136,PROD044,view_product,2026-01-17 01:08:37,1
7930,SES02136,PROD018,view_product,2026-01-17 01:11:05,1
7931,SES02136,PROD010,view_product,2026-01-17 01:12:52,1
7932,SES02136,PROD022,view_product,2026-01-17 01:14:52,1
7933,SES02137,PROD076,view_product,2026-01-31 16:35:18,1
7934,SES02137,PROD092,view_product,2026-01-31 16:36:12,1
7935,SES02137,PROD078,view_product,2026-01-31 16:38:39,1
7936,SES02137,PROD068,view_product,2026-01-31 16:40:57,1
7937,SES02138,PROD043,view_product,2026-03-23 14:59:00,1
7938,SES02138,PROD043,add_to_cart,2026-03-23 15:02:49,1
7939,SES02139,PROD094,view_product,2026-02-22 11:13:25,1
7940,SES02139,PROD094,add_to_cart,2026-02-22 11:14:33,2
7941,SES02140,PROD096,view_product,2026-02-20 18:35:02,1
7942,SES02140,PROD062,view_product,2026-02-20 18:37:01,1
7943,SES02140,PROD070,view_product,2026-02-20 18:39:29,1
7944,SES02140,PROD050,view_product,2026-02-20 18:42:28,1
7945,SES02141,PROD020,view_product,2026-02-14 22:22:01,1
7946,SES02141,PROD001,view_product,2026-02-14 22:24:14,1
7947,SES02142,PROD086,view_product,2026-02-16 21:13:05,1
7948,SES02142,PROD069,view_product,2026-02-16 21:14:11,1
7949,SES02142,PROD069,add_to_cart,2026-02-16 21:17:39,2
7950,SES02143,PROD023,view_product,2026-03-10 09:00:58,1
7951,SES02143,PROD025,view_product,2026-03-10 09:03:15,1
7952,SES02143,PROD084,view_product,2026-03-10 09:06:09,1
7953,SES02143,PROD017,view_product,2026-03-10 09:06:28,1
7954,SES02143,PROD084,add_to_cart,2026-03-10 09:08:58,1
7955,SES02143,PROD084,begin_checkout,2026-03-10 09:13:28,1
7956,SES02144,PROD022,view_product,2026-03-17 08:07:11,1
7957,SES02144,PROD071,view_product,2026-03-17 08:09:15,1
7958,SES02145,PROD043,view_product,2026-03-18 13:44:10,1
7959,SES02145,PROD044,view_product,2026-03-18 13:45:34,1
7960,SES02146,PROD059,view_product,2026-03-31 09:41:23,1
7961,SES02146,PROD084,view_product,2026-03-31 09:41:59,1
7962,SES02146,PROD005,view_product,2026-03-31 09:43:55,1
7963,SES02146,PROD038,view_product,2026-03-31 09:46:07,1
7964,SES02147,PROD052,view_product,2026-02-04 22:08:46,1
7965,SES02147,PROD083,view_product,2026-02-04 22:11:11,1
7966,SES02147,PROD059,view_product,2026-02-04 22:13:01,1
7967,SES02148,PROD066,view_product,2026-02-03 07:54:34,1
7968,SES02148,PROD086,view_product,2026-02-03 07:56:51,1
7969,SES02148,PROD034,view_product,2026-02-03 07:57:59,1
7970,SES02148,PROD034,add_to_cart,2026-02-03 08:01:51,1
7971,SES02148,PROD034,begin_checkout,2026-02-03 08:03:44,1
7972,SES02149,PROD085,view_product,2026-03-31 09:54:39,1
7973,SES02150,PROD021,view_product,2026-03-21 14:12:57,1
7974,SES02150,PROD054,view_product,2026-03-21 14:15:11,1
7975,SES02150,PROD036,view_product,2026-03-21 14:17:06,1
7976,SES02150,PROD036,add_to_cart,2026-03-21 14:18:13,1
7977,SES02150,PROD036,begin_checkout,2026-03-21 14:19:48,1
7978,SES02151,PROD093,view_product,2026-03-24 23:02:03,1
7979,SES02151,PROD065,view_product,2026-03-24 23:02:36,1
7980,SES02152,PROD042,view_product,2026-01-25 01:20:36,1
7981,SES02153,PROD027,view_product,2026-01-02 15:25:20,1
7982,SES02153,PROD059,view_product,2026-01-02 15:26:20,1
7983,SES02153,PROD059,add_to_cart,2026-01-02 15:29:17,1
7984,SES02154,PROD047,view_product,2026-02-21 17:48:19,1
7985,SES02154,PROD078,view_product,2026-02-21 17:50:03,1
7986,SES02154,PROD056,view_product,2026-02-21 17:52:11,1
7987,SES02154,PROD085,view_product,2026-02-21 17:54:49,1
7988,SES02155,PROD048,view_product,2026-03-09 01:44:35,1
7989,SES02155,PROD004,view_product,2026-03-09 01:47:31,1
7990,SES02155,PROD044,view_product,2026-03-09 01:48:42,1
7991,SES02156,PROD037,view_product,2026-02-07 01:22:24,1
7992,SES02156,PROD010,view_product,2026-02-07 01:25:13,1
7993,SES02156,PROD072,view_product,2026-02-07 01:26:51,1
7994,SES02157,PROD059,view_product,2026-03-23 08:29:09,1
7995,SES02158,PROD079,view_product,2026-01-08 05:11:34,1
7996,SES02159,PROD020,view_product,2026-02-26 08:05:47,1
7997,SES02159,PROD008,view_product,2026-02-26 08:08:47,1
7998,SES02159,PROD027,view_product,2026-02-26 08:09:31,1
7999,SES02160,PROD019,view_product,2026-03-29 14:11:45,1
8000,SES02160,PROD039,view_product,2026-03-29 14:12:56,1
8001,SES02160,PROD008,view_product,2026-03-29 14:13:50,1
8002,SES02160,PROD025,view_product,2026-03-29 14:14:23,1
8003,SES02160,PROD094,view_product,2026-03-29 14:15:16,1
8004,SES02161,PROD030,view_product,2026-03-13 12:52:34,1
8005,SES02161,PROD038,view_product,2026-03-13 12:53:48,1
8006,SES02161,PROD083,view_product,2026-03-13 12:54:21,1
8007,SES02161,PROD003,view_product,2026-03-13 12:55:16,1
8008,SES02162,PROD046,view_product,2026-03-03 21:13:52,1
8009,SES02162,PROD062,view_product,2026-03-03 21:15:23,1
8010,SES02163,PROD012,view_product,2026-03-31 19:35:44,1
8011,SES02163,PROD018,view_product,2026-03-31 19:36:33,1
8012,SES02163,PROD084,view_product,2026-03-31 19:38:06,1
8013,SES02163,PROD012,add_to_cart,2026-03-31 19:40:53,1
8014,SES02163,PROD012,begin_checkout,2026-03-31 19:42:21,1
8015,SES02163,PROD012,purchase,2026-03-31 19:48:30,1
8016,SES02164,PROD099,view_product,2026-02-05 14:55:49,1
8017,SES02164,PROD088,view_product,2026-02-05 14:57:57,1
8018,SES02164,PROD080,view_product,2026-02-05 14:59:56,1
8019,SES02164,PROD056,view_product,2026-02-05 15:02:25,1
8020,SES02164,PROD089,view_product,2026-02-05 15:04:21,1
8021,SES02164,PROD056,add_to_cart,2026-02-05 15:08:05,1
8022,SES02164,PROD056,begin_checkout,2026-02-05 15:09:34,1
8023,SES02164,PROD056,purchase,2026-02-05 15:13:23,1
8024,SES02165,PROD006,view_product,2026-03-10 17:11:56,1
8025,SES02165,PROD012,view_product,2026-03-10 17:14:37,1
8026,SES02166,PROD083,view_product,2026-03-20 18:14:19,1
8027,SES02166,PROD068,view_product,2026-03-20 18:16:14,1
8028,SES02166,PROD092,view_product,2026-03-20 18:17:41,1
8029,SES02166,PROD009,view_product,2026-03-20 18:19:23,1
8030,SES02166,PROD075,view_product,2026-03-20 18:20:13,1
8031,SES02166,PROD075,add_to_cart,2026-03-20 18:22:55,1
8032,SES02167,PROD094,view_product,2026-03-31 06:43:30,1
8033,SES02167,PROD090,view_product,2026-03-31 06:44:39,1
8034,SES02167,PROD027,view_product,2026-03-31 06:46:39,1
8035,SES02167,PROD013,view_product,2026-03-31 06:49:29,1
8036,SES02167,PROD057,view_product,2026-03-31 06:51:21,1
8037,SES02168,PROD062,view_product,2026-03-31 21:12:31,1
8038,SES02168,PROD062,add_to_cart,2026-03-31 21:15:10,1
8039,SES02168,PROD062,begin_checkout,2026-03-31 21:16:38,1
8040,SES02169,PROD031,view_product,2026-01-04 11:21:18,1
8041,SES02170,PROD056,view_product,2026-01-27 10:49:04,1
8042,SES02170,PROD004,view_product,2026-01-27 10:50:19,1
8043,SES02170,PROD064,view_product,2026-01-27 10:52:41,1
8044,SES02171,PROD046,view_product,2026-03-12 11:25:14,1
8045,SES02171,PROD091,view_product,2026-03-12 11:27:21,1
8046,SES02171,PROD046,add_to_cart,2026-03-12 11:30:49,2
8047,SES02172,PROD094,view_product,2026-01-20 00:21:41,1
8048,SES02172,PROD010,view_product,2026-01-20 00:23:11,1
8049,SES02172,PROD012,view_product,2026-01-20 00:25:13,1
8050,SES02172,PROD084,view_product,2026-01-20 00:25:30,1
8051,SES02172,PROD086,view_product,2026-01-20 00:26:28,1
8052,SES02173,PROD003,view_product,2026-03-16 21:44:19,1
8053,SES02173,PROD002,view_product,2026-03-16 21:45:40,1
8054,SES02173,PROD045,view_product,2026-03-16 21:47:33,1
8055,SES02173,PROD077,view_product,2026-03-16 21:50:15,1
8056,SES02174,PROD099,view_product,2026-02-08 13:35:30,1
8057,SES02174,PROD032,view_product,2026-02-08 13:37:38,1
8058,SES02174,PROD032,add_to_cart,2026-02-08 13:40:47,1
8059,SES02174,PROD032,begin_checkout,2026-02-08 13:41:21,1
8060,SES02175,PROD026,view_product,2026-01-07 09:07:09,1
8061,SES02175,PROD032,view_product,2026-01-07 09:08:14,1
8062,SES02175,PROD024,view_product,2026-01-07 09:08:31,1
8063,SES02175,PROD028,view_product,2026-01-07 09:10:24,1
8064,SES02175,PROD028,add_to_cart,2026-01-07 09:14:24,1
8065,SES02176,PROD074,view_product,2026-02-24 14:43:42,1
8066,SES02176,PROD074,add_to_cart,2026-02-24 14:47:31,2
8067,SES02177,PROD028,view_product,2026-03-14 02:39:01,1
8068,SES02178,PROD067,view_product,2026-02-10 20:37:32,1
8069,SES02178,PROD022,view_product,2026-02-10 20:39:31,1
8070,SES02178,PROD100,view_product,2026-02-10 20:41:47,1
8071,SES02179,PROD082,view_product,2026-02-23 04:28:48,1
8072,SES02179,PROD025,view_product,2026-02-23 04:29:06,1
8073,SES02179,PROD019,view_product,2026-02-23 04:30:22,1
8074,SES02179,PROD031,view_product,2026-02-23 04:31:32,1
8075,SES02179,PROD069,view_product,2026-02-23 04:33:27,1
8076,SES02179,PROD019,add_to_cart,2026-02-23 04:35:27,1
8077,SES02179,PROD019,begin_checkout,2026-02-23 04:38:17,1
8078,SES02180,PROD017,view_product,2026-02-26 21:37:30,1
8079,SES02181,PROD005,view_product,2026-03-28 10:29:55,1
8080,SES02181,PROD016,view_product,2026-03-28 10:31:22,1
8081,SES02181,PROD034,view_product,2026-03-28 10:31:33,1
8082,SES02181,PROD046,view_product,2026-03-28 10:33:54,1
8083,SES02181,PROD034,add_to_cart,2026-03-28 10:34:29,1
8084,SES02181,PROD034,begin_checkout,2026-03-28 10:36:30,1
8085,SES02181,PROD034,purchase,2026-03-28 10:42:49,1
8086,SES02182,PROD026,view_product,2026-02-07 00:18:40,1
8087,SES02182,PROD026,add_to_cart,2026-02-07 00:22:06,1
8088,SES02182,PROD026,begin_checkout,2026-02-07 00:25:26,1
8089,SES02182,PROD026,purchase,2026-02-07 00:31:02,1
8090,SES02183,PROD065,view_product,2026-03-13 23:52:56,1
8091,SES02183,PROD097,view_product,2026-03-13 23:55:13,1
8092,SES02183,PROD033,view_product,2026-03-13 23:57:18,1
8093,SES02183,PROD100,view_product,2026-03-13 23:57:50,1
8094,SES02184,PROD081,view_product,2026-01-20 06:20:19,1
8095,SES02184,PROD088,view_product,2026-01-20 06:21:55,1
8096,SES02184,PROD041,view_product,2026-01-20 06:24:30,1
8097,SES02184,PROD088,add_to_cart,2026-01-20 06:24:52,1
8098,SES02184,PROD088,begin_checkout,2026-01-20 06:25:25,1
8099,SES02185,PROD029,view_product,2026-03-04 11:33:37,1
8100,SES02185,PROD067,view_product,2026-03-04 11:36:17,1
8101,SES02186,PROD096,view_product,2026-01-10 14:40:12,1
8102,SES02186,PROD027,view_product,2026-01-10 14:42:38,1
8103,SES02186,PROD050,view_product,2026-01-10 14:44:22,1
8104,SES02186,PROD068,view_product,2026-01-10 14:47:20,1
8105,SES02187,PROD034,view_product,2026-03-20 18:54:30,1
8106,SES02187,PROD004,view_product,2026-03-20 18:57:06,1
8107,SES02187,PROD004,add_to_cart,2026-03-20 18:57:50,1
8108,SES02187,PROD004,begin_checkout,2026-03-20 19:01:50,1
8109,SES02188,PROD068,view_product,2026-03-27 07:03:22,1
8110,SES02188,PROD081,view_product,2026-03-27 07:04:41,1
8111,SES02188,PROD033,view_product,2026-03-27 07:05:39,1
8112,SES02189,PROD023,view_product,2026-03-20 22:21:54,1
8113,SES02189,PROD063,view_product,2026-03-20 22:24:31,1
8114,SES02189,PROD074,view_product,2026-03-20 22:26:06,1
8115,SES02189,PROD043,view_product,2026-03-20 22:26:47,1
8116,SES02189,PROD063,add_to_cart,2026-03-20 22:28:32,1
8117,SES02189,PROD063,begin_checkout,2026-03-20 22:32:20,1
8118,SES02190,PROD090,view_product,2026-02-20 02:32:12,1
8119,SES02190,PROD046,view_product,2026-02-20 02:33:49,1
8120,SES02190,PROD056,view_product,2026-02-20 02:34:42,1
8121,SES02190,PROD017,view_product,2026-02-20 02:37:00,1
8122,SES02190,PROD090,add_to_cart,2026-02-20 02:40:25,1
8123,SES02191,PROD027,view_product,2026-03-11 18:09:12,1
8124,SES02191,PROD035,view_product,2026-03-11 18:12:11,1
8125,SES02191,PROD040,view_product,2026-03-11 18:13:33,1
8126,SES02191,PROD060,view_product,2026-03-11 18:15:04,1
8127,SES02192,PROD021,view_product,2026-03-21 05:42:27,1
8128,SES02192,PROD055,view_product,2026-03-21 05:44:48,1
8129,SES02193,PROD060,view_product,2026-03-24 17:54:39,1
8130,SES02194,PROD052,view_product,2026-03-02 11:36:48,1
8131,SES02194,PROD010,view_product,2026-03-02 11:38:07,1
8132,SES02194,PROD095,view_product,2026-03-02 11:40:41,1
8133,SES02194,PROD031,view_product,2026-03-02 11:42:08,1
8134,SES02195,PROD041,view_product,2026-01-29 00:05:38,1
8135,SES02195,PROD092,view_product,2026-01-29 00:06:26,1
8136,SES02196,PROD022,view_product,2026-03-28 14:23:35,1
8137,SES02196,PROD087,view_product,2026-03-28 14:25:28,1
8138,SES02196,PROD069,view_product,2026-03-28 14:28:26,1
8139,SES02196,PROD061,view_product,2026-03-28 14:30:41,1
8140,SES02197,PROD049,view_product,2026-03-20 04:09:31,1
8141,SES02197,PROD036,view_product,2026-03-20 04:11:41,1
8142,SES02197,PROD082,view_product,2026-03-20 04:12:15,1
8143,SES02198,PROD060,view_product,2026-03-27 18:48:00,1
8144,SES02198,PROD005,view_product,2026-03-27 18:48:28,1
8145,SES02198,PROD087,view_product,2026-03-27 18:48:38,1
8146,SES02198,PROD067,view_product,2026-03-27 18:50:52,1
8147,SES02198,PROD077,view_product,2026-03-27 18:53:29,1
8148,SES02198,PROD067,add_to_cart,2026-03-27 18:55:00,1
8149,SES02199,PROD065,view_product,2026-03-05 01:47:47,1
8150,SES02199,PROD031,view_product,2026-03-05 01:49:29,1
8151,SES02199,PROD008,view_product,2026-03-05 01:50:56,1
8152,SES02199,PROD098,view_product,2026-03-05 01:51:50,1
8153,SES02199,PROD074,view_product,2026-03-05 01:53:17,1
8154,SES02200,PROD091,view_product,2026-03-30 02:49:31,1
8155,SES02200,PROD024,view_product,2026-03-30 02:51:44,1
8156,SES02200,PROD031,view_product,2026-03-30 02:53:08,1
8157,SES02201,PROD072,view_product,2026-03-12 16:24:39,1
8158,SES02201,PROD016,view_product,2026-03-12 16:25:51,1
8159,SES02201,PROD081,view_product,2026-03-12 16:26:45,1
8160,SES02201,PROD019,view_product,2026-03-12 16:28:20,1
8161,SES02202,PROD021,view_product,2026-03-12 14:14:52,1
8162,SES02202,PROD097,view_product,2026-03-12 14:17:31,1
8163,SES02202,PROD022,view_product,2026-03-12 14:17:56,1
8164,SES02202,PROD052,view_product,2026-03-12 14:20:43,1
8165,SES02202,PROD062,view_product,2026-03-12 14:22:37,1
8166,SES02203,PROD071,view_product,2026-02-22 12:59:49,1
8167,SES02203,PROD028,view_product,2026-02-22 13:02:44,1
8168,SES02204,PROD014,view_product,2026-02-09 01:55:17,1
8169,SES02204,PROD099,view_product,2026-02-09 01:55:30,1
8170,SES02204,PROD099,add_to_cart,2026-02-09 01:58:58,1
8171,SES02205,PROD067,view_product,2026-01-03 01:23:19,1
8172,SES02205,PROD100,view_product,2026-01-03 01:25:40,1
8173,SES02205,PROD008,view_product,2026-01-03 01:27:36,1
8174,SES02205,PROD068,view_product,2026-01-03 01:29:37,1
8175,SES02206,PROD074,view_product,2026-01-22 19:51:08,1
8176,SES02206,PROD074,add_to_cart,2026-01-22 19:54:15,1
8177,SES02207,PROD079,view_product,2026-02-22 12:14:26,1
8178,SES02207,PROD053,view_product,2026-02-22 12:14:51,1
8179,SES02208,PROD018,view_product,2026-01-27 02:53:37,1
8180,SES02208,PROD055,view_product,2026-01-27 02:54:57,1
8181,SES02208,PROD061,view_product,2026-01-27 02:55:29,1
8182,SES02208,PROD051,view_product,2026-01-27 02:58:12,1
8183,SES02209,PROD006,view_product,2026-01-27 08:31:55,1
8184,SES02209,PROD006,add_to_cart,2026-01-27 08:32:25,1
8185,SES02209,PROD006,begin_checkout,2026-01-27 08:34:26,1
8186,SES02209,PROD006,purchase,2026-01-27 08:39:17,1
8187,SES02210,PROD048,view_product,2026-03-06 09:37:28,1
8188,SES02210,PROD057,view_product,2026-03-06 09:38:39,1
8189,SES02210,PROD048,add_to_cart,2026-03-06 09:40:52,3
8190,SES02211,PROD043,view_product,2026-03-17 07:13:04,1
8191,SES02211,PROD012,view_product,2026-03-17 07:15:25,1
8192,SES02211,PROD043,add_to_cart,2026-03-17 07:17:22,1
8193,SES02212,PROD076,view_product,2026-03-10 17:59:14,1
8194,SES02212,PROD004,view_product,2026-03-10 18:01:06,1
8195,SES02212,PROD008,view_product,2026-03-10 18:03:00,1
8196,SES02212,PROD093,view_product,2026-03-10 18:05:43,1
8197,SES02212,PROD046,view_product,2026-03-10 18:06:46,1
8198,SES02212,PROD093,add_to_cart,2026-03-10 18:07:56,1
8199,SES02213,PROD030,view_product,2026-03-09 16:29:50,1
8200,SES02213,PROD060,view_product,2026-03-09 16:30:47,1
8201,SES02213,PROD018,view_product,2026-03-09 16:32:23,1
8202,SES02213,PROD029,view_product,2026-03-09 16:35:01,1
8203,SES02213,PROD064,view_product,2026-03-09 16:36:04,1
8204,SES02213,PROD060,add_to_cart,2026-03-09 16:39:22,2
8205,SES02213,PROD060,begin_checkout,2026-03-09 16:40:19,2
8206,SES02213,PROD060,purchase,2026-03-09 16:46:38,2
8207,SES02214,PROD026,view_product,2026-01-23 07:18:38,1
8208,SES02214,PROD025,view_product,2026-01-23 07:19:19,1
8209,SES02214,PROD030,view_product,2026-01-23 07:22:10,1
8210,SES02215,PROD082,view_product,2026-02-19 23:13:22,1
8211,SES02215,PROD099,view_product,2026-02-19 23:16:17,1
8212,SES02215,PROD011,view_product,2026-02-19 23:18:31,1
8213,SES02215,PROD017,view_product,2026-02-19 23:21:01,1
8214,SES02216,PROD097,view_product,2026-02-15 17:01:28,1
8215,SES02216,PROD088,view_product,2026-02-15 17:03:40,1
8216,SES02216,PROD087,view_product,2026-02-15 17:05:37,1
8217,SES02217,PROD040,view_product,2026-03-05 08:33:36,1
8218,SES02217,PROD039,view_product,2026-03-05 08:34:10,1
8219,SES02217,PROD094,view_product,2026-03-05 08:35:54,1
8220,SES02218,PROD004,view_product,2026-02-15 00:12:12,1
8221,SES02218,PROD042,view_product,2026-02-15 00:15:03,1
8222,SES02218,PROD027,view_product,2026-02-15 00:17:08,1
8223,SES02218,PROD027,add_to_cart,2026-02-15 00:19:38,1
8224,SES02218,PROD027,begin_checkout,2026-02-15 00:21:52,1
8225,SES02218,PROD027,purchase,2026-02-15 00:25:07,1
8226,SES02219,PROD078,view_product,2026-02-25 13:15:41,1
8227,SES02219,PROD060,view_product,2026-02-25 13:16:11,1
8228,SES02219,PROD087,view_product,2026-02-25 13:17:56,1
8229,SES02219,PROD067,view_product,2026-02-25 13:18:11,1
8230,SES02219,PROD028,view_product,2026-02-25 13:19:21,1
8231,SES02219,PROD028,add_to_cart,2026-02-25 13:22:49,1
8232,SES02219,PROD028,begin_checkout,2026-02-25 13:26:54,1
8233,SES02220,PROD002,view_product,2026-03-08 02:43:40,1
8234,SES02220,PROD051,view_product,2026-03-08 02:46:36,1
8235,SES02220,PROD056,view_product,2026-03-08 02:49:00,1
8236,SES02221,PROD054,view_product,2026-03-04 17:52:24,1
8237,SES02221,PROD061,view_product,2026-03-04 17:55:01,1
8238,SES02221,PROD012,view_product,2026-03-04 17:57:27,1
8239,SES02221,PROD039,view_product,2026-03-04 17:59:26,1
8240,SES02221,PROD012,add_to_cart,2026-03-04 18:00:03,1
8241,SES02222,PROD022,view_product,2026-01-18 23:34:17,1
8242,SES02222,PROD020,view_product,2026-01-18 23:36:51,1
8243,SES02222,PROD014,view_product,2026-01-18 23:38:43,1
8244,SES02222,PROD042,view_product,2026-01-18 23:39:54,1
8245,SES02223,PROD033,view_product,2026-03-17 20:22:27,1
8246,SES02223,PROD079,view_product,2026-03-17 20:23:28,1
8247,SES02223,PROD044,view_product,2026-03-17 20:26:00,1
8248,SES02223,PROD077,view_product,2026-03-17 20:28:34,1
8249,SES02223,PROD037,view_product,2026-03-17 20:30:13,1
8250,SES02223,PROD044,add_to_cart,2026-03-17 20:32:19,1
8251,SES02224,PROD007,view_product,2026-03-15 15:01:47,1
8252,SES02225,PROD049,view_product,2026-03-31 11:44:09,1
8253,SES02225,PROD086,view_product,2026-03-31 11:45:15,1
8254,SES02226,PROD027,view_product,2026-02-04 01:43:36,1
8255,SES02226,PROD093,view_product,2026-02-04 01:44:38,1
8256,SES02226,PROD091,view_product,2026-02-04 01:46:00,1
8257,SES02226,PROD024,view_product,2026-02-04 01:48:19,1
8258,SES02227,PROD075,view_product,2026-02-11 08:51:37,1
8259,SES02227,PROD075,add_to_cart,2026-02-11 08:54:04,1
8260,SES02227,PROD075,begin_checkout,2026-02-11 08:54:45,1
8261,SES02228,PROD100,view_product,2026-01-15 23:28:48,1
8262,SES02228,PROD099,view_product,2026-01-15 23:29:48,1
8263,SES02228,PROD072,view_product,2026-01-15 23:32:48,1
8264,SES02228,PROD074,view_product,2026-01-15 23:34:58,1
8265,SES02229,PROD079,view_product,2026-01-09 20:54:06,1
8266,SES02230,PROD082,view_product,2026-03-08 09:53:39,1
8267,SES02230,PROD072,view_product,2026-03-08 09:55:02,1
8268,SES02230,PROD014,view_product,2026-03-08 09:56:41,1
8269,SES02231,PROD039,view_product,2026-03-11 11:53:23,1
8270,SES02231,PROD033,view_product,2026-03-11 11:55:51,1
8271,SES02231,PROD064,view_product,2026-03-11 11:57:53,1
8272,SES02231,PROD028,view_product,2026-03-11 12:00:23,1
8273,SES02231,PROD089,view_product,2026-03-11 12:00:47,1
8274,SES02232,PROD085,view_product,2026-02-01 14:41:13,1
8275,SES02232,PROD085,add_to_cart,2026-02-01 14:41:50,2
8276,SES02232,PROD085,begin_checkout,2026-02-01 14:46:06,2
8277,SES02232,PROD085,purchase,2026-02-01 14:52:16,2
8278,SES02233,PROD034,view_product,2026-02-18 18:48:54,1
8279,SES02233,PROD046,view_product,2026-02-18 18:51:39,1
8280,SES02234,PROD008,view_product,2026-02-18 20:55:43,1
8281,SES02234,PROD020,view_product,2026-02-18 20:58:03,1
8282,SES02234,PROD031,view_product,2026-02-18 21:00:39,1
8283,SES02235,PROD034,view_product,2026-02-07 20:38:13,1
8284,SES02235,PROD029,view_product,2026-02-07 20:39:22,1
8285,SES02235,PROD029,add_to_cart,2026-02-07 20:40:22,1
8286,SES02236,PROD058,view_product,2026-02-04 12:46:31,1
8287,SES02236,PROD009,view_product,2026-02-04 12:47:34,1
8288,SES02236,PROD001,view_product,2026-02-04 12:49:08,1
8289,SES02236,PROD067,view_product,2026-02-04 12:50:37,1
8290,SES02236,PROD070,view_product,2026-02-04 12:52:34,1
8291,SES02237,PROD052,view_product,2026-03-17 06:35:48,1
8292,SES02237,PROD034,view_product,2026-03-17 06:37:48,1
8293,SES02237,PROD057,view_product,2026-03-17 06:40:27,1
8294,SES02237,PROD036,view_product,2026-03-17 06:41:08,1
8295,SES02238,PROD006,view_product,2026-02-11 08:45:49,1
8296,SES02238,PROD097,view_product,2026-02-11 08:47:42,1
8297,SES02238,PROD031,view_product,2026-02-11 08:49:12,1
8298,SES02239,PROD082,view_product,2026-03-09 09:44:15,1
8299,SES02239,PROD006,view_product,2026-03-09 09:46:59,1
8300,SES02239,PROD039,view_product,2026-03-09 09:48:05,1
8301,SES02239,PROD016,view_product,2026-03-09 09:49:10,1
8302,SES02239,PROD041,view_product,2026-03-09 09:50:15,1
8303,SES02239,PROD041,add_to_cart,2026-03-09 09:53:33,1
8304,SES02240,PROD022,view_product,2026-03-09 01:32:15,1
8305,SES02240,PROD022,add_to_cart,2026-03-09 01:34:42,1
8306,SES02240,PROD022,begin_checkout,2026-03-09 01:35:27,1
8307,SES02240,PROD022,purchase,2026-03-09 01:41:28,1
8308,SES02241,PROD077,view_product,2026-02-24 06:26:24,1
8309,SES02242,PROD046,view_product,2026-03-24 17:43:34,1
8310,SES02242,PROD046,add_to_cart,2026-03-24 17:46:58,1
8311,SES02243,PROD085,view_product,2026-02-09 23:31:47,1
8312,SES02243,PROD064,view_product,2026-02-09 23:34:14,1
8313,SES02243,PROD010,view_product,2026-02-09 23:34:26,1
8314,SES02243,PROD062,view_product,2026-02-09 23:37:20,1
8315,SES02243,PROD064,add_to_cart,2026-02-09 23:38:27,1
8316,SES02244,PROD003,view_product,2026-02-24 05:24:29,1
8317,SES02244,PROD063,view_product,2026-02-24 05:27:12,1
8318,SES02244,PROD090,view_product,2026-02-24 05:29:10,1
8319,SES02244,PROD090,add_to_cart,2026-02-24 05:32:53,1
8320,SES02244,PROD090,begin_checkout,2026-02-24 05:35:02,1
8321,SES02244,PROD090,purchase,2026-02-24 05:42:03,1
8322,SES02245,PROD062,view_product,2026-02-24 17:56:13,1
8323,SES02245,PROD087,view_product,2026-02-24 17:58:23,1
8324,SES02246,PROD050,view_product,2026-01-16 00:02:27,1
8325,SES02246,PROD050,add_to_cart,2026-01-16 00:06:03,2
8326,SES02247,PROD048,view_product,2026-03-28 09:26:24,1
8327,SES02247,PROD010,view_product,2026-03-28 09:27:17,1
8328,SES02247,PROD055,view_product,2026-03-28 09:27:55,1
8329,SES02247,PROD041,view_product,2026-03-28 09:28:35,1
8330,SES02247,PROD063,view_product,2026-03-28 09:31:06,1
8331,SES02248,PROD086,view_product,2026-01-07 03:56:59,1
8332,SES02248,PROD091,view_product,2026-01-07 03:58:07,1
8333,SES02249,PROD075,view_product,2026-02-27 18:16:51,1
8334,SES02249,PROD096,view_product,2026-02-27 18:19:29,1
8335,SES02249,PROD066,view_product,2026-02-27 18:20:13,1
8336,SES02249,PROD075,add_to_cart,2026-02-27 18:23:50,1
8337,SES02249,PROD075,begin_checkout,2026-02-27 18:27:14,1
8338,SES02249,PROD075,purchase,2026-02-27 18:36:51,1
8339,SES02250,PROD071,view_product,2026-03-10 08:11:37,1
8340,SES02250,PROD007,view_product,2026-03-10 08:13:15,1
8341,SES02250,PROD037,view_product,2026-03-10 08:14:06,1
8342,SES02250,PROD046,view_product,2026-03-10 08:14:38,1
8343,SES02250,PROD071,add_to_cart,2026-03-10 08:18:15,2
8344,SES02250,PROD071,begin_checkout,2026-03-10 08:23:10,2
8345,SES02251,PROD033,view_product,2026-03-08 21:34:38,1
8346,SES02251,PROD096,view_product,2026-03-08 21:37:06,1
8347,SES02251,PROD053,view_product,2026-03-08 21:37:35,1
8348,SES02252,PROD035,view_product,2026-01-04 16:55:04,1
8349,SES02252,PROD055,view_product,2026-01-04 16:56:37,1
8350,SES02252,PROD055,add_to_cart,2026-01-04 16:58:35,1
8351,SES02252,PROD055,begin_checkout,2026-01-04 17:01:55,1
8352,SES02253,PROD034,view_product,2026-01-04 08:58:31,1
8353,SES02253,PROD044,view_product,2026-01-04 09:01:03,1
8354,SES02253,PROD051,view_product,2026-01-04 09:02:09,1
8355,SES02253,PROD056,view_product,2026-01-04 09:04:57,1
8356,SES02254,PROD019,view_product,2026-02-03 19:48:33,1
8357,SES02254,PROD078,view_product,2026-02-03 19:50:01,1
8358,SES02254,PROD036,view_product,2026-02-03 19:50:47,1
8359,SES02255,PROD056,view_product,2026-03-05 20:46:47,1
8360,SES02255,PROD023,view_product,2026-03-05 20:49:13,1
8361,SES02255,PROD041,view_product,2026-03-05 20:50:36,1
8362,SES02255,PROD025,view_product,2026-03-05 20:52:42,1
8363,SES02256,PROD051,view_product,2026-03-29 07:27:11,1
8364,SES02257,PROD067,view_product,2026-01-12 23:42:04,1
8365,SES02257,PROD041,view_product,2026-01-12 23:43:53,1
8366,SES02257,PROD075,view_product,2026-01-12 23:44:36,1
8367,SES02257,PROD002,view_product,2026-01-12 23:47:21,1
8368,SES02258,PROD099,view_product,2026-01-09 05:38:41,1
8369,SES02258,PROD093,view_product,2026-01-09 05:40:33,1
8370,SES02259,PROD071,view_product,2026-03-31 14:02:58,1
8371,SES02259,PROD077,view_product,2026-03-31 14:05:11,1
8372,SES02259,PROD081,view_product,2026-03-31 14:08:07,1
8373,SES02259,PROD087,view_product,2026-03-31 14:08:28,1
8374,SES02259,PROD081,add_to_cart,2026-03-31 14:12:17,1
8375,SES02259,PROD081,begin_checkout,2026-03-31 14:16:58,1
8376,SES02260,PROD027,view_product,2026-03-29 01:48:56,1
8377,SES02260,PROD012,view_product,2026-03-29 01:50:28,1
8378,SES02260,PROD027,add_to_cart,2026-03-29 01:52:10,2
8379,SES02260,PROD027,begin_checkout,2026-03-29 01:55:59,2
8380,SES02261,PROD009,view_product,2026-03-14 17:29:46,1
8381,SES02261,PROD058,view_product,2026-03-14 17:30:10,1
8382,SES02261,PROD024,view_product,2026-03-14 17:31:46,1
8383,SES02261,PROD014,view_product,2026-03-14 17:32:34,1
8384,SES02261,PROD024,add_to_cart,2026-03-14 17:33:47,2
8385,SES02261,PROD024,begin_checkout,2026-03-14 17:35:01,2
8386,SES02261,PROD024,purchase,2026-03-14 17:38:02,2
8387,SES02262,PROD037,view_product,2026-03-22 23:53:42,1
8388,SES02262,PROD085,view_product,2026-03-22 23:54:54,1
8389,SES02262,PROD037,add_to_cart,2026-03-22 23:55:30,1
8390,SES02263,PROD093,view_product,2026-02-26 04:22:46,1
8391,SES02263,PROD014,view_product,2026-02-26 04:25:40,1
8392,SES02264,PROD029,view_product,2026-03-29 16:59:56,1
8393,SES02264,PROD034,view_product,2026-03-29 17:02:05,1
8394,SES02264,PROD089,view_product,2026-03-29 17:04:18,1
8395,SES02264,PROD026,view_product,2026-03-29 17:06:59,1
8396,SES02264,PROD088,view_product,2026-03-29 17:09:28,1
8397,SES02264,PROD089,add_to_cart,2026-03-29 17:10:21,1
8398,SES02264,PROD089,begin_checkout,2026-03-29 17:11:49,1
8399,SES02264,PROD089,purchase,2026-03-29 17:15:19,1
8400,SES02265,PROD006,view_product,2026-03-31 03:20:35,1
8401,SES02265,PROD006,add_to_cart,2026-03-31 03:22:34,1
8402,SES02265,PROD006,begin_checkout,2026-03-31 03:27:01,1
8403,SES02265,PROD006,purchase,2026-03-31 03:35:26,1
8404,SES02266,PROD054,view_product,2026-03-17 08:56:18,1
8405,SES02266,PROD028,view_product,2026-03-17 08:58:36,1
8406,SES02267,PROD041,view_product,2026-03-15 12:25:00,1
8407,SES02267,PROD040,view_product,2026-03-15 12:25:57,1
8408,SES02267,PROD040,add_to_cart,2026-03-15 12:26:41,1
8409,SES02267,PROD040,begin_checkout,2026-03-15 12:31:09,1
8410,SES02268,PROD033,view_product,2026-02-23 17:52:01,1
8411,SES02268,PROD044,view_product,2026-02-23 17:53:09,1
8412,SES02269,PROD061,view_product,2026-01-23 10:07:29,1
8413,SES02269,PROD056,view_product,2026-01-23 10:09:55,1
8414,SES02269,PROD049,view_product,2026-01-23 10:10:37,1
8415,SES02269,PROD091,view_product,2026-01-23 10:13:05,1
8416,SES02270,PROD008,view_product,2026-03-31 14:31:30,1
8417,SES02270,PROD081,view_product,2026-03-31 14:33:00,1
8418,SES02270,PROD008,add_to_cart,2026-03-31 14:34:54,1
8419,SES02270,PROD008,begin_checkout,2026-03-31 14:37:01,1
8420,SES02270,PROD008,purchase,2026-03-31 14:40:20,1
8421,SES02271,PROD033,view_product,2026-02-16 16:17:03,1
8422,SES02271,PROD033,add_to_cart,2026-02-16 16:18:57,1
8423,SES02271,PROD033,begin_checkout,2026-02-16 16:21:53,1
8424,SES02271,PROD033,purchase,2026-02-16 16:29:24,1
8425,SES02272,PROD088,view_product,2026-03-19 06:08:09,1
8426,SES02272,PROD088,add_to_cart,2026-03-19 06:11:45,2
8427,SES02272,PROD088,begin_checkout,2026-03-19 06:16:05,2
8428,SES02272,PROD088,purchase,2026-03-19 06:24:27,2
8429,SES02273,PROD039,view_product,2026-02-03 00:05:39,1
8430,SES02273,PROD077,view_product,2026-02-03 00:08:07,1
8431,SES02273,PROD064,view_product,2026-02-03 00:09:48,1
8432,SES02274,PROD066,view_product,2026-03-13 05:34:03,1
8433,SES02274,PROD052,view_product,2026-03-13 05:34:42,1
8434,SES02274,PROD007,view_product,2026-03-13 05:36:25,1
8435,SES02274,PROD091,view_product,2026-03-13 05:39:01,1
8436,SES02275,PROD017,view_product,2026-03-08 07:22:38,1
8437,SES02275,PROD063,view_product,2026-03-08 07:23:42,1
8438,SES02275,PROD037,view_product,2026-03-08 07:24:22,1
8439,SES02275,PROD075,view_product,2026-03-08 07:25:13,1
8440,SES02275,PROD006,view_product,2026-03-08 07:26:05,1
8441,SES02275,PROD006,add_to_cart,2026-03-08 07:28:42,1
8442,SES02275,PROD006,begin_checkout,2026-03-08 07:32:56,1
8443,SES02275,PROD006,purchase,2026-03-08 07:41:37,1
8444,SES02276,PROD059,view_product,2026-03-02 04:48:53,1
8445,SES02276,PROD061,view_product,2026-03-02 04:50:08,1
8446,SES02276,PROD093,view_product,2026-03-02 04:50:19,1
8447,SES02277,PROD049,view_product,2026-03-10 07:10:44,1
8448,SES02277,PROD092,view_product,2026-03-10 07:11:33,1
8449,SES02277,PROD018,view_product,2026-03-10 07:12:13,1
8450,SES02277,PROD021,view_product,2026-03-10 07:13:09,1
8451,SES02278,PROD054,view_product,2026-03-28 09:54:56,1
8452,SES02278,PROD069,view_product,2026-03-28 09:56:58,1
8453,SES02278,PROD022,view_product,2026-03-28 09:57:42,1
8454,SES02278,PROD062,view_product,2026-03-28 09:59:41,1
8455,SES02278,PROD072,view_product,2026-03-28 10:00:57,1
8456,SES02279,PROD083,view_product,2026-03-26 06:55:58,1
8457,SES02279,PROD076,view_product,2026-03-26 06:56:50,1
8458,SES02279,PROD056,view_product,2026-03-26 06:59:49,1
8459,SES02280,PROD070,view_product,2026-02-08 22:08:35,1
8460,SES02280,PROD046,view_product,2026-02-08 22:09:31,1
8461,SES02280,PROD030,view_product,2026-02-08 22:10:32,1
8462,SES02280,PROD046,add_to_cart,2026-02-08 22:12:14,1
8463,SES02280,PROD046,begin_checkout,2026-02-08 22:15:05,1
8464,SES02281,PROD056,view_product,2026-01-09 21:23:33,1
8465,SES02281,PROD045,view_product,2026-01-09 21:24:49,1
8466,SES02281,PROD013,view_product,2026-01-09 21:25:45,1
8467,SES02281,PROD045,add_to_cart,2026-01-09 21:27:59,1
8468,SES02281,PROD045,begin_checkout,2026-01-09 21:29:14,1
8469,SES02282,PROD033,view_product,2026-03-10 23:10:38,1
8470,SES02282,PROD081,view_product,2026-03-10 23:12:33,1
8471,SES02282,PROD068,view_product,2026-03-10 23:14:09,1
8472,SES02282,PROD013,view_product,2026-03-10 23:16:47,1
8473,SES02282,PROD068,add_to_cart,2026-03-10 23:20:31,1
8474,SES02282,PROD068,begin_checkout,2026-03-10 23:24:11,1
8475,SES02282,PROD068,purchase,2026-03-10 23:29:35,1
8476,SES02283,PROD025,view_product,2026-03-24 15:20:21,1
8477,SES02283,PROD089,view_product,2026-03-24 15:22:38,1
8478,SES02283,PROD051,view_product,2026-03-24 15:23:33,1
8479,SES02283,PROD044,view_product,2026-03-24 15:25:48,1
8480,SES02283,PROD044,add_to_cart,2026-03-24 15:28:04,1
8481,SES02283,PROD044,begin_checkout,2026-03-24 15:30:21,1
8482,SES02283,PROD044,purchase,2026-03-24 15:38:36,1
8483,SES02284,PROD010,view_product,2026-01-30 23:07:43,1
8484,SES02284,PROD075,view_product,2026-01-30 23:07:59,1
8485,SES02284,PROD045,view_product,2026-01-30 23:10:29,1
8486,SES02284,PROD029,view_product,2026-01-30 23:13:26,1
8487,SES02284,PROD100,view_product,2026-01-30 23:15:55,1
8488,SES02285,PROD087,view_product,2026-01-27 15:36:20,1
8489,SES02286,PROD014,view_product,2026-03-25 09:40:56,1
8490,SES02286,PROD043,view_product,2026-03-25 09:42:18,1
8491,SES02286,PROD040,view_product,2026-03-25 09:43:14,1
8492,SES02286,PROD068,view_product,2026-03-25 09:44:14,1
8493,SES02286,PROD001,view_product,2026-03-25 09:46:09,1
8494,SES02287,PROD012,view_product,2026-01-08 05:48:00,1
8495,SES02288,PROD059,view_product,2026-03-10 07:53:30,1
8496,SES02288,PROD091,view_product,2026-03-10 07:54:59,1
8497,SES02288,PROD078,view_product,2026-03-10 07:57:49,1
8498,SES02289,PROD085,view_product,2026-03-30 01:56:31,1
8499,SES02289,PROD004,view_product,2026-03-30 01:58:18,1
8500,SES02289,PROD049,view_product,2026-03-30 02:00:26,1
8501,SES02289,PROD059,view_product,2026-03-30 02:03:26,1
8502,SES02289,PROD079,view_product,2026-03-30 02:04:35,1
8503,SES02289,PROD004,add_to_cart,2026-03-30 02:07:19,3
8504,SES02290,PROD029,view_product,2026-03-15 22:50:20,1
8505,SES02290,PROD087,view_product,2026-03-15 22:52:03,1
8506,SES02290,PROD023,view_product,2026-03-15 22:54:23,1
8507,SES02291,PROD014,view_product,2026-03-01 22:05:03,1
8508,SES02291,PROD086,view_product,2026-03-01 22:06:45,1
8509,SES02291,PROD097,view_product,2026-03-01 22:08:48,1
8510,SES02291,PROD083,view_product,2026-03-01 22:11:36,1
8511,SES02291,PROD083,add_to_cart,2026-03-01 22:12:21,1
8512,SES02291,PROD083,begin_checkout,2026-03-01 22:15:42,1
8513,SES02291,PROD083,purchase,2026-03-01 22:18:20,1
8514,SES02292,PROD055,view_product,2026-03-12 21:25:51,1
8515,SES02292,PROD066,view_product,2026-03-12 21:28:45,1
8516,SES02292,PROD044,view_product,2026-03-12 21:31:15,1
8517,SES02292,PROD053,view_product,2026-03-12 21:33:12,1
8518,SES02292,PROD071,view_product,2026-03-12 21:33:38,1
8519,SES02292,PROD071,add_to_cart,2026-03-12 21:36:27,1
8520,SES02292,PROD071,begin_checkout,2026-03-12 21:39:54,1
8521,SES02292,PROD071,purchase,2026-03-12 21:49:04,1
8522,SES02293,PROD064,view_product,2026-03-16 17:21:42,1
8523,SES02293,PROD007,view_product,2026-03-16 17:22:43,1
8524,SES02293,PROD022,view_product,2026-03-16 17:23:31,1
8525,SES02294,PROD077,view_product,2026-03-05 20:56:05,1
8526,SES02294,PROD051,view_product,2026-03-05 20:58:27,1
8527,SES02294,PROD034,view_product,2026-03-05 21:00:30,1
8528,SES02295,PROD096,view_product,2026-03-21 13:04:21,1
8529,SES02295,PROD011,view_product,2026-03-21 13:05:32,1
8530,SES02295,PROD045,view_product,2026-03-21 13:06:52,1
8531,SES02295,PROD046,view_product,2026-03-21 13:08:55,1
8532,SES02296,PROD004,view_product,2026-03-04 21:26:37,1
8533,SES02296,PROD100,view_product,2026-03-04 21:28:40,1
8534,SES02296,PROD047,view_product,2026-03-04 21:30:56,1
8535,SES02296,PROD047,add_to_cart,2026-03-04 21:34:16,1
8536,SES02296,PROD047,begin_checkout,2026-03-04 21:39:14,1
8537,SES02297,PROD057,view_product,2026-03-20 13:27:00,1
8538,SES02297,PROD045,view_product,2026-03-20 13:29:31,1
8539,SES02298,PROD026,view_product,2026-02-20 23:19:32,1
8540,SES02298,PROD094,view_product,2026-02-20 23:21:17,1
8541,SES02299,PROD039,view_product,2026-02-28 22:48:48,1
8542,SES02299,PROD095,view_product,2026-02-28 22:49:05,1
8543,SES02299,PROD068,view_product,2026-02-28 22:51:16,1
8544,SES02299,PROD006,view_product,2026-02-28 22:52:22,1
8545,SES02300,PROD028,view_product,2026-03-16 16:06:30,1
8546,SES02300,PROD023,view_product,2026-03-16 16:08:00,1
8547,SES02300,PROD091,view_product,2026-03-16 16:08:36,1
8548,SES02300,PROD033,view_product,2026-03-16 16:08:57,1
8549,SES02301,PROD058,view_product,2026-02-09 13:49:12,1
8550,SES02301,PROD081,view_product,2026-02-09 13:50:36,1
8551,SES02301,PROD075,view_product,2026-02-09 13:52:27,1
8552,SES02301,PROD056,view_product,2026-02-09 13:54:36,1
8553,SES02301,PROD027,view_product,2026-02-09 13:55:57,1
8554,SES02302,PROD028,view_product,2026-02-08 06:20:48,1
8555,SES02302,PROD018,view_product,2026-02-08 06:21:48,1
8556,SES02303,PROD091,view_product,2026-01-11 19:45:45,1
8557,SES02303,PROD091,add_to_cart,2026-01-11 19:46:22,1
8558,SES02303,PROD091,begin_checkout,2026-01-11 19:51:02,1
8559,SES02303,PROD091,purchase,2026-01-11 20:00:16,1
8560,SES02304,PROD061,view_product,2026-03-04 00:49:44,1
8561,SES02304,PROD073,view_product,2026-03-04 00:50:44,1
8562,SES02304,PROD082,view_product,2026-03-04 00:51:54,1
8563,SES02304,PROD026,view_product,2026-03-04 00:52:09,1
8564,SES02305,PROD091,view_product,2026-03-23 21:40:06,1
8565,SES02305,PROD061,view_product,2026-03-23 21:41:09,1
8566,SES02305,PROD068,view_product,2026-03-23 21:42:46,1
8567,SES02305,PROD061,add_to_cart,2026-03-23 21:46:17,1
8568,SES02306,PROD061,view_product,2026-03-15 20:11:30,1
8569,SES02306,PROD043,view_product,2026-03-15 20:12:01,1
8570,SES02306,PROD056,view_product,2026-03-15 20:14:53,1
8571,SES02306,PROD097,view_product,2026-03-15 20:17:21,1
8572,SES02306,PROD008,view_product,2026-03-15 20:18:01,1
8573,SES02307,PROD073,view_product,2026-03-11 18:53:21,1
8574,SES02307,PROD015,view_product,2026-03-11 18:54:19,1
8575,SES02308,PROD090,view_product,2026-02-27 02:44:19,1
8576,SES02309,PROD100,view_product,2026-03-06 15:30:37,1
8577,SES02309,PROD002,view_product,2026-03-06 15:33:27,1
8578,SES02309,PROD063,view_product,2026-03-06 15:35:20,1
8579,SES02309,PROD075,view_product,2026-03-06 15:38:14,1
8580,SES02309,PROD009,view_product,2026-03-06 15:39:57,1
8581,SES02309,PROD100,add_to_cart,2026-03-06 15:41:20,2
8582,SES02309,PROD100,begin_checkout,2026-03-06 15:42:08,2
8583,SES02310,PROD026,view_product,2026-03-18 15:10:23,1
8584,SES02310,PROD002,view_product,2026-03-18 15:12:31,1
8585,SES02310,PROD030,view_product,2026-03-18 15:13:35,1
8586,SES02310,PROD033,view_product,2026-03-18 15:15:35,1
8587,SES02310,PROD067,view_product,2026-03-18 15:17:09,1
8588,SES02311,PROD024,view_product,2026-02-14 06:12:29,1
8589,SES02311,PROD066,view_product,2026-02-14 06:13:27,1
8590,SES02311,PROD008,view_product,2026-02-14 06:14:07,1
8591,SES02311,PROD079,view_product,2026-02-14 06:16:12,1
8592,SES02312,PROD032,view_product,2026-01-24 18:35:37,1
8593,SES02312,PROD095,view_product,2026-01-24 18:37:53,1
8594,SES02312,PROD011,view_product,2026-01-24 18:40:15,1
8595,SES02312,PROD011,add_to_cart,2026-01-24 18:41:38,1
8596,SES02313,PROD041,view_product,2026-03-28 06:58:19,1
8597,SES02313,PROD096,view_product,2026-03-28 06:59:16,1
8598,SES02313,PROD076,view_product,2026-03-28 07:02:06,1
8599,SES02313,PROD028,view_product,2026-03-28 07:02:24,1
8600,SES02313,PROD004,view_product,2026-03-28 07:04:32,1
8601,SES02314,PROD080,view_product,2026-03-11 06:00:42,1
8602,SES02314,PROD100,view_product,2026-03-11 06:01:32,1
8603,SES02314,PROD007,view_product,2026-03-11 06:02:34,1
8604,SES02314,PROD016,view_product,2026-03-11 06:05:30,1
8605,SES02314,PROD096,view_product,2026-03-11 06:05:49,1
8606,SES02315,PROD077,view_product,2026-03-02 10:25:46,1
8607,SES02316,PROD004,view_product,2026-02-04 05:43:08,1
8608,SES02316,PROD057,view_product,2026-02-04 05:46:02,1
8609,SES02317,PROD088,view_product,2026-01-27 17:13:47,1
8610,SES02317,PROD060,view_product,2026-01-27 17:14:38,1
8611,SES02317,PROD088,add_to_cart,2026-01-27 17:17:33,2
8612,SES02318,PROD011,view_product,2026-02-01 16:30:34,1
8613,SES02318,PROD086,view_product,2026-02-01 16:31:19,1
8614,SES02319,PROD039,view_product,2026-02-07 08:00:44,1
8615,SES02320,PROD039,view_product,2026-03-28 10:37:29,1
8616,SES02320,PROD068,view_product,2026-03-28 10:38:34,1
8617,SES02320,PROD037,view_product,2026-03-28 10:40:56,1
8618,SES02320,PROD068,add_to_cart,2026-03-28 10:42:03,1
8619,SES02320,PROD068,begin_checkout,2026-03-28 10:47:02,1
8620,SES02321,PROD014,view_product,2026-02-01 23:50:49,1
8621,SES02321,PROD048,view_product,2026-02-01 23:51:36,1
8622,SES02321,PROD011,view_product,2026-02-01 23:52:34,1
8623,SES02321,PROD069,view_product,2026-02-01 23:54:55,1
8624,SES02321,PROD021,view_product,2026-02-01 23:55:40,1
8625,SES02322,PROD024,view_product,2026-02-21 11:19:45,1
8626,SES02322,PROD047,view_product,2026-02-21 11:21:42,1
8627,SES02322,PROD083,view_product,2026-02-21 11:24:07,1
8628,SES02323,PROD016,view_product,2026-02-10 20:39:59,1
8629,SES02323,PROD074,view_product,2026-02-10 20:41:26,1
8630,SES02323,PROD055,view_product,2026-02-10 20:42:43,1
8631,SES02323,PROD094,view_product,2026-02-10 20:45:01,1
8632,SES02323,PROD080,view_product,2026-02-10 20:47:07,1
8633,SES02323,PROD055,add_to_cart,2026-02-10 20:50:23,1
8634,SES02324,PROD066,view_product,2026-03-21 19:06:38,1
8635,SES02324,PROD066,add_to_cart,2026-03-21 19:09:55,1
8636,SES02324,PROD066,begin_checkout,2026-03-21 19:12:26,1
8637,SES02325,PROD077,view_product,2026-02-10 02:18:54,1
8638,SES02325,PROD090,view_product,2026-02-10 02:20:38,1
8639,SES02325,PROD100,view_product,2026-02-10 02:22:13,1
8640,SES02326,PROD039,view_product,2026-02-11 00:31:13,1
8641,SES02326,PROD058,view_product,2026-02-11 00:34:03,1
8642,SES02326,PROD099,view_product,2026-02-11 00:36:20,1
8643,SES02327,PROD017,view_product,2026-01-18 11:15:40,1
8644,SES02328,PROD061,view_product,2026-02-26 23:20:15,1
8645,SES02328,PROD079,view_product,2026-02-26 23:21:37,1
8646,SES02328,PROD005,view_product,2026-02-26 23:23:11,1
8647,SES02328,PROD003,view_product,2026-02-26 23:24:54,1
8648,SES02328,PROD064,view_product,2026-02-26 23:27:37,1
8649,SES02329,PROD093,view_product,2026-03-08 19:09:48,1
8650,SES02329,PROD014,view_product,2026-03-08 19:10:31,1
8651,SES02329,PROD056,view_product,2026-03-08 19:11:31,1
8652,SES02330,PROD029,view_product,2026-03-01 10:30:22,1
8653,SES02330,PROD044,view_product,2026-03-01 10:32:22,1
8654,SES02330,PROD004,view_product,2026-03-01 10:34:26,1
8655,SES02330,PROD022,view_product,2026-03-01 10:35:43,1
8656,SES02330,PROD100,view_product,2026-03-01 10:38:32,1
8657,SES02331,PROD063,view_product,2026-03-17 22:47:04,1
8658,SES02331,PROD019,view_product,2026-03-17 22:48:55,1
8659,SES02331,PROD063,add_to_cart,2026-03-17 22:52:39,2
8660,SES02331,PROD063,begin_checkout,2026-03-17 22:54:06,2
8661,SES02332,PROD044,view_product,2026-03-30 00:05:33,1
8662,SES02333,PROD047,view_product,2026-03-29 21:06:47,1
8663,SES02333,PROD056,view_product,2026-03-29 21:08:45,1
8664,SES02333,PROD024,view_product,2026-03-29 21:11:17,1
8665,SES02334,PROD054,view_product,2026-03-19 02:58:25,1
8666,SES02334,PROD066,view_product,2026-03-19 03:00:06,1
8667,SES02334,PROD007,view_product,2026-03-19 03:00:17,1
8668,SES02334,PROD072,view_product,2026-03-19 03:01:44,1
8669,SES02335,PROD026,view_product,2026-02-18 19:28:58,1
8670,SES02335,PROD011,view_product,2026-02-18 19:30:42,1
8671,SES02335,PROD061,view_product,2026-02-18 19:32:16,1
8672,SES02336,PROD030,view_product,2026-01-10 01:51:09,1
8673,SES02336,PROD029,view_product,2026-01-10 01:53:56,1
8674,SES02336,PROD051,view_product,2026-01-10 01:55:08,1
8675,SES02336,PROD072,view_product,2026-01-10 01:55:35,1
8676,SES02336,PROD050,view_product,2026-01-10 01:57:32,1
8677,SES02336,PROD050,add_to_cart,2026-01-10 01:59:59,2
8678,SES02337,PROD098,view_product,2026-01-03 09:00:11,1
8679,SES02337,PROD071,view_product,2026-01-03 09:00:41,1
8680,SES02337,PROD026,view_product,2026-01-03 09:01:14,1
8681,SES02337,PROD098,add_to_cart,2026-01-03 09:02:10,1
8682,SES02337,PROD098,begin_checkout,2026-01-03 09:03:04,1
8683,SES02337,PROD098,purchase,2026-01-03 09:07:18,1
8684,SES02338,PROD086,view_product,2026-03-29 11:24:28,1
8685,SES02339,PROD079,view_product,2026-03-17 14:01:24,1
8686,SES02339,PROD028,view_product,2026-03-17 14:03:47,1
8687,SES02339,PROD068,view_product,2026-03-17 14:04:22,1
8688,SES02339,PROD039,view_product,2026-03-17 14:06:17,1
8689,SES02339,PROD037,view_product,2026-03-17 14:08:22,1
8690,SES02340,PROD070,view_product,2026-03-27 12:08:52,1
8691,SES02340,PROD070,add_to_cart,2026-03-27 12:09:54,1
8692,SES02341,PROD036,view_product,2026-01-28 00:02:30,1
8693,SES02341,PROD004,view_product,2026-01-28 00:05:25,1
8694,SES02341,PROD033,view_product,2026-01-28 00:07:58,1
8695,SES02341,PROD033,add_to_cart,2026-01-28 00:11:27,1
8696,SES02341,PROD033,begin_checkout,2026-01-28 00:15:39,1
8697,SES02341,PROD033,purchase,2026-01-28 00:24:11,1
8698,SES02342,PROD035,view_product,2026-03-08 07:45:05,1
8699,SES02342,PROD079,view_product,2026-03-08 07:46:34,1
8700,SES02342,PROD073,view_product,2026-03-08 07:48:23,1
8701,SES02343,PROD079,view_product,2026-02-07 06:51:44,1
8702,SES02343,PROD091,view_product,2026-02-07 06:53:18,1
8703,SES02343,PROD043,view_product,2026-02-07 06:55:19,1
8704,SES02343,PROD032,view_product,2026-02-07 06:57:12,1
8705,SES02343,PROD012,view_product,2026-02-07 06:58:41,1
8706,SES02344,PROD098,view_product,2026-01-16 19:35:48,1
8707,SES02344,PROD002,view_product,2026-01-16 19:38:28,1
8708,SES02344,PROD072,view_product,2026-01-16 19:40:17,1
8709,SES02344,PROD073,view_product,2026-01-16 19:42:06,1
8710,SES02344,PROD049,view_product,2026-01-16 19:44:03,1
8711,SES02345,PROD024,view_product,2026-01-07 04:53:34,1
8712,SES02345,PROD018,view_product,2026-01-07 04:56:30,1
8713,SES02345,PROD074,view_product,2026-01-07 04:59:21,1
8714,SES02345,PROD019,view_product,2026-01-07 05:02:16,1
8715,SES02345,PROD032,view_product,2026-01-07 05:03:00,1
8716,SES02345,PROD032,add_to_cart,2026-01-07 05:04:02,1
8717,SES02346,PROD050,view_product,2026-02-17 04:24:01,1
8718,SES02346,PROD050,add_to_cart,2026-02-17 04:25:33,1
8719,SES02347,PROD043,view_product,2026-02-01 17:29:13,1
8720,SES02347,PROD042,view_product,2026-02-01 17:30:46,1
8721,SES02347,PROD075,view_product,2026-02-01 17:32:51,1
8722,SES02348,PROD065,view_product,2026-03-18 18:42:38,1
8723,SES02348,PROD050,view_product,2026-03-18 18:43:01,1
8724,SES02348,PROD072,view_product,2026-03-18 18:44:41,1
8725,SES02348,PROD087,view_product,2026-03-18 18:46:17,1
8726,SES02348,PROD050,add_to_cart,2026-03-18 18:49:15,2
8727,SES02349,PROD029,view_product,2026-01-25 19:15:59,1
8728,SES02349,PROD022,view_product,2026-01-25 19:17:54,1
8729,SES02349,PROD060,view_product,2026-01-25 19:18:31,1
8730,SES02349,PROD005,view_product,2026-01-25 19:19:46,1
8731,SES02350,PROD020,view_product,2026-03-19 15:19:33,1
8732,SES02350,PROD012,view_product,2026-03-19 15:21:33,1
8733,SES02350,PROD088,view_product,2026-03-19 15:23:36,1
8734,SES02350,PROD088,add_to_cart,2026-03-19 15:25:25,1
8735,SES02350,PROD088,begin_checkout,2026-03-19 15:28:02,1
8736,SES02350,PROD088,purchase,2026-03-19 15:30:36,1
8737,SES02351,PROD031,view_product,2026-01-03 02:35:17,1
8738,SES02351,PROD031,add_to_cart,2026-01-03 02:35:54,1
8739,SES02352,PROD065,view_product,2026-03-30 14:09:32,1
8740,SES02352,PROD061,view_product,2026-03-30 14:10:29,1
8741,SES02352,PROD055,view_product,2026-03-30 14:12:44,1
8742,SES02352,PROD053,view_product,2026-03-30 14:15:25,1
8743,SES02352,PROD091,view_product,2026-03-30 14:15:47,1
8744,SES02353,PROD079,view_product,2026-01-28 07:12:31,1
8745,SES02353,PROD010,view_product,2026-01-28 07:14:14,1
8746,SES02353,PROD095,view_product,2026-01-28 07:15:02,1
8747,SES02353,PROD063,view_product,2026-01-28 07:15:44,1
8748,SES02353,PROD006,view_product,2026-01-28 07:18:28,1
8749,SES02353,PROD095,add_to_cart,2026-01-28 07:22:17,1
8750,SES02354,PROD080,view_product,2026-01-29 16:31:34,1
8751,SES02354,PROD077,view_product,2026-01-29 16:32:17,1
8752,SES02354,PROD003,view_product,2026-01-29 16:34:28,1
8753,SES02354,PROD080,add_to_cart,2026-01-29 16:37:21,1
8754,SES02354,PROD080,begin_checkout,2026-01-29 16:38:48,1
8755,SES02355,PROD081,view_product,2026-03-21 18:34:33,1
8756,SES02356,PROD010,view_product,2026-03-11 20:40:26,1
8757,SES02356,PROD002,view_product,2026-03-11 20:41:11,1
8758,SES02356,PROD077,view_product,2026-03-11 20:41:48,1
8759,SES02356,PROD097,view_product,2026-03-11 20:43:40,1
8760,SES02357,PROD031,view_product,2026-01-20 12:46:17,1
8761,SES02357,PROD020,view_product,2026-01-20 12:46:48,1
8762,SES02357,PROD006,view_product,2026-01-20 12:49:34,1
8763,SES02357,PROD037,view_product,2026-01-20 12:50:16,1
8764,SES02358,PROD023,view_product,2026-02-10 04:10:01,1
8765,SES02358,PROD023,add_to_cart,2026-02-10 04:11:47,2
8766,SES02358,PROD023,begin_checkout,2026-02-10 04:12:28,2
8767,SES02358,PROD023,purchase,2026-02-10 04:15:57,2
8768,SES02359,PROD087,view_product,2026-02-10 20:59:20,1
8769,SES02360,PROD015,view_product,2026-03-14 13:34:40,1
8770,SES02360,PROD001,view_product,2026-03-14 13:37:10,1
8771,SES02360,PROD046,view_product,2026-03-14 13:39:24,1
8772,SES02360,PROD046,add_to_cart,2026-03-14 13:41:37,1
8773,SES02361,PROD059,view_product,2026-01-09 01:57:12,1
8774,SES02361,PROD089,view_product,2026-01-09 01:58:23,1
8775,SES02361,PROD077,view_product,2026-01-09 02:00:06,1
8776,SES02361,PROD026,view_product,2026-01-09 02:01:04,1
8777,SES02362,PROD068,view_product,2026-01-23 11:07:13,1
8778,SES02362,PROD037,view_product,2026-01-23 11:08:44,1
8779,SES02362,PROD094,view_product,2026-01-23 11:09:14,1
8780,SES02363,PROD019,view_product,2026-01-06 10:40:52,1
8781,SES02363,PROD014,view_product,2026-01-06 10:42:00,1
8782,SES02363,PROD014,add_to_cart,2026-01-06 10:45:09,1
8783,SES02363,PROD014,begin_checkout,2026-01-06 10:50:09,1
8784,SES02364,PROD039,view_product,2026-03-13 18:30:16,1
8785,SES02365,PROD013,view_product,2026-03-10 22:39:33,1
8786,SES02365,PROD007,view_product,2026-03-10 22:40:31,1
8787,SES02365,PROD078,view_product,2026-03-10 22:41:53,1
8788,SES02365,PROD007,add_to_cart,2026-03-10 22:43:05,1
8789,SES02366,PROD025,view_product,2026-03-21 07:50:03,1
8790,SES02366,PROD060,view_product,2026-03-21 07:50:13,1
8791,SES02366,PROD090,view_product,2026-03-21 07:52:50,1
8792,SES02367,PROD058,view_product,2026-01-12 14:32:42,1
8793,SES02367,PROD005,view_product,2026-01-12 14:35:37,1
8794,SES02367,PROD005,add_to_cart,2026-01-12 14:39:03,1
8795,SES02367,PROD005,begin_checkout,2026-01-12 14:40:04,1
8796,SES02368,PROD028,view_product,2026-03-26 20:12:00,1
8797,SES02368,PROD081,view_product,2026-03-26 20:14:10,1
8798,SES02368,PROD081,add_to_cart,2026-03-26 20:14:52,1
8799,SES02368,PROD081,begin_checkout,2026-03-26 20:19:09,1
8800,SES02368,PROD081,purchase,2026-03-26 20:26:12,1
8801,SES02369,PROD008,view_product,2026-03-29 15:53:04,1
8802,SES02370,PROD025,view_product,2026-02-27 06:02:56,1
8803,SES02370,PROD032,view_product,2026-02-27 06:05:36,1
8804,SES02370,PROD092,view_product,2026-02-27 06:06:40,1
8805,SES02370,PROD084,view_product,2026-02-27 06:08:26,1
8806,SES02370,PROD010,view_product,2026-02-27 06:09:49,1
8807,SES02371,PROD045,view_product,2026-03-27 06:53:21,1
8808,SES02371,PROD091,view_product,2026-03-27 06:55:01,1
8809,SES02371,PROD092,view_product,2026-03-27 06:55:49,1
8810,SES02371,PROD081,view_product,2026-03-27 06:57:24,1
8811,SES02372,PROD048,view_product,2026-02-05 18:57:00,1
8812,SES02372,PROD001,view_product,2026-02-05 18:57:56,1
8813,SES02372,PROD074,view_product,2026-02-05 18:58:09,1
8814,SES02372,PROD034,view_product,2026-02-05 19:00:19,1
8815,SES02373,PROD075,view_product,2026-03-05 08:36:29,1
8816,SES02374,PROD016,view_product,2026-03-22 14:32:11,1
8817,SES02375,PROD029,view_product,2026-01-02 22:32:05,1
8818,SES02375,PROD056,view_product,2026-01-02 22:34:45,1
8819,SES02375,PROD001,view_product,2026-01-02 22:36:06,1
8820,SES02375,PROD076,view_product,2026-01-02 22:38:42,1
8821,SES02375,PROD084,view_product,2026-01-02 22:38:52,1
8822,SES02376,PROD089,view_product,2026-03-16 04:34:42,1
8823,SES02376,PROD052,view_product,2026-03-16 04:34:58,1
8824,SES02376,PROD086,view_product,2026-03-16 04:36:36,1
8825,SES02376,PROD022,view_product,2026-03-16 04:39:36,1
8826,SES02377,PROD086,view_product,2026-03-24 15:18:20,1
8827,SES02377,PROD076,view_product,2026-03-24 15:20:08,1
8828,SES02377,PROD060,view_product,2026-03-24 15:22:27,1
8829,SES02377,PROD086,add_to_cart,2026-03-24 15:24:07,1
8830,SES02377,PROD086,begin_checkout,2026-03-24 15:28:02,1
8831,SES02377,PROD086,purchase,2026-03-24 15:29:30,1
8832,SES02378,PROD020,view_product,2026-02-24 15:45:05,1
8833,SES02378,PROD005,view_product,2026-02-24 15:45:45,1
8834,SES02379,PROD037,view_product,2026-03-12 19:30:53,1
8835,SES02379,PROD094,view_product,2026-03-12 19:31:47,1
8836,SES02379,PROD068,view_product,2026-03-12 19:33:27,1
8837,SES02379,PROD086,view_product,2026-03-12 19:33:48,1
8838,SES02379,PROD068,add_to_cart,2026-03-12 19:36:02,1
8839,SES02380,PROD047,view_product,2026-03-12 03:30:36,1
8840,SES02380,PROD070,view_product,2026-03-12 03:33:07,1
8841,SES02380,PROD047,add_to_cart,2026-03-12 03:35:29,1
8842,SES02380,PROD047,begin_checkout,2026-03-12 03:39:49,1
8843,SES02381,PROD086,view_product,2026-01-24 04:22:15,1
8844,SES02381,PROD087,view_product,2026-01-24 04:23:20,1
8845,SES02381,PROD043,view_product,2026-01-24 04:25:47,1
8846,SES02381,PROD084,view_product,2026-01-24 04:26:57,1
8847,SES02381,PROD071,view_product,2026-01-24 04:28:42,1
8848,SES02381,PROD071,add_to_cart,2026-01-24 04:32:09,1
8849,SES02381,PROD071,begin_checkout,2026-01-24 04:35:38,1
8850,SES02381,PROD071,purchase,2026-01-24 04:37:14,1
8851,SES02382,PROD063,view_product,2026-02-12 08:11:44,1
8852,SES02382,PROD015,view_product,2026-02-12 08:13:41,1
8853,SES02382,PROD074,view_product,2026-02-12 08:16:20,1
8854,SES02382,PROD012,view_product,2026-02-12 08:18:57,1
8855,SES02382,PROD074,add_to_cart,2026-02-12 08:19:21,1
8856,SES02382,PROD074,begin_checkout,2026-02-12 08:20:30,1
8857,SES02382,PROD074,purchase,2026-02-12 08:29:39,1
8858,SES02383,PROD048,view_product,2026-03-28 17:57:04,1
8859,SES02383,PROD030,view_product,2026-03-28 17:57:59,1
8860,SES02383,PROD031,view_product,2026-03-28 17:59:57,1
8861,SES02383,PROD043,view_product,2026-03-28 18:00:50,1
8862,SES02383,PROD031,add_to_cart,2026-03-28 18:03:10,1
8863,SES02383,PROD031,begin_checkout,2026-03-28 18:07:58,1
8864,SES02383,PROD031,purchase,2026-03-28 18:12:08,1
8865,SES02384,PROD058,view_product,2026-02-27 05:02:00,1
8866,SES02385,PROD066,view_product,2026-03-28 05:12:32,1
8867,SES02385,PROD056,view_product,2026-03-28 05:15:07,1
8868,SES02385,PROD043,view_product,2026-03-28 05:18:03,1
8869,SES02385,PROD002,view_product,2026-03-28 05:19:23,1
8870,SES02386,PROD041,view_product,2026-02-12 15:50:55,1
8871,SES02387,PROD039,view_product,2026-03-27 20:22:03,1
8872,SES02387,PROD027,view_product,2026-03-27 20:23:07,1
8873,SES02387,PROD010,view_product,2026-03-27 20:24:34,1
8874,SES02387,PROD017,view_product,2026-03-27 20:27:28,1
8875,SES02387,PROD010,add_to_cart,2026-03-27 20:30:41,1
8876,SES02387,PROD010,begin_checkout,2026-03-27 20:34:00,1
8877,SES02387,PROD010,purchase,2026-03-27 20:35:32,1
8878,SES02388,PROD049,view_product,2026-03-01 04:33:07,1
8879,SES02388,PROD076,view_product,2026-03-01 04:35:12,1
8880,SES02389,PROD074,view_product,2026-01-19 02:29:57,1
8881,SES02389,PROD013,view_product,2026-01-19 02:32:24,1
8882,SES02389,PROD013,add_to_cart,2026-01-19 02:36:05,3
8883,SES02389,PROD013,begin_checkout,2026-01-19 02:39:16,3
8884,SES02390,PROD035,view_product,2026-01-23 02:53:17,1
8885,SES02390,PROD014,view_product,2026-01-23 02:53:31,1
8886,SES02390,PROD008,view_product,2026-01-23 02:54:57,1
8887,SES02390,PROD014,add_to_cart,2026-01-23 02:57:43,1
8888,SES02390,PROD014,begin_checkout,2026-01-23 02:59:51,1
8889,SES02390,PROD014,purchase,2026-01-23 03:03:24,1
8890,SES02391,PROD070,view_product,2026-01-11 08:55:12,1
8891,SES02391,PROD082,view_product,2026-01-11 08:55:51,1
8892,SES02391,PROD079,view_product,2026-01-11 08:56:55,1
8893,SES02391,PROD054,view_product,2026-01-11 08:57:44,1
8894,SES02391,PROD080,view_product,2026-01-11 09:00:34,1
8895,SES02392,PROD013,view_product,2026-01-21 09:39:50,1
8896,SES02392,PROD013,add_to_cart,2026-01-21 09:40:53,1
8897,SES02392,PROD013,begin_checkout,2026-01-21 09:44:32,1
8898,SES02392,PROD013,purchase,2026-01-21 09:47:06,1
8899,SES02393,PROD042,view_product,2026-03-08 17:06:38,1
8900,SES02393,PROD037,view_product,2026-03-08 17:06:48,1
8901,SES02393,PROD054,view_product,2026-03-08 17:07:43,1
8902,SES02394,PROD091,view_product,2026-02-03 04:11:54,1
8903,SES02394,PROD090,view_product,2026-02-03 04:14:29,1
8904,SES02394,PROD022,view_product,2026-02-03 04:15:51,1
8905,SES02394,PROD019,view_product,2026-02-03 04:16:02,1
8906,SES02394,PROD085,view_product,2026-02-03 04:18:17,1
8907,SES02395,PROD008,view_product,2026-03-06 16:52:45,1
8908,SES02395,PROD080,view_product,2026-03-06 16:53:07,1
8909,SES02395,PROD044,view_product,2026-03-06 16:56:06,1
8910,SES02395,PROD034,view_product,2026-03-06 16:56:28,1
8911,SES02396,PROD057,view_product,2026-03-13 09:49:31,1
8912,SES02397,PROD095,view_product,2026-02-02 17:58:27,1
8913,SES02397,PROD095,add_to_cart,2026-02-02 18:01:24,1
8914,SES02397,PROD095,begin_checkout,2026-02-02 18:04:47,1
8915,SES02397,PROD095,purchase,2026-02-02 18:12:19,1
8916,SES02398,PROD068,view_product,2026-02-02 18:18:24,1
8917,SES02398,PROD068,add_to_cart,2026-02-02 18:19:29,1
8918,SES02398,PROD068,begin_checkout,2026-02-02 18:23:03,1
8919,SES02399,PROD090,view_product,2026-02-27 23:46:45,1
8920,SES02399,PROD098,view_product,2026-02-27 23:48:47,1
8921,SES02399,PROD041,view_product,2026-02-27 23:51:42,1
8922,SES02399,PROD071,view_product,2026-02-27 23:54:28,1
8923,SES02399,PROD041,add_to_cart,2026-02-27 23:57:03,1
8924,SES02399,PROD041,begin_checkout,2026-02-27 23:58:03,1
8925,SES02400,PROD015,view_product,2026-03-24 09:15:56,1
8926,SES02400,PROD083,view_product,2026-03-24 09:16:46,1
8927,SES02400,PROD088,view_product,2026-03-24 09:19:22,1
8928,SES02400,PROD014,view_product,2026-03-24 09:22:01,1
8929,SES02400,PROD084,view_product,2026-03-24 09:24:46,1
8930,SES02400,PROD015,add_to_cart,2026-03-24 09:26:13,1
8931,SES02400,PROD015,begin_checkout,2026-03-24 09:27:26,1
8932,SES02400,PROD015,purchase,2026-03-24 09:37:11,1
8933,SES02401,PROD016,view_product,2026-03-24 23:39:27,1
8934,SES02402,PROD083,view_product,2026-03-28 09:57:56,1
8935,SES02402,PROD039,view_product,2026-03-28 10:00:14,1
8936,SES02402,PROD090,view_product,2026-03-28 10:02:35,1
8937,SES02402,PROD040,view_product,2026-03-28 10:04:58,1
8938,SES02402,PROD056,view_product,2026-03-28 10:06:48,1
8939,SES02403,PROD016,view_product,2026-03-30 16:03:18,1
8940,SES02403,PROD032,view_product,2026-03-30 16:06:03,1
8941,SES02403,PROD085,view_product,2026-03-30 16:06:39,1
8942,SES02403,PROD050,view_product,2026-03-30 16:08:35,1
8943,SES02403,PROD059,view_product,2026-03-30 16:10:04,1
8944,SES02404,PROD072,view_product,2026-03-08 05:08:02,1
8945,SES02404,PROD072,add_to_cart,2026-03-08 05:08:32,1
8946,SES02404,PROD072,begin_checkout,2026-03-08 05:10:12,1
8947,SES02404,PROD072,purchase,2026-03-08 05:17:19,1
8948,SES02405,PROD024,view_product,2026-03-16 12:24:50,1
8949,SES02405,PROD070,view_product,2026-03-16 12:25:32,1
8950,SES02405,PROD033,view_product,2026-03-16 12:26:19,1
8951,SES02406,PROD062,view_product,2026-03-31 10:24:57,1
8952,SES02406,PROD011,view_product,2026-03-31 10:25:09,1
8953,SES02406,PROD081,view_product,2026-03-31 10:25:54,1
8954,SES02406,PROD032,view_product,2026-03-31 10:27:24,1
8955,SES02406,PROD081,add_to_cart,2026-03-31 10:29:56,1
8956,SES02406,PROD081,begin_checkout,2026-03-31 10:30:46,1
8957,SES02407,PROD084,view_product,2026-03-17 00:42:22,1
8958,SES02407,PROD082,view_product,2026-03-17 00:45:21,1
8959,SES02408,PROD039,view_product,2026-03-30 08:19:32,1
8960,SES02408,PROD007,view_product,2026-03-30 08:21:46,1
8961,SES02408,PROD070,view_product,2026-03-30 08:22:30,1
8962,SES02408,PROD090,view_product,2026-03-30 08:22:59,1
8963,SES02408,PROD070,add_to_cart,2026-03-30 08:24:28,1
8964,SES02409,PROD010,view_product,2026-03-29 15:58:04,1
8965,SES02409,PROD003,view_product,2026-03-29 16:00:20,1
8966,SES02409,PROD089,view_product,2026-03-29 16:01:07,1
8967,SES02409,PROD003,add_to_cart,2026-03-29 16:01:57,2
8968,SES02409,PROD003,begin_checkout,2026-03-29 16:04:00,2
8969,SES02409,PROD003,purchase,2026-03-29 16:09:56,2
8970,SES02410,PROD097,view_product,2026-03-07 03:21:25,1
8971,SES02410,PROD093,view_product,2026-03-07 03:24:03,1
8972,SES02410,PROD091,view_product,2026-03-07 03:26:34,1
8973,SES02410,PROD092,view_product,2026-03-07 03:28:05,1
8974,SES02411,PROD025,view_product,2026-03-27 18:21:45,1
8975,SES02411,PROD049,view_product,2026-03-27 18:23:52,1
8976,SES02411,PROD083,view_product,2026-03-27 18:26:22,1
8977,SES02411,PROD086,view_product,2026-03-27 18:29:18,1
8978,SES02411,PROD081,view_product,2026-03-27 18:31:17,1
8979,SES02412,PROD046,view_product,2026-03-19 23:11:39,1
8980,SES02412,PROD059,view_product,2026-03-19 23:12:48,1
8981,SES02412,PROD059,add_to_cart,2026-03-19 23:13:21,1
8982,SES02413,PROD041,view_product,2026-03-24 09:34:18,1
8983,SES02413,PROD032,view_product,2026-03-24 09:36:27,1
8984,SES02414,PROD093,view_product,2026-03-22 15:19:52,1
8985,SES02415,PROD026,view_product,2026-01-28 10:26:02,1
8986,SES02415,PROD045,view_product,2026-01-28 10:27:58,1
8987,SES02415,PROD059,view_product,2026-01-28 10:29:54,1
8988,SES02415,PROD049,view_product,2026-01-28 10:30:36,1
8989,SES02416,PROD079,view_product,2026-03-20 19:48:25,1
8990,SES02417,PROD044,view_product,2026-01-17 15:12:31,1
8991,SES02417,PROD013,view_product,2026-01-17 15:12:49,1
8992,SES02417,PROD026,view_product,2026-01-17 15:14:22,1
8993,SES02418,PROD096,view_product,2026-02-10 03:27:57,1
8994,SES02418,PROD096,add_to_cart,2026-02-10 03:29:39,1
8995,SES02418,PROD096,begin_checkout,2026-02-10 03:32:06,1
8996,SES02419,PROD002,view_product,2026-02-11 15:23:19,1
8997,SES02419,PROD043,view_product,2026-02-11 15:25:34,1
8998,SES02419,PROD094,view_product,2026-02-11 15:26:44,1
8999,SES02419,PROD004,view_product,2026-02-11 15:29:01,1
9000,SES02419,PROD033,view_product,2026-02-11 15:29:47,1
9001,SES02419,PROD094,add_to_cart,2026-02-11 15:33:43,1
9002,SES02420,PROD091,view_product,2026-03-18 09:30:02,1
9003,SES02421,PROD018,view_product,2026-01-17 17:58:05,1
9004,SES02421,PROD018,add_to_cart,2026-01-17 18:02:03,2
9005,SES02421,PROD018,begin_checkout,2026-01-17 18:04:30,2
9006,SES02422,PROD018,view_product,2026-03-07 12:17:06,1
9007,SES02422,PROD016,view_product,2026-03-07 12:19:08,1
9008,SES02422,PROD010,view_product,2026-03-07 12:20:39,1
9009,SES02423,PROD040,view_product,2026-02-18 08:34:18,1
9010,SES02424,PROD031,view_product,2026-01-02 13:39:46,1
9011,SES02424,PROD007,view_product,2026-01-02 13:41:21,1
9012,SES02425,PROD013,view_product,2026-03-22 15:17:38,1
9013,SES02425,PROD066,view_product,2026-03-22 15:19:04,1
9014,SES02425,PROD003,view_product,2026-03-22 15:21:34,1
9015,SES02425,PROD032,view_product,2026-03-22 15:23:19,1
9016,SES02425,PROD091,view_product,2026-03-22 15:23:52,1
9017,SES02426,PROD091,view_product,2026-01-13 12:35:13,1
9018,SES02426,PROD091,add_to_cart,2026-01-13 12:36:02,1
9019,SES02426,PROD091,begin_checkout,2026-01-13 12:40:08,1
9020,SES02427,PROD098,view_product,2026-03-12 15:12:07,1
9021,SES02427,PROD009,view_product,2026-03-12 15:14:42,1
9022,SES02428,PROD036,view_product,2026-01-02 01:03:13,1
9023,SES02429,PROD053,view_product,2026-02-11 21:33:06,1
9024,SES02429,PROD053,add_to_cart,2026-02-11 21:34:36,2
9025,SES02430,PROD047,view_product,2026-01-29 09:08:02,1
9026,SES02430,PROD043,view_product,2026-01-29 09:10:38,1
9027,SES02430,PROD096,view_product,2026-01-29 09:12:05,1
9028,SES02430,PROD096,add_to_cart,2026-01-29 09:12:57,1
9029,SES02431,PROD017,view_product,2026-02-04 16:41:37,1
9030,SES02431,PROD085,view_product,2026-02-04 16:42:06,1
9031,SES02431,PROD011,view_product,2026-02-04 16:44:29,1
9032,SES02431,PROD063,view_product,2026-02-04 16:47:12,1
9033,SES02432,PROD063,view_product,2026-02-18 05:42:06,1
9034,SES02432,PROD055,view_product,2026-02-18 05:43:50,1
9035,SES02432,PROD061,view_product,2026-02-18 05:44:16,1
9036,SES02432,PROD095,view_product,2026-02-18 05:45:21,1
9037,SES02433,PROD074,view_product,2026-03-18 16:29:39,1
9038,SES02433,PROD029,view_product,2026-03-18 16:30:30,1
9039,SES02433,PROD079,view_product,2026-03-18 16:30:50,1
9040,SES02433,PROD059,view_product,2026-03-18 16:32:11,1
9041,SES02433,PROD083,view_product,2026-03-18 16:34:30,1
9042,SES02434,PROD066,view_product,2026-02-28 13:21:51,1
9043,SES02434,PROD011,view_product,2026-02-28 13:22:58,1
9044,SES02434,PROD083,view_product,2026-02-28 13:24:19,1
9045,SES02434,PROD095,view_product,2026-02-28 13:24:58,1
9046,SES02435,PROD100,view_product,2026-01-03 23:21:28,1
9047,SES02435,PROD040,view_product,2026-01-03 23:22:41,1
9048,SES02435,PROD094,view_product,2026-01-03 23:25:31,1
9049,SES02435,PROD087,view_product,2026-01-03 23:28:23,1
9050,SES02436,PROD014,view_product,2026-01-31 23:20:22,1
9051,SES02436,PROD099,view_product,2026-01-31 23:23:21,1
9052,SES02436,PROD070,view_product,2026-01-31 23:25:11,1
9053,SES02436,PROD082,view_product,2026-01-31 23:25:56,1
9054,SES02436,PROD042,view_product,2026-01-31 23:26:14,1
9055,SES02436,PROD070,add_to_cart,2026-01-31 23:29:02,2
9056,SES02436,PROD070,begin_checkout,2026-01-31 23:31:32,2
9057,SES02436,PROD070,purchase,2026-01-31 23:40:10,2
9058,SES02437,PROD059,view_product,2026-02-09 20:45:08,1
9059,SES02437,PROD002,view_product,2026-02-09 20:48:00,1
9060,SES02437,PROD018,view_product,2026-02-09 20:48:29,1
9061,SES02437,PROD007,view_product,2026-02-09 20:50:09,1
9062,SES02437,PROD018,add_to_cart,2026-02-09 20:53:19,1
9063,SES02438,PROD035,view_product,2026-03-11 19:22:11,1
9064,SES02438,PROD037,view_product,2026-03-11 19:24:16,1
9065,SES02438,PROD098,view_product,2026-03-11 19:26:38,1
9066,SES02439,PROD076,view_product,2026-03-20 21:52:28,1
9067,SES02439,PROD022,view_product,2026-03-20 21:53:05,1
9068,SES02439,PROD083,view_product,2026-03-20 21:53:23,1
9069,SES02439,PROD092,view_product,2026-03-20 21:53:42,1
9070,SES02439,PROD094,view_product,2026-03-20 21:55:48,1
9071,SES02440,PROD064,view_product,2026-03-20 17:30:38,1
9072,SES02440,PROD098,view_product,2026-03-20 17:31:32,1
9073,SES02440,PROD009,view_product,2026-03-20 17:32:57,1
9074,SES02441,PROD013,view_product,2026-02-17 17:57:29,1
9075,SES02441,PROD003,view_product,2026-02-17 18:00:00,1
9076,SES02441,PROD089,view_product,2026-02-17 18:01:59,1
9077,SES02442,PROD039,view_product,2026-01-27 13:08:21,1
9078,SES02442,PROD064,view_product,2026-01-27 13:10:55,1
9079,SES02442,PROD008,view_product,2026-01-27 13:13:25,1
9080,SES02443,PROD030,view_product,2026-01-26 09:44:44,1
9081,SES02443,PROD030,add_to_cart,2026-01-26 09:47:56,1
9082,SES02443,PROD030,begin_checkout,2026-01-26 09:50:56,1
9083,SES02443,PROD030,purchase,2026-01-26 09:52:25,1
9084,SES02444,PROD062,view_product,2026-03-06 00:32:12,1
9085,SES02444,PROD085,view_product,2026-03-06 00:33:16,1
9086,SES02444,PROD033,view_product,2026-03-06 00:36:09,1
9087,SES02444,PROD077,view_product,2026-03-06 00:36:33,1
9088,SES02444,PROD087,view_product,2026-03-06 00:37:49,1
9089,SES02445,PROD076,view_product,2026-03-28 01:19:44,1
9090,SES02445,PROD074,view_product,2026-03-28 01:20:35,1
9091,SES02445,PROD019,view_product,2026-03-28 01:21:57,1
9092,SES02445,PROD034,view_product,2026-03-28 01:24:06,1
9093,SES02445,PROD052,view_product,2026-03-28 01:24:21,1
9094,SES02445,PROD052,add_to_cart,2026-03-28 01:27:30,1
9095,SES02445,PROD052,begin_checkout,2026-03-28 01:28:47,1
9096,SES02445,PROD052,purchase,2026-03-28 01:34:42,1
9097,SES02446,PROD066,view_product,2026-02-28 16:31:05,1
9098,SES02446,PROD066,add_to_cart,2026-02-28 16:34:49,1
9099,SES02446,PROD066,begin_checkout,2026-02-28 16:35:30,1
9100,SES02446,PROD066,purchase,2026-02-28 16:40:37,1
9101,SES02447,PROD004,view_product,2026-03-31 18:45:12,1
9102,SES02447,PROD089,view_product,2026-03-31 18:46:59,1
9103,SES02447,PROD043,view_product,2026-03-31 18:47:44,1
9104,SES02447,PROD043,add_to_cart,2026-03-31 18:48:51,1
9105,SES02447,PROD043,begin_checkout,2026-03-31 18:52:13,1
9106,SES02447,PROD043,purchase,2026-03-31 18:54:21,1
9107,SES02448,PROD002,view_product,2026-03-29 11:27:55,1
9108,SES02448,PROD063,view_product,2026-03-29 11:30:51,1
9109,SES02448,PROD014,view_product,2026-03-29 11:33:30,1
9110,SES02448,PROD032,view_product,2026-03-29 11:34:32,1
9111,SES02448,PROD002,add_to_cart,2026-03-29 11:35:19,1
9112,SES02448,PROD002,begin_checkout,2026-03-29 11:38:27,1
9113,SES02449,PROD026,view_product,2026-02-12 12:01:03,1
9114,SES02449,PROD072,view_product,2026-02-12 12:02:33,1
9115,SES02449,PROD034,view_product,2026-02-12 12:04:31,1
9116,SES02449,PROD072,add_to_cart,2026-02-12 12:07:41,1
9117,SES02449,PROD072,begin_checkout,2026-02-12 12:10:50,1
9118,SES02449,PROD072,purchase,2026-02-12 12:14:15,1
9119,SES02450,PROD098,view_product,2026-03-24 15:01:49,1
9120,SES02450,PROD100,view_product,2026-03-24 15:03:41,1
9121,SES02450,PROD041,view_product,2026-03-24 15:06:06,1
9122,SES02450,PROD069,view_product,2026-03-24 15:06:48,1
9123,SES02451,PROD005,view_product,2026-01-11 08:05:48,1
9124,SES02451,PROD024,view_product,2026-01-11 08:06:47,1
9125,SES02451,PROD025,view_product,2026-01-11 08:08:25,1
9126,SES02452,PROD083,view_product,2026-03-30 02:29:05,1
9127,SES02452,PROD022,view_product,2026-03-30 02:29:22,1
9128,SES02452,PROD066,view_product,2026-03-30 02:30:58,1
9129,SES02452,PROD022,add_to_cart,2026-03-30 02:34:56,1
9130,SES02452,PROD022,begin_checkout,2026-03-30 02:39:46,1
9131,SES02452,PROD022,purchase,2026-03-30 02:48:27,1
9132,SES02453,PROD064,view_product,2026-01-13 18:27:47,1
9133,SES02453,PROD063,view_product,2026-01-13 18:29:07,1
9134,SES02453,PROD062,view_product,2026-01-13 18:31:41,1
9135,SES02453,PROD033,view_product,2026-01-13 18:33:30,1
9136,SES02453,PROD063,add_to_cart,2026-01-13 18:35:34,1
9137,SES02453,PROD063,begin_checkout,2026-01-13 18:36:31,1
9138,SES02453,PROD063,purchase,2026-01-13 18:37:39,1
9139,SES02454,PROD095,view_product,2026-01-21 04:16:41,1
9140,SES02454,PROD086,view_product,2026-01-21 04:18:24,1
9141,SES02455,PROD046,view_product,2026-02-18 05:45:47,1
9142,SES02455,PROD084,view_product,2026-02-18 05:46:22,1
9143,SES02455,PROD038,view_product,2026-02-18 05:47:07,1
9144,SES02455,PROD049,view_product,2026-02-18 05:47:48,1
9145,SES02455,PROD003,view_product,2026-02-18 05:48:03,1
9146,SES02456,PROD078,view_product,2026-02-16 23:56:30,1
9147,SES02456,PROD056,view_product,2026-02-16 23:57:03,1
9148,SES02457,PROD060,view_product,2026-02-21 14:37:41,1
9149,SES02457,PROD004,view_product,2026-02-21 14:38:27,1
9150,SES02457,PROD057,view_product,2026-02-21 14:40:18,1
9151,SES02458,PROD016,view_product,2026-03-19 02:12:57,1
9152,SES02458,PROD088,view_product,2026-03-19 02:13:21,1
9153,SES02458,PROD088,add_to_cart,2026-03-19 02:17:07,1
9154,SES02458,PROD088,begin_checkout,2026-03-19 02:20:09,1
9155,SES02458,PROD088,purchase,2026-03-19 02:29:49,1
9156,SES02459,PROD076,view_product,2026-03-31 18:36:19,1
9157,SES02459,PROD034,view_product,2026-03-31 18:37:55,1
9158,SES02459,PROD073,view_product,2026-03-31 18:39:23,1
9159,SES02459,PROD054,view_product,2026-03-31 18:42:07,1
9160,SES02460,PROD015,view_product,2026-03-11 01:21:11,1
9161,SES02460,PROD023,view_product,2026-03-11 01:23:27,1
9162,SES02460,PROD058,view_product,2026-03-11 01:24:50,1
9163,SES02460,PROD093,view_product,2026-03-11 01:27:48,1
9164,SES02460,PROD025,view_product,2026-03-11 01:28:34,1
9165,SES02461,PROD021,view_product,2026-03-24 12:40:35,1
9166,SES02462,PROD035,view_product,2026-03-15 03:23:49,1
9167,SES02462,PROD091,view_product,2026-03-15 03:25:09,1
9168,SES02462,PROD004,view_product,2026-03-15 03:25:29,1
9169,SES02462,PROD099,view_product,2026-03-15 03:26:50,1
9170,SES02463,PROD065,view_product,2026-01-10 15:23:42,1
9171,SES02463,PROD011,view_product,2026-01-10 15:23:56,1
9172,SES02463,PROD065,add_to_cart,2026-01-10 15:27:36,1
9173,SES02463,PROD065,begin_checkout,2026-01-10 15:29:28,1
9174,SES02463,PROD065,purchase,2026-01-10 15:35:26,1
9175,SES02464,PROD063,view_product,2026-03-12 17:28:04,1
9176,SES02464,PROD062,view_product,2026-03-12 17:30:53,1
9177,SES02464,PROD035,view_product,2026-03-12 17:31:56,1
9178,SES02464,PROD024,view_product,2026-03-12 17:33:27,1
9179,SES02465,PROD094,view_product,2026-03-21 14:35:05,1
9180,SES02465,PROD018,view_product,2026-03-21 14:37:28,1
9181,SES02466,PROD006,view_product,2026-03-01 03:59:39,1
9182,SES02466,PROD006,add_to_cart,2026-03-01 04:03:07,1
9183,SES02466,PROD006,begin_checkout,2026-03-01 04:05:48,1
9184,SES02466,PROD006,purchase,2026-03-01 04:11:05,1
9185,SES02467,PROD009,view_product,2026-03-31 22:47:35,1
9186,SES02467,PROD047,view_product,2026-03-31 22:48:13,1
9187,SES02467,PROD046,view_product,2026-03-31 22:48:29,1
9188,SES02467,PROD061,view_product,2026-03-31 22:50:10,1
9189,SES02467,PROD047,add_to_cart,2026-03-31 22:52:21,1
9190,SES02467,PROD047,begin_checkout,2026-03-31 22:55:56,1
9191,SES02467,PROD047,purchase,2026-03-31 23:00:30,1
9192,SES02468,PROD025,view_product,2026-01-23 02:41:11,1
9193,SES02468,PROD036,view_product,2026-01-23 02:43:33,1
9194,SES02468,PROD011,view_product,2026-01-23 02:45:10,1
9195,SES02468,PROD095,view_product,2026-01-23 02:45:33,1
9196,SES02469,PROD082,view_product,2026-02-14 01:37:20,1
9197,SES02469,PROD090,view_product,2026-02-14 01:39:49,1
9198,SES02469,PROD004,view_product,2026-02-14 01:40:03,1
9199,SES02469,PROD068,view_product,2026-02-14 01:40:13,1
9200,SES02469,PROD020,view_product,2026-02-14 01:42:58,1
9201,SES02469,PROD090,add_to_cart,2026-02-14 01:45:36,1
9202,SES02470,PROD045,view_product,2026-03-15 03:04:06,1
9203,SES02470,PROD024,view_product,2026-03-15 03:07:00,1
9204,SES02470,PROD032,view_product,2026-03-15 03:08:32,1
9205,SES02471,PROD100,view_product,2026-02-07 08:40:32,1
9206,SES02471,PROD080,view_product,2026-02-07 08:41:11,1
9207,SES02471,PROD067,view_product,2026-02-07 08:43:18,1
9208,SES02471,PROD093,view_product,2026-02-07 08:45:00,1
9209,SES02471,PROD060,view_product,2026-02-07 08:47:04,1
9210,SES02472,PROD008,view_product,2026-01-02 08:04:19,1
9211,SES02472,PROD056,view_product,2026-01-02 08:06:28,1
9212,SES02472,PROD001,view_product,2026-01-02 08:08:04,1
9213,SES02472,PROD078,view_product,2026-01-02 08:08:17,1
9214,SES02472,PROD037,view_product,2026-01-02 08:09:10,1
9215,SES02473,PROD055,view_product,2026-01-03 08:00:17,1
9216,SES02473,PROD064,view_product,2026-01-03 08:01:50,1
9217,SES02473,PROD084,view_product,2026-01-03 08:03:27,1
9218,SES02473,PROD045,view_product,2026-01-03 08:05:55,1
9219,SES02473,PROD067,view_product,2026-01-03 08:07:31,1
9220,SES02474,PROD080,view_product,2026-03-15 02:46:12,1
9221,SES02474,PROD057,view_product,2026-03-15 02:48:02,1
9222,SES02474,PROD023,view_product,2026-03-15 02:49:57,1
9223,SES02475,PROD070,view_product,2026-01-18 06:44:17,1
9224,SES02475,PROD070,add_to_cart,2026-01-18 06:47:55,1
9225,SES02476,PROD052,view_product,2026-03-30 03:28:28,1
9226,SES02476,PROD019,view_product,2026-03-30 03:30:16,1
9227,SES02476,PROD014,view_product,2026-03-30 03:31:32,1
9228,SES02477,PROD014,view_product,2026-02-28 17:15:19,1
9229,SES02477,PROD055,view_product,2026-02-28 17:17:23,1
9230,SES02477,PROD092,view_product,2026-02-28 17:18:38,1
9231,SES02478,PROD066,view_product,2026-02-24 08:19:24,1
9232,SES02478,PROD095,view_product,2026-02-24 08:21:28,1
9233,SES02478,PROD090,view_product,2026-02-24 08:22:47,1
9234,SES02478,PROD047,view_product,2026-02-24 08:25:35,1
9235,SES02478,PROD069,view_product,2026-02-24 08:26:04,1
9236,SES02479,PROD055,view_product,2026-03-20 17:53:02,1
9237,SES02479,PROD038,view_product,2026-03-20 17:55:21,1
9238,SES02480,PROD061,view_product,2026-02-22 05:35:42,1
9239,SES02480,PROD007,view_product,2026-02-22 05:38:19,1
9240,SES02480,PROD010,view_product,2026-02-22 05:39:23,1
9241,SES02480,PROD021,view_product,2026-02-22 05:40:01,1
9242,SES02481,PROD032,view_product,2026-03-28 06:04:39,1
9243,SES02481,PROD057,view_product,2026-03-28 06:05:58,1
9244,SES02481,PROD070,view_product,2026-03-28 06:08:00,1
9245,SES02481,PROD032,add_to_cart,2026-03-28 06:10:45,1
9246,SES02481,PROD032,begin_checkout,2026-03-28 06:14:11,1
9247,SES02481,PROD032,purchase,2026-03-28 06:23:52,1
9248,SES02482,PROD100,view_product,2026-03-09 16:42:37,1
9249,SES02483,PROD100,view_product,2026-01-16 10:35:31,1
9250,SES02483,PROD064,view_product,2026-01-16 10:37:14,1
9251,SES02483,PROD016,view_product,2026-01-16 10:39:03,1
9252,SES02484,PROD071,view_product,2026-01-08 00:39:01,1
9253,SES02485,PROD091,view_product,2026-03-18 11:25:24,1
9254,SES02485,PROD040,view_product,2026-03-18 11:27:01,1
9255,SES02486,PROD063,view_product,2026-03-10 09:30:44,1
9256,SES02486,PROD069,view_product,2026-03-10 09:33:41,1
9257,SES02486,PROD028,view_product,2026-03-10 09:36:26,1
9258,SES02486,PROD063,add_to_cart,2026-03-10 09:37:49,1
9259,SES02486,PROD063,begin_checkout,2026-03-10 09:40:24,1
9260,SES02487,PROD035,view_product,2026-01-13 03:19:40,1
9261,SES02487,PROD079,view_product,2026-01-13 03:19:57,1
9262,SES02487,PROD087,view_product,2026-01-13 03:22:14,1
9263,SES02487,PROD078,view_product,2026-01-13 03:22:35,1
9264,SES02487,PROD057,view_product,2026-01-13 03:24:34,1
9265,SES02487,PROD078,add_to_cart,2026-01-13 03:26:25,1
9266,SES02487,PROD078,begin_checkout,2026-01-13 03:29:17,1
9267,SES02488,PROD094,view_product,2026-01-05 22:36:45,1
9268,SES02489,PROD031,view_product,2026-02-05 03:01:09,1
9269,SES02489,PROD065,view_product,2026-02-05 03:02:06,1
9270,SES02489,PROD090,view_product,2026-02-05 03:02:36,1
9271,SES02489,PROD059,view_product,2026-02-05 03:04:17,1
9272,SES02490,PROD065,view_product,2026-03-22 19:45:30,1
9273,SES02490,PROD056,view_product,2026-03-22 19:47:54,1
9274,SES02490,PROD055,view_product,2026-03-22 19:48:42,1
9275,SES02490,PROD055,add_to_cart,2026-03-22 19:50:15,1
9276,SES02490,PROD055,begin_checkout,2026-03-22 19:52:12,1
9277,SES02490,PROD055,purchase,2026-03-22 19:59:22,1
9278,SES02491,PROD091,view_product,2026-02-18 20:22:55,1
9279,SES02491,PROD034,view_product,2026-02-18 20:23:49,1
9280,SES02491,PROD091,add_to_cart,2026-02-18 20:27:06,1
9281,SES02491,PROD091,begin_checkout,2026-02-18 20:32:04,1
9282,SES02492,PROD002,view_product,2026-01-16 11:02:00,1
9283,SES02493,PROD066,view_product,2026-03-06 06:10:23,1
9284,SES02493,PROD034,view_product,2026-03-06 06:12:20,1
9285,SES02493,PROD100,view_product,2026-03-06 06:14:26,1
9286,SES02494,PROD084,view_product,2026-03-22 08:31:00,1
9287,SES02494,PROD090,view_product,2026-03-22 08:32:25,1
9288,SES02494,PROD049,view_product,2026-03-22 08:33:55,1
9289,SES02494,PROD050,view_product,2026-03-22 08:35:51,1
9290,SES02495,PROD048,view_product,2026-02-25 23:54:36,1
9291,SES02495,PROD057,view_product,2026-02-25 23:56:51,1
9292,SES02495,PROD084,view_product,2026-02-25 23:59:51,1
9293,SES02496,PROD033,view_product,2026-03-21 06:26:33,1
9294,SES02496,PROD062,view_product,2026-03-21 06:28:13,1
9295,SES02496,PROD051,view_product,2026-03-21 06:28:55,1
9296,SES02496,PROD006,view_product,2026-03-21 06:29:07,1
9297,SES02497,PROD042,view_product,2026-03-04 05:07:04,1
9298,SES02497,PROD024,view_product,2026-03-04 05:08:47,1
9299,SES02497,PROD010,view_product,2026-03-04 05:09:12,1
9300,SES02497,PROD010,add_to_cart,2026-03-04 05:11:33,1
9301,SES02497,PROD010,begin_checkout,2026-03-04 05:16:19,1
9302,SES02497,PROD010,purchase,2026-03-04 05:19:46,1
9303,SES02498,PROD047,view_product,2026-01-17 04:14:49,1
9304,SES02498,PROD089,view_product,2026-01-17 04:17:31,1
9305,SES02498,PROD006,view_product,2026-01-17 04:19:58,1
9306,SES02498,PROD054,view_product,2026-01-17 04:22:07,1
9307,SES02498,PROD078,view_product,2026-01-17 04:23:16,1
9308,SES02499,PROD040,view_product,2026-03-29 02:33:36,1
9309,SES02499,PROD054,view_product,2026-03-29 02:34:37,1
9310,SES02500,PROD070,view_product,2026-01-09 12:25:07,1
