session_id,visitor_id,customer_id,session_start,device,traffic_source
SES00001,VIS_CUST0426,CUST0426,2026-03-15 15:54:16,Desktop,Email
SES00002,VIS_CUST0371,CUST0371,2026-03-31 01:20:06,Mobile,Organic Search
SES00003,VIS_CUST0501,CUST0501,2026-03-29 06:33:50,Mobile,Direct
SES00004,VIS_CUST0023,CUST0023,2026-01-25 16:55:41,Desktop,Email
SES00005,ANON_00005,,2026-03-04 17:00:40,Tablet,Paid Search
SES00006,VIS_CUST0551,CUST0551,2026-02-21 08:17:32,Mobile,Referral
SES00007,VIS_CUST0737,CUST0737,2026-02-11 04:17:23,Mobile,Direct
SES00008,VIS_CUST0613,CUST0613,2026-03-10 06:46:32,Desktop,Organic Search
SES00009,VIS_CUST0939,CUST0939,2026-03-30 23:36:30,Mobile,Social
SES00010,VIS_CUST0571,CUST0571,2026-03-27 09:52:54,Desktop,Organic Search
SES00011,VIS_CUST0308,CUST0308,2026-01-18 20:28:08,Desktop,Paid Search
SES00012,VIS_CUST0992,CUST0992,2026-02-24 02:34:20,Mobile,Paid Search
SES00013,VIS_CUST0780,CUST0780,2026-03-31 03:06:28,Mobile,Organic Search
SES00014,VIS_CUST0721,CUST0721,2026-02-08 12:13:10,Desktop,Social
SES00015,VIS_CUST0209,CUST0209,2026-01-31 09:09:40,Mobile,Social
SES00016,VIS_CUST0738,CUST0738,2026-02-12 15:50:52,Mobile,Paid Search
SES00017,VIS_CUST0503,CUST0503,2026-01-17 08:00:46,Desktop,Paid Search
SES00018,VIS_CUST0658,CUST0658,2026-03-23 17:13:11,Mobile,Direct
SES00019,ANON_00019,,2026-01-23 11:16:44,Mobile,Organic Search
SES00020,VIS_CUST0632,CUST0632,2026-02-16 21:56:50,Desktop,Organic Search
SES00021,VIS_CUST0826,CUST0826,2026-01-18 09:43:19,Mobile,Organic Search
SES00022,VIS_CUST0879,CUST0879,2026-03-25 09:13:43,Mobile,Paid Search
SES00023,VIS_CUST0879,CUST0879,2026-03-31 09:50:15,Desktop,Organic Search
SES00024,VIS_CUST0578,CUST0578,2026-02-25 00:29:49,Desktop,Paid Search
SES00025,ANON_00025,,2026-02-03 01:38:19,Mobile,Social
SES00026,VIS_CUST0191,CUST0191,2026-02-26 21:11:16,Desktop,Organic Search
SES00027,VIS_CUST0110,CUST0110,2026-01-01 12:06:20,Desktop,Paid Search
SES00028,VIS_CUST0106,CUST0106,2026-01-09 16:49:37,Mobile,Organic Search
SES00029,VIS_CUST0174,CUST0174,2026-01-27 02:37:35,Mobile,Paid Search
SES00030,VIS_CUST0632,CUST0632,2026-02-14 10:53:41,Mobile,Paid Search
SES00031,VIS_CUST0249,CUST0249,2026-02-06 12:16:20,Mobile,Direct
SES00032,VIS_CUST0976,CUST0976,2026-02-14 19:39:27,Desktop,Organic Search
SES00033,VIS_CUST0946,CUST0946,2026-03-31 02:35:54,Desktop,Social
SES00034,VIS_CUST0364,CUST0364,2026-03-27 19:37:08,Mobile,Social
SES00035,VIS_CUST0595,CUST0595,2026-02-26 11:02:28,Mobile,Paid Search
SES00036,VIS_CUST0714,CUST0714,2026-03-19 17:46:41,Mobile,Organic Search
SES00037,VIS_CUST0169,CUST0169,2026-01-24 16:21:30,Mobile,Social
SES00038,VIS_CUST0211,CUST0211,2026-03-21 12:31:21,Desktop,Direct
SES00039,VIS_CUST0612,CUST0612,2026-03-01 08:27:06,Mobile,Organic Search
SES00040,VIS_CUST0142,CUST0142,2026-03-06 15:03:16,Mobile,Paid Search
SES00041,VIS_CUST0887,CUST0887,2026-03-25 02:47:28,Mobile,Organic Search
SES00042,VIS_CUST0032,CUST0032,2026-03-15 21:23:25,Mobile,Organic Search
SES00043,VIS_CUST0508,CUST0508,2026-02-19 14:15:51,Mobile,Organic Search
SES00044,VIS_CUST0254,CUST0254,2026-02-10 03:06:08,Mobile,Paid Search
SES00045,VIS_CUST0831,CUST0831,2026-02-27 01:57:43,Desktop,Direct
SES00046,VIS_CUST0173,CUST0173,2026-03-10 08:33:51,Mobile,Social
SES00047,VIS_CUST0146,CUST0146,2026-03-03 09:36:12,Mobile,Paid Search
SES00048,VIS_CUST0596,CUST0596,2026-03-26 08:42:06,Desktop,Email
SES00049,ANON_00049,,2026-02-18 00:46:09,Mobile,Direct
SES00050,VIS_CUST0048,CUST0048,2026-03-26 04:46:33,Desktop,Paid Search
SES00051,ANON_00051,,2026-02-11 12:50:40,Mobile,Email
SES00052,VIS_CUST0054,CUST0054,2026-03-02 17:45:49,Mobile,Email
SES00053,VIS_CUST0235,CUST0235,2026-01-09 16:09:23,Desktop,Organic Search
SES00054,VIS_CUST0544,CUST0544,2026-01-01 19:44:51,Mobile,Organic Search
SES00055,ANON_00055,,2026-01-09 09:59:51,Desktop,Organic Search
SES00056,VIS_CUST0739,CUST0739,2026-01-28 15:54:48,Desktop,Email
SES00057,VIS_CUST0116,CUST0116,2026-02-18 12:06:42,Mobile,Organic Search
SES00058,VIS_CUST0018,CUST0018,2026-01-07 13:21:44,Mobile,Organic Search
SES00059,ANON_00059,,2026-03-20 10:54:59,Mobile,Paid Search
SES00060,VIS_CUST0760,CUST0760,2026-03-13 21:51:31,Mobile,Organic Search
SES00061,VIS_CUST0802,CUST0802,2026-03-11 23:30:19,Mobile,Paid Search
SES00062,VIS_CUST0524,CUST0524,2026-01-13 09:10:56,Mobile,Social
SES00063,VIS_CUST0484,CUST0484,2026-02-07 04:24:24,Desktop,Organic Search
SES00064,VIS_CUST0427,CUST0427,2026-03-21 22:23:33,Mobile,Direct
SES00065,VIS_CUST0567,CUST0567,2026-02-26 09:17:05,Mobile,Organic Search
SES00066,ANON_00066,,2026-03-17 07:56:43,Mobile,Direct
SES00067,ANON_00067,,2026-01-01 03:24:24,Desktop,Paid Search
SES00068,ANON_00068,,2026-01-14 19:45:15,Desktop,Organic Search
SES00069,VIS_CUST0098,CUST0098,2026-03-13 11:33:17,Mobile,Paid Search
SES00070,VIS_CUST0326,CUST0326,2026-01-27 09:42:11,Mobile,Direct
SES00071,VIS_CUST0316,CUST0316,2026-03-30 19:17:50,Desktop,Organic Search
SES00072,VIS_CUST0179,CUST0179,2026-02-09 06:18:07,Desktop,Social
SES00073,VIS_CUST0601,CUST0601,2026-02-06 06:43:58,Mobile,Organic Search
SES00074,VIS_CUST0742,CUST0742,2026-02-18 04:03:29,Mobile,Email
SES00075,VIS_CUST0511,CUST0511,2026-03-27 17:01:23,Mobile,Organic Search
SES00076,VIS_CUST0558,CUST0558,2026-02-17 01:23:06,Mobile,Social
SES00077,VIS_CUST0673,CUST0673,2026-01-26 21:03:10,Mobile,Direct
SES00078,ANON_00078,,2026-02-07 17:05:24,Mobile,Direct
SES00079,VIS_CUST0936,CUST0936,2026-01-03 17:43:33,Desktop,Paid Search
SES00080,VIS_CUST0134,CUST0134,2026-02-13 05:30:41,Desktop,Direct
SES00081,ANON_00081,,2026-01-08 01:00:39,Mobile,Direct
SES00082,ANON_00082,,2026-03-05 00:41:58,Mobile,Email
SES00083,VIS_CUST0829,CUST0829,2026-01-22 10:43:23,Mobile,Organic Search
SES00084,ANON_00084,,2026-03-21 18:36:38,Desktop,Social
SES00085,ANON_00085,,2026-02-17 20:57:51,Desktop,Paid Search
SES00086,VIS_CUST0021,CUST0021,2026-02-23 08:28:17,Tablet,Organic Search
SES00087,ANON_00087,,2026-02-02 19:28:54,Mobile,Social
SES00088,VIS_CUST0099,CUST0099,2026-02-08 03:31:42,Mobile,Direct
SES00089,VIS_CUST0119,CUST0119,2026-03-24 15:32:29,Mobile,Direct
SES00090,VIS_CUST0457,CUST0457,2026-02-02 13:31:26,Mobile,Organic Search
SES00091,ANON_00091,,2026-02-10 04:39:31,Tablet,Social
SES00092,VIS_CUST0636,CUST0636,2026-01-12 16:16:37,Desktop,Paid Search
SES00093,ANON_00093,,2026-02-12 06:32:23,Mobile,Direct
SES00094,VIS_CUST0718,CUST0718,2026-03-30 06:17:16,Mobile,Paid Search
SES00095,VIS_CUST0889,CUST0889,2026-03-27 10:51:54,Mobile,Paid Search
SES00096,VIS_CUST0698,CUST0698,2026-03-03 12:02:15,Mobile,Direct
SES00097,VIS_CUST0308,CUST0308,2026-02-13 00:31:21,Desktop,Paid Search
SES00098,ANON_00098,,2026-03-21 17:06:33,Mobile,Direct
SES00099,VIS_CUST0537,CUST0537,2026-03-31 21:38:16,Mobile,Organic Search
SES00100,VIS_CUST0182,CUST0182,2026-02-16 01:51:24,Mobile,Paid Search
SES00101,VIS_CUST0227,CUST0227,2026-01-22 20:32:56,Desktop,Organic Search
SES00102,VIS_CUST0991,CUST0991,2026-03-04 09:41:36,Mobile,Direct
SES00103,VIS_CUST0105,CUST0105,2026-02-19 15:54:48,Tablet,Referral
SES00104,VIS_CUST0345,CUST0345,2026-03-24 04:41:38,Mobile,Organic Search
SES00105,VIS_CUST0144,CUST0144,2026-01-03 11:18:54,Desktop,Referral
SES00106,VIS_CUST0731,CUST0731,2026-03-08 15:14:13,Mobile,Direct
SES00107,VIS_CUST0935,CUST0935,2026-03-07 23:50:40,Desktop,Social
SES00108,VIS_CUST0267,CUST0267,2026-01-29 13:11:19,Mobile,Organic Search
SES00109,VIS_CUST0484,CUST0484,2026-01-19 21:19:11,Mobile,Direct
SES00110,VIS_CUST0929,CUST0929,2026-01-14 21:44:11,Mobile,Email
SES00111,VIS_CUST0650,CUST0650,2026-01-01 10:58:59,Mobile,Organic Search
SES00112,VIS_CUST0133,CUST0133,2026-03-09 01:18:37,Mobile,Paid Search
SES00113,VIS_CUST0019,CUST0019,2026-01-01 09:36:33,Mobile,Organic Search
SES00114,VIS_CUST0533,CUST0533,2026-02-20 21:16:57,Mobile,Direct
SES00115,VIS_CUST0752,CUST0752,2026-02-27 06:05:02,Mobile,Organic Search
SES00116,VIS_CUST0021,CUST0021,2026-02-09 05:48:35,Mobile,Paid Search
SES00117,VIS_CUST0921,CUST0921,2026-02-19 16:04:44,Desktop,Organic Search
SES00118,VIS_CUST0509,CUST0509,2026-01-21 03:57:43,Desktop,Paid Search
SES00119,VIS_CUST0153,CUST0153,2026-03-17 16:25:39,Mobile,Email
SES00120,ANON_00120,,2026-02-04 23:21:39,Desktop,Paid Search
SES00121,VIS_CUST0751,CUST0751,2026-03-29 12:32:02,Desktop,Organic Search
SES00122,VIS_CUST0583,CUST0583,2026-02-12 12:59:36,Mobile,Paid Search
SES00123,VIS_CUST0979,CUST0979,2026-03-26 18:34:19,Mobile,Social
SES00124,VIS_CUST0247,CUST0247,2026-03-31 22:38:37,Mobile,Social
SES00125,VIS_CUST0122,CUST0122,2026-03-22 08:31:57,Desktop,Organic Search
SES00126,VIS_CUST0056,CUST0056,2026-01-22 15:26:12,Desktop,Paid Search
SES00127,VIS_CUST0144,CUST0144,2026-03-11 14:23:44,Desktop,Paid Search
SES00128,VIS_CUST0734,CUST0734,2026-02-20 05:33:22,Desktop,Organic Search
SES00129,VIS_CUST0958,CUST0958,2026-03-23 10:34:59,Mobile,Direct
SES00130,ANON_00130,,2026-02-19 17:43:58,Mobile,Email
SES00131,VIS_CUST0728,CUST0728,2026-01-18 06:20:01,Mobile,Email
SES00132,ANON_00132,,2026-03-10 22:42:28,Mobile,Email
SES00133,VIS_CUST0772,CUST0772,2026-01-04 03:16:45,Mobile,Paid Search
SES00134,VIS_CUST0295,CUST0295,2026-03-06 12:22:56,Mobile,Paid Search
SES00135,ANON_00135,,2026-02-13 00:24:48,Desktop,Direct
SES00136,VIS_CUST0042,CUST0042,2026-01-28 02:22:43,Mobile,Organic Search
SES00137,ANON_00137,,2026-02-20 13:06:02,Mobile,Social
SES00138,VIS_CUST0575,CUST0575,2026-03-15 00:35:55,Tablet,Organic Search
SES00139,VIS_CUST0329,CUST0329,2026-02-03 00:10:50,Mobile,Social
SES00140,VIS_CUST0920,CUST0920,2026-01-19 16:35:10,Mobile,Organic Search
SES00141,VIS_CUST0216,CUST0216,2026-03-03 02:52:30,Desktop,Direct
SES00142,VIS_CUST0444,CUST0444,2026-02-04 15:21:31,Mobile,Organic Search
SES00143,VIS_CUST0949,CUST0949,2026-02-14 00:45:28,Mobile,Social
SES00144,VIS_CUST0561,CUST0561,2026-03-26 16:44:51,Mobile,Email
SES00145,ANON_00145,,2026-02-23 06:54:56,Mobile,Social
SES00146,VIS_CUST0132,CUST0132,2026-03-05 15:21:45,Mobile,Organic Search
SES00147,VIS_CUST0676,CUST0676,2026-03-22 16:46:35,Mobile,Paid Search
SES00148,VIS_CUST0284,CUST0284,2026-03-25 08:42:28,Mobile,Email
SES00149,ANON_00149,,2026-01-20 01:43:10,Mobile,Direct
SES00150,ANON_00150,,2026-03-03 07:47:47,Mobile,Social
SES00151,VIS_CUST0375,CUST0375,2026-01-22 16:20:31,Desktop,Social
SES00152,ANON_00152,,2026-03-08 10:12:43,Mobile,Social
SES00153,VIS_CUST0811,CUST0811,2026-02-07 16:19:20,Mobile,Paid Search
SES00154,VIS_CUST0856,CUST0856,2026-02-20 03:54:42,Mobile,Referral
SES00155,VIS_CUST0619,CUST0619,2026-02-28 17:21:53,Desktop,Paid Search
SES00156,VIS_CUST0236,CUST0236,2026-03-23 00:44:23,Desktop,Paid Search
SES00157,VIS_CUST0578,CUST0578,2026-01-02 19:23:16,Desktop,Email
SES00158,VIS_CUST0351,CUST0351,2026-02-14 00:39:43,Mobile,Organic Search
SES00159,VIS_CUST0182,CUST0182,2026-03-29 12:53:57,Mobile,Organic Search
SES00160,VIS_CUST0665,CUST0665,2026-02-20 16:27:04,Mobile,Direct
SES00161,VIS_CUST0008,CUST0008,2026-03-21 13:12:10,Mobile,Direct
SES00162,VIS_CUST0375,CUST0375,2026-01-27 18:06:09,Tablet,Paid Search
SES00163,ANON_00163,,2026-03-06 00:14:25,Mobile,Organic Search
SES00164,ANON_00164,,2026-03-01 14:46:58,Desktop,Email
SES00165,VIS_CUST0615,CUST0615,2026-01-09 13:22:57,Mobile,Organic Search
SES00166,ANON_00166,,2026-02-08 21:34:12,Mobile,Social
SES00167,VIS_CUST0369,CUST0369,2026-03-05 14:18:18,Mobile,Organic Search
SES00168,VIS_CUST0744,CUST0744,2026-03-19 06:49:47,Desktop,Paid Search
SES00169,ANON_00169,,2026-02-25 19:35:59,Mobile,Paid Search
SES00170,VIS_CUST0265,CUST0265,2026-02-07 03:41:35,Mobile,Referral
SES00171,VIS_CUST0270,CUST0270,2026-01-28 21:25:59,Mobile,Social
SES00172,ANON_00172,,2026-02-18 10:45:09,Desktop,Organic Search
SES00173,ANON_00173,,2026-02-04 13:36:14,Mobile,Organic Search
SES00174,VIS_CUST0878,CUST0878,2026-01-24 02:28:48,Desktop,Paid Search
SES00175,VIS_CUST0703,CUST0703,2026-03-29 12:43:42,Mobile,Organic Search
SES00176,VIS_CUST0189,CUST0189,2026-02-11 03:51:30,Mobile,Email
SES00177,VIS_CUST0877,CUST0877,2026-03-13 18:12:54,Mobile,Referral
SES00178,ANON_00178,,2026-03-24 11:13:19,Mobile,Social
SES00179,VIS_CUST0645,CUST0645,2026-03-27 11:01:46,Desktop,Organic Search
SES00180,VIS_CUST0333,CUST0333,2026-03-16 18:42:39,Mobile,Email
SES00181,VIS_CUST0647,CUST0647,2026-02-25 12:00:43,Mobile,Direct
SES00182,VIS_CUST0462,CUST0462,2026-01-17 05:52:46,Mobile,Organic Search
SES00183,ANON_00183,,2026-01-11 02:10:14,Mobile,Organic Search
SES00184,VIS_CUST0892,CUST0892,2026-01-27 10:46:17,Mobile,Organic Search
SES00185,VIS_CUST0356,CUST0356,2026-03-27 09:31:04,Mobile,Organic Search
SES00186,VIS_CUST0010,CUST0010,2026-03-24 10:44:48,Desktop,Social
SES00187,VIS_CUST0849,CUST0849,2026-01-22 10:01:03,Mobile,Paid Search
SES00188,VIS_CUST0638,CUST0638,2026-03-29 03:20:55,Mobile,Organic Search
SES00189,VIS_CUST0811,CUST0811,2026-02-02 01:32:06,Mobile,Email
SES00190,VIS_CUST0918,CUST0918,2026-01-30 06:43:38,Desktop,Direct
SES00191,VIS_CUST0320,CUST0320,2026-02-24 09:35:29,Mobile,Organic Search
SES00192,VIS_CUST0406,CUST0406,2026-01-24 14:26:21,Mobile,Organic Search
SES00193,VIS_CUST0661,CUST0661,2026-03-10 02:12:46,Mobile,Organic Search
SES00194,VIS_CUST0138,CUST0138,2026-03-29 06:02:12,Mobile,Email
SES00195,VIS_CUST0852,CUST0852,2026-03-30 18:52:43,Desktop,Organic Search
SES00196,VIS_CUST0245,CUST0245,2026-03-12 00:03:36,Mobile,Referral
SES00197,VIS_CUST0961,CUST0961,2026-01-18 08:15:30,Desktop,Organic Search
SES00198,VIS_CUST0263,CUST0263,2026-02-05 13:40:00,Mobile,Email
SES00199,ANON_00199,,2026-01-08 18:18:46,Mobile,Social
SES00200,VIS_CUST0743,CUST0743,2026-02-21 14:51:36,Mobile,Organic Search
SES00201,VIS_CUST0109,CUST0109,2026-03-05 00:06:08,Mobile,Social
SES00202,VIS_CUST0649,CUST0649,2026-03-30 05:41:49,Mobile,Organic Search
SES00203,VIS_CUST0308,CUST0308,2026-01-21 20:34:24,Desktop,Organic Search
SES00204,VIS_CUST0940,CUST0940,2026-02-28 17:56:46,Desktop,Direct
SES00205,VIS_CUST0749,CUST0749,2026-03-26 23:42:34,Mobile,Direct
SES00206,ANON_00206,,2026-03-03 13:03:50,Desktop,Paid Search
SES00207,ANON_00207,,2026-02-13 06:21:39,Desktop,Social
SES00208,VIS_CUST0409,CUST0409,2026-03-25 04:26:15,Desktop,Organic Search
SES00209,ANON_00209,,2026-01-09 16:46:14,Mobile,Paid Search
SES00210,ANON_00210,,2026-02-12 22:25:27,Mobile,Paid Search
SES00211,ANON_00211,,2026-01-11 21:50:42,Desktop,Organic Search
SES00212,VIS_CUST0145,CUST0145,2026-03-09 20:13:03,Desktop,Paid Search
SES00213,VIS_CUST0398,CUST0398,2026-01-27 08:11:56,Desktop,Direct
SES00214,VIS_CUST0727,CUST0727,2026-03-29 18:10:28,Mobile,Direct
SES00215,ANON_00215,,2026-02-18 16:00:02,Mobile,Organic Search
SES00216,VIS_CUST0695,CUST0695,2026-03-26 17:32:30,Mobile,Organic Search
SES00217,VIS_CUST0556,CUST0556,2026-03-25 12:13:20,Desktop,Social
SES00218,ANON_00218,,2026-03-16 18:20:47,Mobile,Direct
SES00219,VIS_CUST0326,CUST0326,2026-03-27 09:42:19,Mobile,Organic Search
SES00220,VIS_CUST0190,CUST0190,2026-03-16 00:37:53,Tablet,Social
SES00221,VIS_CUST0730,CUST0730,2026-02-06 07:23:18,Mobile,Paid Search
SES00222,VIS_CUST0688,CUST0688,2026-03-15 13:44:50,Mobile,Organic Search
SES00223,VIS_CUST0845,CUST0845,2026-03-28 11:32:50,Mobile,Social
SES00224,VIS_CUST0252,CUST0252,2026-02-22 05:19:33,Mobile,Email
SES00225,VIS_CUST0171,CUST0171,2026-01-29 14:02:51,Mobile,Organic Search
SES00226,VIS_CUST0332,CUST0332,2026-03-04 23:17:33,Desktop,Direct
SES00227,VIS_CUST0088,CUST0088,2026-03-08 06:59:18,Desktop,Referral
SES00228,VIS_CUST0921,CUST0921,2026-01-20 16:40:43,Mobile,Email
SES00229,VIS_CUST0006,CUST0006,2026-03-27 16:50:48,Mobile,Organic Search
SES00230,VIS_CUST0644,CUST0644,2026-02-28 03:49:50,Mobile,Organic Search
SES00231,VIS_CUST0292,CUST0292,2026-03-06 04:03:57,Desktop,Social
SES00232,ANON_00232,,2026-03-15 15:17:52,Mobile,Social
SES00233,VIS_CUST0215,CUST0215,2026-03-22 16:56:50,Mobile,Email
SES00234,ANON_00234,,2026-02-04 08:32:16,Desktop,Social
SES00235,ANON_00235,,2026-01-01 03:41:01,Mobile,Paid Search
SES00236,ANON_00236,,2026-02-10 04:47:08,Mobile,Paid Search
SES00237,VIS_CUST0406,CUST0406,2026-02-25 05:40:59,Mobile,Organic Search
SES00238,VIS_CUST0662,CUST0662,2026-02-16 17:57:57,Mobile,Paid Search
SES00239,VIS_CUST0702,CUST0702,2026-03-19 03:58:07,Mobile,Organic Search
SES00240,ANON_00240,,2026-02-25 10:29:01,Mobile,Organic Search
SES00241,VIS_CUST0033,CUST0033,2026-02-10 04:23:09,Mobile,Direct
SES00242,ANON_00242,,2026-01-15 23:01:38,Mobile,Direct
SES00243,VIS_CUST0535,CUST0535,2026-01-01 09:34:36,Mobile,Organic Search
SES00244,VIS_CUST0215,CUST0215,2026-03-24 10:24:57,Mobile,Organic Search
SES00245,VIS_CUST0966,CUST0966,2026-03-20 01:27:44,Mobile,Organic Search
SES00246,VIS_CUST0052,CUST0052,2026-02-17 09:46:44,Mobile,Social
SES00247,VIS_CUST0707,CUST0707,2026-02-13 06:52:25,Mobile,Paid Search
SES00248,VIS_CUST0477,CUST0477,2026-01-13 19:06:18,Mobile,Direct
SES00249,VIS_CUST0918,CUST0918,2026-01-31 01:18:23,Desktop,Paid Search
SES00250,VIS_CUST0732,CUST0732,2026-01-11 09:17:04,Mobile,Social
SES00251,VIS_CUST0998,CUST0998,2026-02-07 06:21:25,Mobile,Organic Search
SES00252,VIS_CUST0611,CUST0611,2026-02-01 14:11:09,Mobile,Direct
SES00253,VIS_CUST0837,CUST0837,2026-03-28 03:28:09,Mobile,Email
SES00254,VIS_CUST0299,CUST0299,2026-03-01 18:23:13,Mobile,Organic Search
SES00255,VIS_CUST0627,CUST0627,2026-02-09 05:50:53,Desktop,Direct
SES00256,VIS_CUST0574,CUST0574,2026-02-04 21:06:02,Mobile,Organic Search
SES00257,VIS_CUST0326,CUST0326,2026-02-07 03:57:52,Mobile,Paid Search
SES00258,VIS_CUST0894,CUST0894,2026-01-26 04:33:02,Mobile,Organic Search
SES00259,ANON_00259,,2026-01-14 04:22:49,Mobile,Social
SES00260,ANON_00260,,2026-02-07 08:27:00,Mobile,Organic Search
SES00261,VIS_CUST0748,CUST0748,2026-02-21 02:37:10,Tablet,Referral
SES00262,VIS_CUST0465,CUST0465,2026-03-29 23:15:40,Mobile,Email
SES00263,VIS_CUST0294,CUST0294,2026-01-09 00:15:45,Mobile,Organic Search
SES00264,VIS_CUST0379,CUST0379,2026-01-18 00:42:36,Mobile,Email
SES00265,VIS_CUST0423,CUST0423,2026-02-07 04:50:37,Mobile,Paid Search
SES00266,VIS_CUST0119,CUST0119,2026-03-19 01:38:03,Mobile,Paid Search
SES00267,VIS_CUST0043,CUST0043,2026-03-31 02:25:27,Mobile,Paid Search
SES00268,VIS_CUST0792,CUST0792,2026-03-14 17:30:30,Mobile,Social
SES00269,VIS_CUST0852,CUST0852,2026-01-02 03:52:19,Mobile,Social
SES00270,VIS_CUST0609,CUST0609,2026-03-28 19:05:38,Desktop,Referral
SES00271,VIS_CUST0991,CUST0991,2026-03-28 23:50:06,Mobile,Organic Search
SES00272,VIS_CUST0684,CUST0684,2026-03-16 18:30:31,Mobile,Organic Search
SES00273,VIS_CUST0452,CUST0452,2026-02-17 17:47:41,Tablet,Organic Search
SES00274,VIS_CUST0453,CUST0453,2026-01-26 03:30:18,Mobile,Organic Search
SES00275,VIS_CUST0273,CUST0273,2026-03-09 23:14:48,Mobile,Paid Search
SES00276,VIS_CUST0746,CUST0746,2026-03-20 20:44:22,Desktop,Social
SES00277,VIS_CUST0785,CUST0785,2026-03-04 21:27:57,Mobile,Social
SES00278,ANON_00278,,2026-02-12 12:34:33,Desktop,Organic Search
SES00279,VIS_CUST0554,CUST0554,2026-01-30 21:03:53,Mobile,Referral
SES00280,VIS_CUST0594,CUST0594,2026-02-15 23:51:00,Mobile,Organic Search
SES00281,VIS_CUST0626,CUST0626,2026-03-22 16:36:51,Mobile,Direct
SES00282,VIS_CUST0824,CUST0824,2026-02-11 09:08:40,Mobile,Direct
SES00283,VIS_CUST0344,CUST0344,2026-01-12 17:21:26,Mobile,Email
SES00284,ANON_00284,,2026-01-04 22:50:07,Mobile,Direct
SES00285,VIS_CUST0291,CUST0291,2026-03-09 07:58:49,Desktop,Email
SES00286,VIS_CUST0961,CUST0961,2026-03-01 06:39:23,Desktop,Social
SES00287,ANON_00287,,2026-02-22 09:38:43,Mobile,Paid Search
SES00288,VIS_CUST0992,CUST0992,2026-02-16 01:27:43,Mobile,Organic Search
SES00289,ANON_00289,,2026-02-13 23:54:37,Mobile,Email
SES00290,VIS_CUST0766,CUST0766,2026-03-29 05:21:36,Mobile,Email
SES00291,VIS_CUST0600,CUST0600,2026-01-06 06:37:11,Desktop,Organic Search
SES00292,VIS_CUST0352,CUST0352,2026-03-28 01:28:57,Mobile,Organic Search
SES00293,VIS_CUST0015,CUST0015,2026-02-11 13:34:10,Desktop,Organic Search
SES00294,VIS_CUST0046,CUST0046,2026-02-15 16:42:00,Desktop,Social
SES00295,VIS_CUST0303,CUST0303,2026-03-04 21:06:39,Tablet,Organic Search
SES00296,VIS_CUST0142,CUST0142,2026-03-22 03:12:41,Mobile,Direct
SES00297,VIS_CUST0590,CUST0590,2026-01-21 02:41:10,Desktop,Organic Search
SES00298,VIS_CUST0553,CUST0553,2026-03-06 00:22:08,Mobile,Direct
SES00299,VIS_CUST0065,CUST0065,2026-03-18 09:06:32,Mobile,Social
SES00300,VIS_CUST0300,CUST0300,2026-03-02 06:55:16,Mobile,Social
SES00301,VIS_CUST0169,CUST0169,2026-01-11 21:02:10,Desktop,Paid Search
SES00302,VIS_CUST0955,CUST0955,2026-02-16 00:16:42,Mobile,Paid Search
SES00303,VIS_CUST0352,CUST0352,2026-03-04 17:24:30,Desktop,Paid Search
SES00304,ANON_00304,,2026-03-16 17:38:48,Desktop,Organic Search
SES00305,VIS_CUST0166,CUST0166,2026-01-12 08:26:13,Mobile,Paid Search
SES00306,VIS_CUST0026,CUST0026,2026-02-18 11:43:32,Desktop,Direct
SES00307,VIS_CUST0918,CUST0918,2026-03-20 05:19:26,Tablet,Social
SES00308,VIS_CUST0922,CUST0922,2026-01-14 12:52:47,Desktop,Organic Search
SES00309,VIS_CUST0095,CUST0095,2026-01-06 08:14:15,Mobile,Organic Search
SES00310,VIS_CUST0152,CUST0152,2026-03-24 21:30:27,Mobile,Paid Search
SES00311,VIS_CUST0454,CUST0454,2026-01-16 21:39:32,Desktop,Referral
SES00312,VIS_CUST0420,CUST0420,2026-03-30 18:43:51,Mobile,Organic Search
SES00313,VIS_CUST0847,CUST0847,2026-03-28 00:43:28,Mobile,Paid Search
SES00314,VIS_CUST0915,CUST0915,2026-03-16 12:02:44,Mobile,Direct
SES00315,VIS_CUST0764,CUST0764,2026-03-31 12:37:25,Mobile,Paid Search
SES00316,VIS_CUST0266,CUST0266,2026-02-26 11:21:11,Mobile,Paid Search
SES00317,VIS_CUST0894,CUST0894,2026-03-21 12:05:20,Desktop,Organic Search
SES00318,ANON_00318,,2026-03-19 04:43:58,Desktop,Social
SES00319,ANON_00319,,2026-02-16 13:21:30,Mobile,Email
SES00320,VIS_CUST0233,CUST0233,2026-01-31 04:04:23,Mobile,Referral
SES00321,VIS_CUST0011,CUST0011,2026-01-10 08:52:10,Desktop,Direct
SES00322,VIS_CUST0165,CUST0165,2026-03-20 07:16:52,Desktop,Social
SES00323,ANON_00323,,2026-02-16 02:10:02,Mobile,Social
SES00324,VIS_CUST0370,CUST0370,2026-03-03 23:43:14,Mobile,Organic Search
SES00325,VIS_CUST0862,CUST0862,2026-01-22 22:19:23,Mobile,Organic Search
SES00326,VIS_CUST0536,CUST0536,2026-03-07 16:24:09,Mobile,Organic Search
SES00327,VIS_CUST0683,CUST0683,2026-02-09 06:25:18,Tablet,Social
SES00328,VIS_CUST0028,CUST0028,2026-02-07 03:35:58,Mobile,Paid Search
SES00329,VIS_CUST0207,CUST0207,2026-03-06 06:47:20,Mobile,Social
SES00330,VIS_CUST0037,CUST0037,2026-01-18 04:08:06,Mobile,Direct
SES00331,VIS_CUST0113,CUST0113,2026-03-07 12:55:16,Mobile,Social
SES00332,VIS_CUST0362,CUST0362,2026-01-28 14:47:15,Mobile,Organic Search
SES00333,VIS_CUST0251,CUST0251,2026-02-28 18:42:32,Mobile,Social
SES00334,VIS_CUST0603,CUST0603,2026-01-31 17:31:54,Mobile,Paid Search
SES00335,VIS_CUST0295,CUST0295,2026-01-05 14:45:21,Mobile,Social
SES00336,VIS_CUST0215,CUST0215,2026-03-31 15:45:01,Mobile,Direct
SES00337,VIS_CUST0561,CUST0561,2026-03-23 05:25:06,Mobile,Social
SES00338,VIS_CUST0479,CUST0479,2026-03-30 11:37:08,Mobile,Social
SES00339,ANON_00339,,2026-01-26 22:00:11,Desktop,Social
SES00340,VIS_CUST0663,CUST0663,2026-01-04 14:13:29,Mobile,Organic Search
SES00341,VIS_CUST0873,CUST0873,2026-03-12 03:29:11,Mobile,Organic Search
SES00342,VIS_CUST0907,CUST0907,2026-02-08 12:49:56,Desktop,Email
SES00343,VIS_CUST0849,CUST0849,2026-03-17 06:09:03,Desktop,Organic Search
SES00344,ANON_00344,,2026-03-14 05:33:00,Mobile,Paid Search
SES00345,VIS_CUST0604,CUST0604,2026-02-17 14:37:05,Mobile,Email
SES00346,VIS_CUST0987,CUST0987,2026-03-11 00:50:03,Mobile,Email
SES00347,VIS_CUST0246,CUST0246,2026-02-23 15:56:57,Mobile,Social
SES00348,ANON_00348,,2026-03-04 13:37:46,Mobile,Organic Search
SES00349,VIS_CUST0862,CUST0862,2026-03-11 15:37:50,Mobile,Direct
SES00350,VIS_CUST0617,CUST0617,2026-03-26 23:25:29,Mobile,Paid Search
SES00351,VIS_CUST0455,CUST0455,2026-03-04 05:52:06,Mobile,Paid Search
SES00352,ANON_00352,,2026-03-22 15:29:17,Mobile,Organic Search
SES00353,VIS_CUST0425,CUST0425,2026-01-18 15:49:57,Mobile,Paid Search
SES00354,VIS_CUST0015,CUST0015,2026-02-21 01:17:26,Mobile,Direct
SES00355,VIS_CUST0442,CUST0442,2026-02-03 01:25:36,Mobile,Referral
SES00356,VIS_CUST1000,CUST1000,2026-01-23 20:43:16,Mobile,Direct
SES00357,ANON_00357,,2026-03-09 06:51:42,Mobile,Organic Search
SES00358,ANON_00358,,2026-03-07 03:03:27,Tablet,Social
SES00359,VIS_CUST0405,CUST0405,2026-02-06 00:15:44,Mobile,Direct
SES00360,VIS_CUST0046,CUST0046,2026-02-18 11:14:42,Desktop,Direct
SES00361,VIS_CUST0874,CUST0874,2026-03-05 19:53:54,Mobile,Paid Search
SES00362,VIS_CUST0152,CUST0152,2026-02-03 22:38:13,Mobile,Direct
SES00363,VIS_CUST0218,CUST0218,2026-03-04 04:48:24,Mobile,Social
SES00364,VIS_CUST0404,CUST0404,2026-03-30 07:35:18,Desktop,Organic Search
SES00365,ANON_00365,,2026-02-27 16:35:46,Desktop,Paid Search
SES00366,VIS_CUST0750,CUST0750,2026-03-30 01:10:47,Tablet,Social
SES00367,VIS_CUST0561,CUST0561,2026-03-27 15:05:17,Mobile,Organic Search
SES00368,VIS_CUST0799,CUST0799,2026-01-28 15:56:55,Mobile,Referral
SES00369,ANON_00369,,2026-03-29 17:51:12,Desktop,Organic Search
SES00370,VIS_CUST0378,CUST0378,2026-01-19 02:14:26,Mobile,Paid Search
SES00371,VIS_CUST0664,CUST0664,2026-03-11 06:53:28,Mobile,Paid Search
SES00372,VIS_CUST0049,CUST0049,2026-01-08 10:20:01,Desktop,Social
SES00373,VIS_CUST0187,CUST0187,2026-02-08 03:39:25,Mobile,Paid Search
SES00374,VIS_CUST0941,CUST0941,2026-02-26 04:11:18,Mobile,Organic Search
SES00375,ANON_00375,,2026-02-28 10:29:57,Desktop,Paid Search
SES00376,VIS_CUST0665,CUST0665,2026-03-05 02:00:12,Mobile,Direct
SES00377,VIS_CUST0881,CUST0881,2026-03-25 09:50:16,Mobile,Organic Search
SES00378,VIS_CUST0568,CUST0568,2026-01-04 14:15:22,Mobile,Paid Search
SES00379,VIS_CUST0166,CUST0166,2026-03-12 12:11:23,Mobile,Paid Search
SES00380,ANON_00380,,2026-03-11 10:32:05,Desktop,Organic Search
SES00381,VIS_CUST0865,CUST0865,2026-03-02 08:59:51,Mobile,Email
SES00382,VIS_CUST0241,CUST0241,2026-02-24 01:30:32,Mobile,Organic Search
SES00383,VIS_CUST0117,CUST0117,2026-01-23 00:13:35,Mobile,Organic Search
SES00384,ANON_00384,,2026-03-26 19:51:30,Mobile,Social
SES00385,VIS_CUST0999,CUST0999,2026-03-29 15:22:06,Mobile,Direct
SES00386,VIS_CUST0121,CUST0121,2026-01-20 22:35:04,Desktop,Organic Search
SES00387,ANON_00387,,2026-02-03 03:20:00,Mobile,Organic Search
SES00388,VIS_CUST0772,CUST0772,2026-02-10 22:41:02,Desktop,Organic Search
SES00389,VIS_CUST0530,CUST0530,2026-03-28 12:20:48,Mobile,Paid Search
SES00390,VIS_CUST0925,CUST0925,2026-01-06 14:42:23,Tablet,Referral
SES00391,ANON_00391,,2026-03-01 06:20:15,Desktop,Email
SES00392,VIS_CUST0415,CUST0415,2026-01-20 03:43:56,Desktop,Organic Search
SES00393,VIS_CUST0349,CUST0349,2026-03-27 10:18:49,Mobile,Organic Search
SES00394,ANON_00394,,2026-02-13 13:37:57,Mobile,Email
SES00395,VIS_CUST0307,CUST0307,2026-03-06 18:02:30,Desktop,Email
SES00396,ANON_00396,,2026-01-08 22:57:02,Mobile,Paid Search
SES00397,ANON_00397,,2026-02-26 17:31:35,Mobile,Paid Search
SES00398,VIS_CUST0992,CUST0992,2026-02-19 19:48:31,Desktop,Organic Search
SES00399,VIS_CUST0975,CUST0975,2026-02-28 09:49:48,Desktop,Organic Search
SES00400,ANON_00400,,2026-03-28 07:39:12,Mobile,Organic Search
SES00401,VIS_CUST0922,CUST0922,2026-03-17 20:40:33,Mobile,Direct
SES00402,VIS_CUST0820,CUST0820,2026-03-06 12:24:09,Mobile,Paid Search
SES00403,VIS_CUST0586,CUST0586,2026-03-31 07:47:45,Desktop,Paid Search
SES00404,ANON_00404,,2026-01-18 10:49:56,Tablet,Organic Search
SES00405,VIS_CUST0025,CUST0025,2026-02-21 06:06:00,Mobile,Organic Search
SES00406,VIS_CUST0061,CUST0061,2026-03-07 13:58:56,Mobile,Email
SES00407,VIS_CUST0505,CUST0505,2026-03-15 01:11:44,Mobile,Direct
SES00408,VIS_CUST0240,CUST0240,2026-03-28 00:53:34,Mobile,Social
SES00409,ANON_00409,,2026-02-18 14:05:31,Mobile,Referral
SES00410,VIS_CUST0476,CUST0476,2026-03-05 06:24:19,Mobile,Referral
SES00411,ANON_00411,,2026-01-21 15:45:11,Mobile,Social
SES00412,VIS_CUST0405,CUST0405,2026-01-12 22:33:25,Desktop,Email
SES00413,ANON_00413,,2026-03-10 17:11:11,Mobile,Organic Search
SES00414,VIS_CUST0945,CUST0945,2026-03-13 13:17:16,Mobile,Direct
SES00415,VIS_CUST0665,CUST0665,2026-01-08 12:38:31,Mobile,Direct
SES00416,ANON_00416,,2026-01-01 19:38:47,Mobile,Paid Search
SES00417,VIS_CUST0727,CUST0727,2026-01-19 14:15:16,Mobile,Social
SES00418,VIS_CUST0566,CUST0566,2026-02-25 01:00:42,Mobile,Organic Search
SES00419,ANON_00419,,2026-03-27 12:53:09,Mobile,Direct
SES00420,ANON_00420,,2026-01-06 00:50:56,Desktop,Paid Search
SES00421,ANON_00421,,2026-01-22 19:14:06,Mobile,Direct
SES00422,VIS_CUST0077,CUST0077,2026-01-25 06:30:19,Mobile,Paid Search
SES00423,VIS_CUST0485,CUST0485,2026-02-03 02:07:34,Desktop,Direct
SES00424,VIS_CUST0822,CUST0822,2026-01-06 07:40:02,Mobile,Social
SES00425,VIS_CUST0391,CUST0391,2026-01-10 07:18:02,Mobile,Paid Search
SES00426,ANON_00426,,2026-03-29 19:20:05,Mobile,Social
SES00427,VIS_CUST0319,CUST0319,2026-03-21 06:28:41,Desktop,Organic Search
SES00428,VIS_CUST0059,CUST0059,2026-02-19 05:38:49,Desktop,Social
SES00429,VIS_CUST0684,CUST0684,2026-03-09 10:57:30,Desktop,Paid Search
SES00430,VIS_CUST0943,CUST0943,2026-03-26 12:06:31,Mobile,Organic Search
SES00431,VIS_CUST0011,CUST0011,2026-02-04 17:56:10,Mobile,Organic Search
SES00432,VIS_CUST0291,CUST0291,2026-01-22 06:10:44,Desktop,Email
SES00433,ANON_00433,,2026-01-03 00:55:08,Desktop,Organic Search
SES00434,ANON_00434,,2026-03-19 13:51:29,Tablet,Direct
SES00435,VIS_CUST0195,CUST0195,2026-02-21 16:56:32,Mobile,Paid Search
SES00436,VIS_CUST0055,CUST0055,2026-03-19 05:54:36,Mobile,Organic Search
SES00437,VIS_CUST0661,CUST0661,2026-02-19 10:25:31,Mobile,Social
SES00438,VIS_CUST0507,CUST0507,2026-03-07 01:16:00,Mobile,Social
SES00439,VIS_CUST0161,CUST0161,2026-02-06 07:43:59,Mobile,Organic Search
SES00440,VIS_CUST0043,CUST0043,2026-02-19 17:39:25,Mobile,Paid Search
SES00441,VIS_CUST0805,CUST0805,2026-03-31 23:08:53,Mobile,Organic Search
SES00442,VIS_CUST0619,CUST0619,2026-03-25 01:10:49,Desktop,Social
SES00443,ANON_00443,,2026-03-15 13:48:58,Desktop,Paid Search
SES00444,VIS_CUST0740,CUST0740,2026-02-14 19:08:33,Mobile,Organic Search
SES00445,ANON_00445,,2026-01-03 22:08:51,Mobile,Social
SES00446,ANON_00446,,2026-02-02 23:50:35,Mobile,Paid Search
SES00447,VIS_CUST0143,CUST0143,2026-02-02 01:32:22,Mobile,Direct
SES00448,VIS_CUST0847,CUST0847,2026-03-05 13:56:23,Mobile,Organic Search
SES00449,ANON_00449,,2026-02-07 23:20:28,Mobile,Organic Search
SES00450,VIS_CUST0163,CUST0163,2026-02-25 20:03:36,Desktop,Social
SES00451,VIS_CUST0337,CUST0337,2026-02-25 06:23:59,Desktop,Paid Search
SES00452,ANON_00452,,2026-02-10 07:08:34,Mobile,Direct
SES00453,VIS_CUST0223,CUST0223,2026-03-24 21:54:33,Mobile,Email
SES00454,VIS_CUST0799,CUST0799,2026-02-09 19:35:35,Mobile,Organic Search
SES00455,VIS_CUST0767,CUST0767,2026-02-17 01:34:15,Mobile,Organic Search
SES00456,ANON_00456,,2026-01-17 13:30:05,Desktop,Social
SES00457,VIS_CUST0692,CUST0692,2026-01-21 23:42:16,Mobile,Organic Search
SES00458,ANON_00458,,2026-02-02 17:32:19,Desktop,Social
SES00459,ANON_00459,,2026-01-17 07:11:43,Desktop,Organic Search
SES00460,VIS_CUST0218,CUST0218,2026-03-14 16:25:50,Mobile,Direct
SES00461,ANON_00461,,2026-02-25 06:20:38,Mobile,Referral
SES00462,VIS_CUST0070,CUST0070,2026-01-02 17:07:28,Mobile,Social
SES00463,VIS_CUST0207,CUST0207,2026-02-06 11:33:22,Mobile,Organic Search
SES00464,VIS_CUST0025,CUST0025,2026-03-24 05:30:04,Desktop,Paid Search
SES00465,VIS_CUST0228,CUST0228,2026-03-26 17:33:06,Mobile,Paid Search
SES00466,ANON_00466,,2026-01-13 04:34:42,Mobile,Social
SES00467,VIS_CUST0739,CUST0739,2026-01-24 18:42:59,Mobile,Social
SES00468,VIS_CUST0974,CUST0974,2026-02-08 15:58:36,Mobile,Paid Search
SES00469,VIS_CUST0929,CUST0929,2026-01-30 03:35:24,Mobile,Organic Search
SES00470,VIS_CUST0621,CUST0621,2026-01-07 23:37:53,Mobile,Email
SES00471,VIS_CUST0384,CUST0384,2026-02-09 06:40:55,Desktop,Direct
SES00472,VIS_CUST0944,CUST0944,2026-02-07 08:42:34,Desktop,Organic Search
SES00473,VIS_CUST0667,CUST0667,2026-03-31 22:56:42,Mobile,Organic Search
SES00474,ANON_00474,,2026-02-08 14:37:51,Desktop,Referral
SES00475,VIS_CUST0438,CUST0438,2026-03-09 04:05:47,Mobile,Referral
SES00476,VIS_CUST0147,CUST0147,2026-03-30 04:10:00,Mobile,Email
SES00477,VIS_CUST0427,CUST0427,2026-02-07 23:52:53,Desktop,Organic Search
SES00478,VIS_CUST0581,CUST0581,2026-01-21 15:19:54,Mobile,Organic Search
SES00479,ANON_00479,,2026-01-11 14:26:37,Desktop,Organic Search
SES00480,VIS_CUST0273,CUST0273,2026-01-01 16:50:21,Desktop,Direct
SES00481,VIS_CUST0618,CUST0618,2026-03-15 22:06:23,Mobile,Paid Search
SES00482,ANON_00482,,2026-03-06 13:44:41,Mobile,Social
SES00483,VIS_CUST0255,CUST0255,2026-02-13 21:02:43,Mobile,Social
SES00484,ANON_00484,,2026-03-20 09:44:45,Desktop,Social
SES00485,VIS_CUST0962,CUST0962,2026-03-05 22:02:27,Desktop,Direct
SES00486,ANON_00486,,2026-03-26 22:23:54,Mobile,Direct
SES00487,VIS_CUST0175,CUST0175,2026-03-06 01:19:03,Desktop,Organic Search
SES00488,VIS_CUST0226,CUST0226,2026-01-26 00:19:04,Desktop,Referral
SES00489,VIS_CUST0504,CUST0504,2026-03-19 05:44:37,Desktop,Direct
SES00490,VIS_CUST0239,CUST0239,2026-01-26 03:43:57,Mobile,Organic Search
SES00491,VIS_CUST0119,CUST0119,2026-03-23 22:13:20,Mobile,Paid Search
SES00492,ANON_00492,,2026-02-01 00:49:19,Desktop,Direct
SES00493,VIS_CUST0225,CUST0225,2026-03-08 00:28:13,Mobile,Social
SES00494,VIS_CUST0849,CUST0849,2026-02-18 01:29:35,Mobile,Referral
SES00495,VIS_CUST0751,CUST0751,2026-03-27 17:33:24,Desktop,Organic Search
SES00496,VIS_CUST0869,CUST0869,2026-01-03 02:15:07,Mobile,Paid Search
SES00497,VIS_CUST0100,CUST0100,2026-02-01 09:37:11,Desktop,Social
SES00498,VIS_CUST0141,CUST0141,2026-03-09 13:41:38,Mobile,Direct
SES00499,VIS_CUST0058,CUST0058,2026-02-04 12:34:13,Tablet,Organic Search
SES00500,VIS_CUST0994,CUST0994,2026-03-02 20:57:06,Desktop,Organic Search
SES00501,VIS_CUST0978,CUST0978,2026-03-05 09:07:37,Desktop,Email
SES00502,VIS_CUST0282,CUST0282,2026-03-05 10:03:20,Mobile,Organic Search
SES00503,VIS_CUST0522,CUST0522,2026-01-03 05:39:22,Mobile,Referral
SES00504,VIS_CUST0306,CUST0306,2026-01-13 03:49:19,Mobile,Organic Search
SES00505,VIS_CUST0731,CUST0731,2026-03-18 16:59:28,Desktop,Email
SES00506,VIS_CUST0458,CUST0458,2026-01-31 12:21:46,Mobile,Organic Search
SES00507,VIS_CUST0968,CUST0968,2026-01-01 00:11:57,Mobile,Organic Search
SES00508,VIS_CUST0705,CUST0705,2026-03-06 08:00:34,Desktop,Organic Search
SES00509,VIS_CUST0368,CUST0368,2026-02-09 11:24:29,Desktop,Paid Search
SES00510,VIS_CUST0209,CUST0209,2026-03-03 03:00:00,Desktop,Referral
SES00511,VIS_CUST0168,CUST0168,2026-01-31 21:39:39,Mobile,Direct
SES00512,VIS_CUST0338,CUST0338,2026-03-22 01:54:56,Mobile,Paid Search
SES00513,VIS_CUST0975,CUST0975,2026-03-17 23:54:05,Desktop,Organic Search
SES00514,VIS_CUST0623,CUST0623,2026-03-29 01:09:36,Mobile,Paid Search
SES00515,VIS_CUST0010,CUST0010,2026-03-26 11:10:24,Desktop,Social
SES00516,VIS_CUST0380,CUST0380,2026-03-29 12:16:46,Desktop,Paid Search
SES00517,VIS_CUST0946,CUST0946,2026-03-15 13:15:53,Mobile,Direct
SES00518,VIS_CUST0505,CUST0505,2026-03-26 21:23:24,Mobile,Direct
SES00519,ANON_00519,,2026-03-07 11:45:02,Desktop,Email
SES00520,ANON_00520,,2026-02-11 01:00:51,Mobile,Organic Search
SES00521,ANON_00521,,2026-03-25 06:49:59,Mobile,Organic Search
SES00522,ANON_00522,,2026-03-24 08:48:10,Mobile,Paid Search
SES00523,ANON_00523,,2026-01-01 16:06:09,Mobile,Social
SES00524,VIS_CUST0144,CUST0144,2026-03-14 12:50:54,Mobile,Paid Search
SES00525,ANON_00525,,2026-01-26 19:21:28,Mobile,Paid Search
SES00526,VIS_CUST0054,CUST0054,2026-03-22 13:39:26,Mobile,Referral
SES00527,VIS_CUST0288,CUST0288,2026-01-12 04:00:57,Desktop,Referral
SES00528,ANON_00528,,2026-03-10 01:47:10,Desktop,Social
SES00529,ANON_00529,,2026-02-11 09:21:28,Mobile,Organic Search
SES00530,VIS_CUST0237,CUST0237,2026-02-02 15:21:04,Mobile,Organic Search
SES00531,VIS_CUST0917,CUST0917,2026-01-18 15:30:43,Mobile,Organic Search
SES00532,VIS_CUST0504,CUST0504,2026-02-02 10:56:01,Mobile,Organic Search
SES00533,VIS_CUST0370,CUST0370,2026-03-11 02:05:16,Desktop,Social
SES00534,VIS_CUST0043,CUST0043,2026-03-30 13:31:33,Desktop,Direct
SES00535,VIS_CUST0309,CUST0309,2026-02-16 00:57:45,Tablet,Organic Search
SES00536,VIS_CUST0899,CUST0899,2026-03-06 09:42:03,Tablet,Direct
SES00537,VIS_CUST0023,CUST0023,2026-02-28 04:07:45,Mobile,Referral
SES00538,ANON_00538,,2026-01-08 06:43:44,Mobile,Email
SES00539,VIS_CUST0467,CUST0467,2026-03-21 08:35:35,Desktop,Organic Search
SES00540,VIS_CUST0137,CUST0137,2026-03-26 19:07:46,Desktop,Social
SES00541,VIS_CUST0996,CUST0996,2026-02-22 12:17:02,Mobile,Email
SES00542,VIS_CUST0989,CUST0989,2026-01-18 03:49:22,Mobile,Organic Search
SES00543,ANON_00543,,2026-01-22 10:07:34,Mobile,Organic Search
SES00544,VIS_CUST0503,CUST0503,2026-01-18 12:22:40,Mobile,Organic Search
SES00545,ANON_00545,,2026-01-10 17:33:42,Desktop,Organic Search
SES00546,VIS_CUST0045,CUST0045,2026-03-06 02:40:51,Desktop,Organic Search
SES00547,ANON_00547,,2026-01-30 20:15:32,Mobile,Organic Search
SES00548,VIS_CUST0845,CUST0845,2026-03-13 11:53:39,Mobile,Organic Search
SES00549,VIS_CUST0733,CUST0733,2026-01-27 21:55:52,Mobile,Referral
SES00550,VIS_CUST0946,CUST0946,2026-03-12 01:24:07,Desktop,Social
SES00551,VIS_CUST0294,CUST0294,2026-03-26 23:50:05,Mobile,Direct
SES00552,ANON_00552,,2026-03-21 02:16:17,Mobile,Social
SES00553,VIS_CUST0652,CUST0652,2026-01-21 10:04:44,Desktop,Social
SES00554,VIS_CUST0550,CUST0550,2026-01-30 08:12:20,Mobile,Social
SES00555,ANON_00555,,2026-01-06 18:49:31,Desktop,Paid Search
SES00556,ANON_00556,,2026-01-24 13:03:35,Mobile,Organic Search
SES00557,VIS_CUST0435,CUST0435,2026-01-06 06:01:23,Desktop,Social
SES00558,VIS_CUST0375,CUST0375,2026-01-08 16:04:03,Mobile,Organic Search
SES00559,VIS_CUST0801,CUST0801,2026-03-28 12:02:34,Mobile,Organic Search
SES00560,VIS_CUST0165,CUST0165,2026-03-15 05:49:43,Desktop,Social
SES00561,VIS_CUST0095,CUST0095,2026-02-06 15:46:45,Tablet,Organic Search
SES00562,VIS_CUST0823,CUST0823,2026-03-25 16:41:57,Mobile,Organic Search
SES00563,ANON_00563,,2026-01-03 17:21:30,Mobile,Organic Search
SES00564,VIS_CUST0317,CUST0317,2026-02-23 13:32:02,Mobile,Direct
SES00565,VIS_CUST0401,CUST0401,2026-02-04 13:09:39,Tablet,Email
SES00566,VIS_CUST0515,CUST0515,2026-03-17 06:01:16,Mobile,Social
SES00567,VIS_CUST0736,CUST0736,2026-03-26 22:24:11,Mobile,Email
SES00568,VIS_CUST0668,CUST0668,2026-03-16 15:03:07,Mobile,Direct
SES00569,ANON_00569,,2026-02-23 02:55:09,Desktop,Direct
SES00570,VIS_CUST0303,CUST0303,2026-01-07 14:49:42,Mobile,Paid Search
SES00571,VIS_CUST0485,CUST0485,2026-03-16 02:15:35,Desktop,Social
SES00572,VIS_CUST0452,CUST0452,2026-02-19 18:09:47,Desktop,Referral
SES00573,ANON_00573,,2026-01-05 03:26:28,Mobile,Social
SES00574,VIS_CUST0163,CUST0163,2026-02-08 18:23:26,Desktop,Organic Search
SES00575,VIS_CUST0337,CUST0337,2026-01-31 19:19:38,Mobile,Social
SES00576,VIS_CUST0485,CUST0485,2026-01-06 06:00:35,Mobile,Organic Search
SES00577,VIS_CUST0730,CUST0730,2026-03-26 14:15:02,Mobile,Organic Search
SES00578,VIS_CUST0935,CUST0935,2026-02-25 08:56:04,Mobile,Organic Search
SES00579,VIS_CUST0994,CUST0994,2026-02-09 10:56:58,Mobile,Email
SES00580,VIS_CUST0171,CUST0171,2026-02-06 15:46:14,Mobile,Organic Search
SES00581,VIS_CUST0919,CUST0919,2026-02-18 17:56:35,Desktop,Organic Search
SES00582,VIS_CUST0949,CUST0949,2026-02-21 13:08:11,Mobile,Organic Search
SES00583,ANON_00583,,2026-01-10 15:12:40,Tablet,Direct
SES00584,ANON_00584,,2026-01-10 16:19:21,Mobile,Social
SES00585,VIS_CUST0796,CUST0796,2026-02-23 13:17:34,Mobile,Organic Search
SES00586,VIS_CUST0275,CUST0275,2026-03-05 22:50:23,Mobile,Direct
SES00587,ANON_00587,,2026-02-20 09:16:19,Desktop,Social
SES00588,VIS_CUST0132,CUST0132,2026-02-07 21:43:30,Tablet,Organic Search
SES00589,VIS_CUST0804,CUST0804,2026-03-23 20:24:14,Desktop,Direct
SES00590,VIS_CUST0465,CUST0465,2026-03-03 07:30:20,Desktop,Organic Search
SES00591,ANON_00591,,2026-02-06 17:03:11,Desktop,Social
SES00592,VIS_CUST0950,CUST0950,2026-03-28 17:52:01,Mobile,Organic Search
SES00593,VIS_CUST0104,CUST0104,2026-02-13 03:09:48,Mobile,Paid Search
SES00594,VIS_CUST0011,CUST0011,2026-01-18 08:20:51,Desktop,Social
SES00595,VIS_CUST0629,CUST0629,2026-02-23 01:23:49,Mobile,Social
SES00596,VIS_CUST0222,CUST0222,2026-02-05 10:15:24,Mobile,Organic Search
SES00597,ANON_00597,,2026-02-03 20:11:17,Desktop,Social
SES00598,VIS_CUST0740,CUST0740,2026-02-12 02:03:43,Desktop,Paid Search
SES00599,VIS_CUST0911,CUST0911,2026-02-19 15:32:51,Mobile,Paid Search
SES00600,VIS_CUST0815,CUST0815,2026-03-31 06:13:30,Mobile,Organic Search
SES00601,VIS_CUST0915,CUST0915,2026-03-16 22:44:56,Desktop,Paid Search
SES00602,VIS_CUST0176,CUST0176,2026-02-01 17:40:24,Mobile,Organic Search
SES00603,ANON_00603,,2026-01-01 10:49:41,Desktop,Organic Search
SES00604,ANON_00604,,2026-02-10 07:12:13,Desktop,Organic Search
SES00605,ANON_00605,,2026-01-10 23:24:35,Mobile,Organic Search
SES00606,ANON_00606,,2026-03-12 07:37:57,Mobile,Organic Search
SES00607,ANON_00607,,2026-01-26 05:06:58,Desktop,Organic Search
SES00608,VIS_CUST0123,CUST0123,2026-02-01 00:05:56,Desktop,Email
SES00609,VIS_CUST0288,CUST0288,2026-03-17 00:23:27,Desktop,Organic Search
SES00610,VIS_CUST0663,CUST0663,2026-03-25 02:18:23,Mobile,Organic Search
SES00611,VIS_CUST0834,CUST0834,2026-03-17 05:30:04,Mobile,Paid Search
SES00612,VIS_CUST0373,CUST0373,2026-02-13 22:14:33,Desktop,Social
SES00613,VIS_CUST0030,CUST0030,2026-03-06 06:18:18,Mobile,Paid Search
SES00614,VIS_CUST0392,CUST0392,2026-02-11 00:42:08,Mobile,Organic Search
SES00615,VIS_CUST0698,CUST0698,2026-03-15 09:02:46,Mobile,Organic Search
SES00616,VIS_CUST0545,CUST0545,2026-01-27 17:52:01,Mobile,Social
SES00617,VIS_CUST0295,CUST0295,2026-02-27 21:30:39,Mobile,Organic Search
SES00618,ANON_00618,,2026-03-08 19:00:24,Mobile,Paid Search
SES00619,VIS_CUST0022,CUST0022,2026-01-26 14:46:24,Desktop,Organic Search
SES00620,VIS_CUST0501,CUST0501,2026-01-25 00:44:27,Mobile,Organic Search
SES00621,VIS_CUST0172,CUST0172,2026-01-15 05:33:46,Desktop,Organic Search
SES00622,VIS_CUST0470,CUST0470,2026-03-22 08:47:45,Mobile,Email
SES00623,ANON_00623,,2026-03-06 00:26:10,Tablet,Paid Search
SES00624,ANON_00624,,2026-02-04 21:30:32,Mobile,Organic Search
SES00625,VIS_CUST0533,CUST0533,2026-02-03 07:53:14,Desktop,Organic Search
SES00626,VIS_CUST0297,CUST0297,2026-02-24 04:33:44,Desktop,Paid Search
SES00627,VIS_CUST0900,CUST0900,2026-03-18 05:47:45,Desktop,Social
SES00628,VIS_CUST0433,CUST0433,2026-03-29 18:51:07,Mobile,Organic Search
SES00629,VIS_CUST0787,CUST0787,2026-01-27 06:35:23,Mobile,Social
SES00630,VIS_CUST0897,CUST0897,2026-02-12 10:02:02,Mobile,Social
SES00631,VIS_CUST0421,CUST0421,2026-03-23 08:03:37,Desktop,Organic Search
SES00632,VIS_CUST0782,CUST0782,2026-02-20 07:02:48,Mobile,Organic Search
SES00633,VIS_CUST0599,CUST0599,2026-03-17 19:08:58,Desktop,Organic Search
SES00634,ANON_00634,,2026-03-20 05:13:23,Mobile,Email
SES00635,VIS_CUST0401,CUST0401,2026-03-31 21:50:23,Mobile,Paid Search
SES00636,ANON_00636,,2026-03-01 22:05:00,Mobile,Organic Search
SES00637,VIS_CUST0175,CUST0175,2026-03-14 00:12:14,Desktop,Organic Search
SES00638,VIS_CUST0311,CUST0311,2026-03-04 15:12:46,Desktop,Social
SES00639,VIS_CUST0348,CUST0348,2026-03-11 10:29:44,Desktop,Organic Search
SES00640,VIS_CUST0726,CUST0726,2026-03-17 06:48:29,Desktop,Organic Search
SES00641,VIS_CUST0791,CUST0791,2026-03-31 01:23:23,Desktop,Organic Search
SES00642,VIS_CUST0384,CUST0384,2026-03-03 07:01:18,Desktop,Direct
SES00643,VIS_CUST0259,CUST0259,2026-02-16 11:29:00,Desktop,Organic Search
SES00644,VIS_CUST0685,CUST0685,2026-01-20 18:16:54,Mobile,Organic Search
SES00645,ANON_00645,,2026-02-03 01:54:53,Mobile,Email
SES00646,ANON_00646,,2026-02-12 14:39:36,Mobile,Paid Search
SES00647,ANON_00647,,2026-01-29 03:30:27,Desktop,Organic Search
SES00648,ANON_00648,,2026-02-26 13:57:30,Mobile,Direct
SES00649,VIS_CUST0776,CUST0776,2026-03-30 13:51:30,Desktop,Organic Search
SES00650,VIS_CUST0037,CUST0037,2026-01-07 20:53:23,Desktop,Social
SES00651,ANON_00651,,2026-01-23 02:42:28,Mobile,Organic Search
SES00652,VIS_CUST0785,CUST0785,2026-03-09 12:29:38,Mobile,Email
SES00653,VIS_CUST0095,CUST0095,2026-01-01 23:25:02,Mobile,Email
SES00654,VIS_CUST0300,CUST0300,2026-02-28 20:22:15,Mobile,Social
SES00655,VIS_CUST0723,CUST0723,2026-03-21 07:53:11,Desktop,Direct
SES00656,VIS_CUST0715,CUST0715,2026-02-18 21:06:46,Mobile,Paid Search
SES00657,VIS_CUST0241,CUST0241,2026-02-12 17:55:14,Mobile,Paid Search
SES00658,VIS_CUST0603,CUST0603,2026-01-30 04:00:45,Desktop,Organic Search
SES00659,VIS_CUST0389,CUST0389,2026-03-06 01:44:17,Mobile,Organic Search
SES00660,VIS_CUST0849,CUST0849,2026-01-26 11:44:44,Desktop,Social
SES00661,VIS_CUST0747,CUST0747,2026-03-15 01:13:14,Mobile,Organic Search
SES00662,VIS_CUST0984,CUST0984,2026-03-21 08:57:48,Desktop,Direct
SES00663,VIS_CUST0303,CUST0303,2026-02-25 10:43:08,Mobile,Social
SES00664,VIS_CUST0990,CUST0990,2026-02-16 14:57:55,Mobile,Social
SES00665,VIS_CUST0806,CUST0806,2026-02-09 04:46:26,Desktop,Organic Search
SES00666,VIS_CUST0043,CUST0043,2026-03-11 15:33:52,Mobile,Referral
SES00667,VIS_CUST0080,CUST0080,2026-02-13 02:09:30,Mobile,Organic Search
SES00668,ANON_00668,,2026-03-02 09:10:12,Mobile,Paid Search
SES00669,VIS_CUST0800,CUST0800,2026-02-19 08:09:01,Desktop,Email
SES00670,VIS_CUST0665,CUST0665,2026-01-08 12:08:55,Tablet,Referral
SES00671,VIS_CUST0533,CUST0533,2026-01-31 18:31:20,Mobile,Direct
SES00672,ANON_00672,,2026-02-05 03:14:39,Mobile,Social
SES00673,VIS_CUST0806,CUST0806,2026-02-06 07:23:14,Mobile,Direct
SES00674,VIS_CUST0815,CUST0815,2026-02-05 03:55:11,Mobile,Organic Search
SES00675,VIS_CUST0035,CUST0035,2026-03-18 22:38:26,Mobile,Organic Search
SES00676,ANON_00676,,2026-03-29 19:04:45,Mobile,Organic Search
SES00677,VIS_CUST0757,CUST0757,2026-02-04 11:06:40,Desktop,Direct
SES00678,ANON_00678,,2026-01-09 03:14:37,Mobile,Organic Search
SES00679,VIS_CUST0865,CUST0865,2026-01-28 16:41:50,Mobile,Paid Search
SES00680,VIS_CUST0631,CUST0631,2026-02-13 15:46:25,Mobile,Organic Search
SES00681,VIS_CUST0621,CUST0621,2026-01-11 07:16:34,Desktop,Social
SES00682,VIS_CUST0925,CUST0925,2026-03-28 11:21:07,Mobile,Direct
SES00683,VIS_CUST0724,CUST0724,2026-03-10 19:44:27,Mobile,Paid Search
SES00684,VIS_CUST0077,CUST0077,2026-01-16 05:12:02,Mobile,Organic Search
SES00685,ANON_00685,,2026-03-02 21:40:48,Mobile,Organic Search
SES00686,VIS_CUST0204,CUST0204,2026-02-06 14:42:47,Tablet,Direct
SES00687,VIS_CUST0183,CUST0183,2026-02-10 14:22:54,Desktop,Social
SES00688,VIS_CUST0646,CUST0646,2026-02-28 01:04:23,Mobile,Paid Search
SES00689,ANON_00689,,2026-03-16 04:06:04,Mobile,Referral
SES00690,VIS_CUST0356,CUST0356,2026-03-13 15:36:55,Desktop,Email
SES00691,ANON_00691,,2026-03-18 00:07:16,Mobile,Social
SES00692,VIS_CUST0056,CUST0056,2026-02-17 03:18:34,Desktop,Paid Search
SES00693,VIS_CUST0171,CUST0171,2026-01-21 00:28:57,Desktop,Organic Search
SES00694,VIS_CUST0567,CUST0567,2026-03-29 19:03:02,Mobile,Organic Search
SES00695,VIS_CUST0255,CUST0255,2026-01-04 12:03:38,Desktop,Email
SES00696,VIS_CUST0035,CUST0035,2026-03-04 00:03:15,Desktop,Paid Search
SES00697,VIS_CUST0621,CUST0621,2026-01-31 07:27:17,Desktop,Paid Search
SES00698,VIS_CUST0993,CUST0993,2026-02-25 22:38:45,Mobile,Organic Search
SES00699,VIS_CUST0930,CUST0930,2026-02-21 18:27:18,Mobile,Paid Search
SES00700,VIS_CUST0790,CUST0790,2026-02-13 09:47:03,Mobile,Social
SES00701,VIS_CUST0422,CUST0422,2026-03-20 22:45:28,Mobile,Organic Search
SES00702,VIS_CUST0814,CUST0814,2026-02-22 23:18:50,Mobile,Referral
SES00703,VIS_CUST0751,CUST0751,2026-03-26 06:35:46,Mobile,Organic Search
SES00704,VIS_CUST0449,CUST0449,2026-01-12 00:51:27,Mobile,Paid Search
SES00705,VIS_CUST0409,CUST0409,2026-03-11 19:28:48,Mobile,Referral
SES00706,ANON_00706,,2026-02-06 01:04:58,Mobile,Organic Search
SES00707,VIS_CUST0711,CUST0711,2026-03-29 06:18:00,Mobile,Organic Search
SES00708,ANON_00708,,2026-01-27 15:49:09,Mobile,Direct
SES00709,VIS_CUST0080,CUST0080,2026-01-15 19:10:06,Mobile,Organic Search
SES00710,VIS_CUST0785,CUST0785,2026-02-02 01:19:44,Mobile,Direct
SES00711,ANON_00711,,2026-02-11 07:16:01,Desktop,Paid Search
SES00712,VIS_CUST0081,CUST0081,2026-02-28 18:38:23,Desktop,Referral
SES00713,VIS_CUST0124,CUST0124,2026-03-29 08:35:51,Mobile,Paid Search
SES00714,VIS_CUST0435,CUST0435,2026-03-01 21:39:14,Mobile,Referral
SES00715,VIS_CUST0035,CUST0035,2026-03-11 08:20:29,Mobile,Paid Search
SES00716,VIS_CUST0503,CUST0503,2026-02-15 23:12:53,Desktop,Social
SES00717,VIS_CUST0455,CUST0455,2026-03-10 23:47:48,Mobile,Organic Search
SES00718,VIS_CUST0015,CUST0015,2026-02-09 03:27:40,Mobile,Social
SES00719,VIS_CUST0747,CUST0747,2026-01-09 03:39:40,Mobile,Organic Search
SES00720,VIS_CUST0475,CUST0475,2026-01-12 06:54:33,Desktop,Organic Search
SES00721,ANON_00721,,2026-03-16 10:35:35,Mobile,Organic Search
SES00722,ANON_00722,,2026-03-14 13:35:16,Desktop,Organic Search
SES00723,VIS_CUST0303,CUST0303,2026-03-09 17:25:41,Mobile,Organic Search
SES00724,VIS_CUST0175,CUST0175,2026-03-23 01:02:54,Mobile,Organic Search
SES00725,VIS_CUST0093,CUST0093,2026-03-17 02:10:24,Mobile,Organic Search
SES00726,VIS_CUST0331,CUST0331,2026-03-25 17:40:40,Mobile,Social
SES00727,ANON_00727,,2026-01-01 18:24:15,Mobile,Paid Search
SES00728,VIS_CUST0023,CUST0023,2026-03-20 13:37:20,Mobile,Social
SES00729,VIS_CUST0042,CUST0042,2026-01-23 17:57:56,Desktop,Direct
SES00730,ANON_00730,,2026-03-28 01:54:59,Mobile,Email
SES00731,VIS_CUST0355,CUST0355,2026-03-06 10:43:57,Mobile,Organic Search
SES00732,VIS_CUST0103,CUST0103,2026-02-23 09:11:40,Desktop,Email
SES00733,ANON_00733,,2026-03-12 21:53:25,Desktop,Social
SES00734,VIS_CUST0349,CUST0349,2026-03-31 23:34:15,Mobile,Social
SES00735,ANON_00735,,2026-02-10 22:43:05,Mobile,Paid Search
SES00736,VIS_CUST0433,CUST0433,2026-01-06 07:01:13,Mobile,Organic Search
SES00737,VIS_CUST0730,CUST0730,2026-03-23 23:03:17,Mobile,Paid Search
SES00738,VIS_CUST0041,CUST0041,2026-03-26 06:20:45,Mobile,Paid Search
SES00739,VIS_CUST0087,CUST0087,2026-01-10 04:22:12,Mobile,Organic Search
SES00740,VIS_CUST0382,CUST0382,2026-01-15 05:57:11,Mobile,Email
SES00741,VIS_CUST0950,CUST0950,2026-03-29 19:58:47,Mobile,Organic Search
SES00742,VIS_CUST0311,CUST0311,2026-02-19 21:47:56,Mobile,Direct
SES00743,VIS_CUST0448,CUST0448,2026-03-14 12:19:57,Desktop,Organic Search
SES00744,VIS_CUST0066,CUST0066,2026-01-28 22:41:44,Desktop,Social
SES00745,VIS_CUST0349,CUST0349,2026-03-20 09:46:22,Desktop,Organic Search
SES00746,VIS_CUST0081,CUST0081,2026-02-17 05:43:00,Mobile,Paid Search
SES00747,VIS_CUST0770,CUST0770,2026-03-04 00:35:52,Desktop,Referral
SES00748,VIS_CUST0753,CUST0753,2026-03-29 08:26:21,Mobile,Email
SES00749,ANON_00749,,2026-03-15 23:00:48,Mobile,Social
SES00750,VIS_CUST0850,CUST0850,2026-03-16 01:46:01,Mobile,Organic Search
SES00751,ANON_00751,,2026-02-09 20:03:13,Mobile,Organic Search
SES00752,VIS_CUST0750,CUST0750,2026-01-03 05:12:22,Mobile,Organic Search
SES00753,VIS_CUST0936,CUST0936,2026-02-14 10:40:43,Mobile,Direct
SES00754,VIS_CUST0340,CUST0340,2026-03-31 08:07:06,Desktop,Organic Search
SES00755,VIS_CUST0533,CUST0533,2026-03-25 16:59:57,Mobile,Direct
SES00756,VIS_CUST0848,CUST0848,2026-01-06 19:18:43,Mobile,Paid Search
SES00757,VIS_CUST0666,CUST0666,2026-03-27 19:20:30,Desktop,Organic Search
SES00758,VIS_CUST0935,CUST0935,2026-03-19 05:46:23,Mobile,Organic Search
SES00759,VIS_CUST0706,CUST0706,2026-03-06 01:14:53,Desktop,Email
SES00760,VIS_CUST0731,CUST0731,2026-01-30 18:34:33,Desktop,Organic Search
SES00761,VIS_CUST0217,CUST0217,2026-03-26 08:29:05,Mobile,Organic Search
SES00762,VIS_CUST0353,CUST0353,2026-01-16 03:13:09,Mobile,Social
SES00763,VIS_CUST0471,CUST0471,2026-02-02 04:25:47,Desktop,Direct
SES00764,VIS_CUST0985,CUST0985,2026-03-24 04:44:02,Desktop,Direct
SES00765,VIS_CUST0817,CUST0817,2026-01-18 17:41:09,Desktop,Social
SES00766,VIS_CUST0940,CUST0940,2026-03-03 10:25:50,Mobile,Organic Search
SES00767,VIS_CUST0801,CUST0801,2026-02-19 22:59:37,Desktop,Organic Search
SES00768,VIS_CUST0659,CUST0659,2026-03-26 14:09:43,Desktop,Social
SES00769,VIS_CUST0775,CUST0775,2026-03-13 08:08:41,Mobile,Direct
SES00770,VIS_CUST0188,CUST0188,2026-03-17 14:42:59,Mobile,Organic Search
SES00771,ANON_00771,,2026-01-21 10:00:56,Mobile,Organic Search
SES00772,VIS_CUST0161,CUST0161,2026-02-20 03:27:13,Tablet,Social
SES00773,VIS_CUST0436,CUST0436,2026-02-08 05:01:11,Desktop,Organic Search
SES00774,VIS_CUST0678,CUST0678,2026-01-25 20:21:30,Mobile,Paid Search
SES00775,VIS_CUST0451,CUST0451,2026-01-27 14:22:48,Mobile,Organic Search
SES00776,VIS_CUST0061,CUST0061,2026-02-09 10:45:23,Mobile,Organic Search
SES00777,VIS_CUST0588,CUST0588,2026-02-24 13:10:25,Mobile,Organic Search
SES00778,VIS_CUST0757,CUST0757,2026-03-24 20:38:37,Mobile,Email
SES00779,VIS_CUST0694,CUST0694,2026-01-26 03:34:26,Mobile,Email
SES00780,VIS_CUST0826,CUST0826,2026-03-19 11:42:02,Mobile,Social
SES00781,VIS_CUST0753,CUST0753,2026-03-29 17:18:54,Mobile,Social
SES00782,ANON_00782,,2026-01-09 12:25:34,Mobile,Paid Search
SES00783,ANON_00783,,2026-03-13 17:50:49,Mobile,Paid Search
SES00784,VIS_CUST0840,CUST0840,2026-03-28 08:26:42,Mobile,Social
SES00785,VIS_CUST0206,CUST0206,2026-03-21 18:17:29,Mobile,Paid Search
SES00786,ANON_00786,,2026-03-17 16:16:51,Mobile,Paid Search
SES00787,VIS_CUST0207,CUST0207,2026-01-16 20:29:26,Mobile,Organic Search
SES00788,ANON_00788,,2026-01-12 22:52:02,Desktop,Paid Search
SES00789,VIS_CUST0529,CUST0529,2026-01-16 19:32:41,Desktop,Organic Search
SES00790,VIS_CUST0369,CUST0369,2026-01-25 18:51:21,Mobile,Direct
SES00791,VIS_CUST0879,CUST0879,2026-03-29 07:18:30,Mobile,Paid Search
SES00792,ANON_00792,,2026-01-18 05:16:29,Mobile,Organic Search
SES00793,VIS_CUST0179,CUST0179,2026-01-15 16:44:31,Desktop,Direct
SES00794,VIS_CUST0641,CUST0641,2026-03-30 06:04:44,Desktop,Social
SES00795,VIS_CUST0016,CUST0016,2026-03-29 02:36:04,Mobile,Paid Search
SES00796,VIS_CUST0920,CUST0920,2026-02-12 18:14:35,Mobile,Social
SES00797,ANON_00797,,2026-01-13 10:43:27,Mobile,Social
SES00798,VIS_CUST0290,CUST0290,2026-03-25 22:16:19,Mobile,Organic Search
SES00799,VIS_CUST0605,CUST0605,2026-02-20 04:28:28,Mobile,Direct
SES00800,ANON_00800,,2026-01-02 09:22:19,Mobile,Organic Search
SES00801,VIS_CUST0353,CUST0353,2026-03-03 01:00:26,Desktop,Referral
SES00802,VIS_CUST0527,CUST0527,2026-02-02 18:04:59,Mobile,Direct
SES00803,VIS_CUST0564,CUST0564,2026-01-29 17:03:44,Mobile,Paid Search
SES00804,VIS_CUST0616,CUST0616,2026-01-15 17:39:09,Mobile,Social
SES00805,VIS_CUST0544,CUST0544,2026-02-06 08:34:59,Mobile,Email
SES00806,ANON_00806,,2026-01-29 18:53:12,Mobile,Social
SES00807,VIS_CUST0214,CUST0214,2026-03-30 12:40:00,Mobile,Organic Search
SES00808,VIS_CUST0255,CUST0255,2026-02-04 00:30:29,Mobile,Referral
SES00809,VIS_CUST0779,CUST0779,2026-01-02 01:05:37,Mobile,Social
SES00810,VIS_CUST0158,CUST0158,2026-03-23 06:51:59,Desktop,Direct
SES00811,VIS_CUST0814,CUST0814,2026-03-15 15:20:19,Mobile,Social
SES00812,ANON_00812,,2026-01-24 10:15:08,Desktop,Social
SES00813,VIS_CUST0857,CUST0857,2026-02-04 15:04:51,Mobile,Organic Search
SES00814,VIS_CUST0044,CUST0044,2026-01-11 11:11:12,Mobile,Direct
SES00815,VIS_CUST0835,CUST0835,2026-03-28 17:44:04,Desktop,Paid Search
SES00816,VIS_CUST0870,CUST0870,2026-01-25 14:43:51,Mobile,Email
SES00817,VIS_CUST0788,CUST0788,2026-01-16 14:12:24,Mobile,Email
SES00818,VIS_CUST0314,CUST0314,2026-03-30 18:10:24,Desktop,Social
SES00819,ANON_00819,,2026-03-15 06:44:36,Mobile,Organic Search
SES00820,ANON_00820,,2026-03-09 23:39:00,Mobile,Organic Search
SES00821,VIS_CUST0873,CUST0873,2026-01-15 03:39:29,Desktop,Social
SES00822,VIS_CUST0507,CUST0507,2026-03-02 06:14:56,Mobile,Organic Search
SES00823,ANON_00823,,2026-02-16 22:06:30,Desktop,Paid Search
SES00824,VIS_CUST0373,CUST0373,2026-03-19 20:09:19,Mobile,Paid Search
SES00825,VIS_CUST0881,CUST0881,2026-03-31 02:23:45,Mobile,Social
SES00826,ANON_00826,,2026-03-21 17:14:57,Tablet,Paid Search
SES00827,VIS_CUST0059,CUST0059,2026-02-03 17:58:26,Mobile,Email
SES00828,VIS_CUST0339,CUST0339,2026-02-25 07:51:50,Desktop,Social
SES00829,VIS_CUST0543,CUST0543,2026-03-12 21:54:34,Mobile,Organic Search
SES00830,VIS_CUST0099,CUST0099,2026-02-04 11:34:32,Mobile,Paid Search
SES00831,VIS_CUST0383,CUST0383,2026-01-17 08:39:50,Mobile,Referral
SES00832,VIS_CUST0636,CUST0636,2026-01-18 15:35:37,Mobile,Referral
SES00833,VIS_CUST0913,CUST0913,2026-02-22 05:35:10,Mobile,Direct
SES00834,VIS_CUST0618,CUST0618,2026-03-01 12:50:24,Desktop,Direct
SES00835,ANON_00835,,2026-03-20 17:33:03,Desktop,Social
SES00836,VIS_CUST0659,CUST0659,2026-03-11 17:12:29,Mobile,Paid Search
SES00837,VIS_CUST0025,CUST0025,2026-01-11 03:04:47,Mobile,Paid Search
SES00838,VIS_CUST0602,CUST0602,2026-03-29 09:47:45,Mobile,Organic Search
SES00839,VIS_CUST0445,CUST0445,2026-02-19 08:35:57,Mobile,Organic Search
SES00840,ANON_00840,,2026-03-11 04:02:13,Mobile,Email
SES00841,VIS_CUST0298,CUST0298,2026-02-22 08:08:35,Desktop,Direct
SES00842,VIS_CUST0924,CUST0924,2026-03-06 01:44:41,Mobile,Direct
SES00843,VIS_CUST0132,CUST0132,2026-03-08 22:38:59,Mobile,Social
SES00844,VIS_CUST0112,CUST0112,2026-01-12 14:13:25,Mobile,Direct
SES00845,VIS_CUST0781,CUST0781,2026-03-20 07:04:09,Mobile,Paid Search
SES00846,VIS_CUST0998,CUST0998,2026-03-16 14:50:58,Mobile,Paid Search
SES00847,VIS_CUST0864,CUST0864,2026-03-21 09:58:10,Mobile,Social
SES00848,VIS_CUST0548,CUST0548,2026-03-02 01:24:37,Desktop,Email
SES00849,VIS_CUST0230,CUST0230,2026-03-17 12:00:24,Mobile,Social
SES00850,VIS_CUST0290,CUST0290,2026-03-25 22:52:28,Mobile,Direct
SES00851,VIS_CUST0991,CUST0991,2026-01-25 23:20:41,Desktop,Paid Search
SES00852,VIS_CUST0642,CUST0642,2026-01-21 04:54:37,Desktop,Paid Search
SES00853,VIS_CUST0971,CUST0971,2026-03-12 19:24:28,Desktop,Social
SES00854,ANON_00854,,2026-03-06 01:05:57,Mobile,Social
SES00855,VIS_CUST0764,CUST0764,2026-03-31 10:02:44,Desktop,Social
SES00856,VIS_CUST0753,CUST0753,2026-03-16 20:33:52,Desktop,Direct
SES00857,ANON_00857,,2026-02-02 04:28:15,Desktop,Paid Search
SES00858,VIS_CUST0104,CUST0104,2026-02-26 12:23:23,Desktop,Organic Search
SES00859,ANON_00859,,2026-03-08 23:43:55,Desktop,Organic Search
SES00860,VIS_CUST0041,CUST0041,2026-03-27 11:05:19,Mobile,Paid Search
SES00861,VIS_CUST0187,CUST0187,2026-03-28 19:08:35,Mobile,Paid Search
SES00862,VIS_CUST0958,CUST0958,2026-03-06 22:39:32,Mobile,Social
SES00863,VIS_CUST0174,CUST0174,2026-03-24 15:33:46,Mobile,Social
SES00864,VIS_CUST0280,CUST0280,2026-03-18 11:25:16,Desktop,Paid Search
SES00865,VIS_CUST0037,CUST0037,2026-03-07 05:38:58,Mobile,Paid Search
SES00866,VIS_CUST0501,CUST0501,2026-01-26 21:23:31,Mobile,Paid Search
SES00867,ANON_00867,,2026-01-03 05:36:40,Desktop,Direct
SES00868,VIS_CUST0014,CUST0014,2026-03-20 08:24:51,Mobile,Direct
SES00869,ANON_00869,,2026-02-14 17:39:20,Mobile,Paid Search
SES00870,VIS_CUST0736,CUST0736,2026-02-12 04:28:30,Mobile,Email
SES00871,VIS_CUST0724,CUST0724,2026-03-27 18:40:11,Mobile,Social
SES00872,VIS_CUST0998,CUST0998,2026-01-26 13:26:38,Mobile,Social
SES00873,VIS_CUST0257,CUST0257,2026-03-07 11:20:48,Desktop,Social
SES00874,ANON_00874,,2026-01-06 20:45:05,Mobile,Direct
SES00875,VIS_CUST0698,CUST0698,2026-03-16 22:09:18,Tablet,Social
SES00876,ANON_00876,,2026-02-01 11:49:54,Desktop,Direct
SES00877,VIS_CUST0892,CUST0892,2026-01-15 12:05:23,Mobile,Organic Search
SES00878,ANON_00878,,2026-02-23 08:01:42,Mobile,Organic Search
SES00879,VIS_CUST0623,CUST0623,2026-01-14 17:40:01,Mobile,Direct
SES00880,VIS_CUST0319,CUST0319,2026-03-25 00:34:53,Mobile,Organic Search
SES00881,ANON_00881,,2026-02-05 21:09:17,Mobile,Paid Search
SES00882,VIS_CUST0335,CUST0335,2026-01-23 15:57:02,Desktop,Direct
SES00883,VIS_CUST0934,CUST0934,2026-03-10 18:00:14,Mobile,Organic Search
SES00884,VIS_CUST0503,CUST0503,2026-02-28 12:09:33,Desktop,Direct
SES00885,VIS_CUST0845,CUST0845,2026-03-22 17:06:27,Mobile,Direct
SES00886,VIS_CUST0200,CUST0200,2026-03-19 13:27:06,Mobile,Organic Search
SES00887,ANON_00887,,2026-02-13 08:51:06,Mobile,Social
SES00888,VIS_CUST0323,CUST0323,2026-03-27 22:53:22,Mobile,Organic Search
SES00889,VIS_CUST0509,CUST0509,2026-03-31 23:56:49,Mobile,Organic Search
SES00890,ANON_00890,,2026-02-13 13:04:35,Mobile,Email
SES00891,ANON_00891,,2026-01-14 08:48:05,Mobile,Paid Search
SES00892,VIS_CUST0596,CUST0596,2026-02-05 17:46:39,Mobile,Direct
SES00893,VIS_CUST0164,CUST0164,2026-01-20 13:43:45,Desktop,Organic Search
SES00894,VIS_CUST0457,CUST0457,2026-03-12 05:53:31,Desktop,Email
SES00895,VIS_CUST0896,CUST0896,2026-01-20 10:21:58,Desktop,Email
SES00896,VIS_CUST0236,CUST0236,2026-03-19 05:59:19,Mobile,Organic Search
SES00897,VIS_CUST0970,CUST0970,2026-02-08 17:26:15,Desktop,Paid Search
SES00898,VIS_CUST0961,CUST0961,2026-01-08 12:59:37,Mobile,Direct
SES00899,ANON_00899,,2026-01-01 00:01:19,Mobile,Paid Search
SES00900,VIS_CUST0270,CUST0270,2026-03-28 03:42:11,Tablet,Direct
SES00901,ANON_00901,,2026-01-17 22:48:14,Mobile,Organic Search
SES00902,VIS_CUST0039,CUST0039,2026-03-20 11:56:32,Desktop,Paid Search
SES00903,ANON_00903,,2026-03-27 02:06:13,Mobile,Organic Search
SES00904,ANON_00904,,2026-01-05 06:48:51,Desktop,Direct
SES00905,VIS_CUST0484,CUST0484,2026-01-16 21:54:08,Mobile,Direct
SES00906,VIS_CUST0507,CUST0507,2026-03-20 14:18:10,Mobile,Paid Search
SES00907,VIS_CUST0872,CUST0872,2026-02-25 16:48:02,Mobile,Direct
SES00908,ANON_00908,,2026-02-22 19:36:15,Mobile,Organic Search
SES00909,VIS_CUST0233,CUST0233,2026-03-28 21:50:39,Desktop,Paid Search
SES00910,VIS_CUST0360,CUST0360,2026-03-09 14:42:19,Desktop,Referral
SES00911,ANON_00911,,2026-01-19 06:50:36,Desktop,Direct
SES00912,VIS_CUST0835,CUST0835,2026-01-20 06:46:19,Mobile,Organic Search
SES00913,VIS_CUST0612,CUST0612,2026-02-03 07:38:35,Mobile,Organic Search
SES00914,VIS_CUST0360,CUST0360,2026-02-22 20:00:56,Desktop,Direct
SES00915,VIS_CUST0028,CUST0028,2026-01-04 18:06:40,Tablet,Email
SES00916,VIS_CUST0742,CUST0742,2026-03-11 11:29:19,Mobile,Organic Search
SES00917,VIS_CUST0463,CUST0463,2026-03-01 14:03:53,Mobile,Organic Search
SES00918,VIS_CUST0475,CUST0475,2026-03-09 16:25:59,Mobile,Direct
SES00919,ANON_00919,,2026-01-08 11:00:18,Mobile,Paid Search
SES00920,VIS_CUST0045,CUST0045,2026-02-27 17:40:12,Mobile,Direct
SES00921,ANON_00921,,2026-02-24 15:21:03,Mobile,Paid Search
SES00922,VIS_CUST0447,CUST0447,2026-03-26 11:57:46,Mobile,Organic Search
SES00923,VIS_CUST0190,CUST0190,2026-02-10 02:57:20,Mobile,Organic Search
SES00924,ANON_00924,,2026-02-01 00:33:25,Desktop,Direct
SES00925,VIS_CUST0398,CUST0398,2026-03-03 11:55:15,Mobile,Direct
SES00926,VIS_CUST0641,CUST0641,2026-01-22 21:05:06,Desktop,Paid Search
SES00927,ANON_00927,,2026-01-22 19:38:16,Desktop,Organic Search
SES00928,VIS_CUST0615,CUST0615,2026-02-10 12:25:04,Mobile,Organic Search
SES00929,VIS_CUST0857,CUST0857,2026-02-28 18:26:29,Mobile,Paid Search
SES00930,VIS_CUST0481,CUST0481,2026-01-09 20:01:00,Desktop,Referral
SES00931,VIS_CUST0928,CUST0928,2026-02-14 05:52:36,Mobile,Paid Search
SES00932,VIS_CUST0193,CUST0193,2026-03-01 12:31:07,Desktop,Organic Search
SES00933,VIS_CUST0346,CUST0346,2026-03-28 03:29:47,Mobile,Paid Search
SES00934,VIS_CUST0261,CUST0261,2026-01-07 23:53:21,Mobile,Referral
SES00935,VIS_CUST0273,CUST0273,2026-02-11 12:37:48,Mobile,Paid Search
SES00936,VIS_CUST0275,CUST0275,2026-03-18 02:33:03,Mobile,Email
SES00937,VIS_CUST0292,CUST0292,2026-01-24 08:49:32,Mobile,Social
SES00938,VIS_CUST0990,CUST0990,2026-02-07 05:05:18,Mobile,Social
SES00939,VIS_CUST0253,CUST0253,2026-02-09 10:59:08,Mobile,Paid Search
SES00940,VIS_CUST0730,CUST0730,2026-02-12 23:09:50,Mobile,Direct
SES00941,VIS_CUST0858,CUST0858,2026-03-08 08:09:15,Mobile,Direct
SES00942,VIS_CUST0025,CUST0025,2026-02-24 16:36:19,Mobile,Email
SES00943,VIS_CUST0932,CUST0932,2026-01-09 16:27:32,Mobile,Paid Search
SES00944,VIS_CUST0614,CUST0614,2026-03-21 18:00:38,Desktop,Referral
SES00945,VIS_CUST0257,CUST0257,2026-03-24 23:55:48,Desktop,Paid Search
SES00946,VIS_CUST0434,CUST0434,2026-02-19 07:17:47,Mobile,Direct
SES00947,VIS_CUST0802,CUST0802,2026-02-21 20:12:05,Mobile,Paid Search
SES00948,VIS_CUST0176,CUST0176,2026-01-27 10:35:32,Mobile,Organic Search
SES00949,VIS_CUST0286,CUST0286,2026-01-25 20:43:46,Mobile,Email
SES00950,VIS_CUST0555,CUST0555,2026-02-09 05:09:05,Desktop,Paid Search
SES00951,VIS_CUST0825,CUST0825,2026-02-04 02:05:44,Mobile,Referral
SES00952,VIS_CUST0461,CUST0461,2026-02-27 07:48:05,Desktop,Email
SES00953,VIS_CUST0055,CUST0055,2026-02-15 03:44:12,Desktop,Direct
SES00954,ANON_00954,,2026-02-16 13:13:09,Mobile,Paid Search
SES00955,VIS_CUST0628,CUST0628,2026-02-03 16:23:44,Mobile,Organic Search
SES00956,VIS_CUST0799,CUST0799,2026-03-12 17:54:40,Desktop,Social
SES00957,VIS_CUST0148,CUST0148,2026-03-15 23:50:31,Desktop,Organic Search
SES00958,VIS_CUST0582,CUST0582,2026-03-30 22:36:02,Mobile,Referral
SES00959,VIS_CUST0746,CUST0746,2026-03-24 14:01:38,Mobile,Referral
SES00960,VIS_CUST0533,CUST0533,2026-01-28 02:02:04,Desktop,Email
SES00961,VIS_CUST0606,CUST0606,2026-03-19 20:02:07,Desktop,Organic Search
SES00962,VIS_CUST0101,CUST0101,2026-02-22 15:26:21,Mobile,Paid Search
SES00963,ANON_00963,,2026-01-07 10:32:17,Desktop,Direct
SES00964,VIS_CUST0485,CUST0485,2026-02-02 09:46:38,Desktop,Organic Search
SES00965,ANON_00965,,2026-01-28 19:31:04,Mobile,Direct
SES00966,VIS_CUST0994,CUST0994,2026-03-20 11:00:21,Desktop,Organic Search
SES00967,VIS_CUST0170,CUST0170,2026-01-31 01:48:37,Mobile,Organic Search
SES00968,VIS_CUST0539,CUST0539,2026-03-22 18:14:22,Mobile,Organic Search
SES00969,ANON_00969,,2026-02-04 19:57:09,Tablet,Paid Search
SES00970,ANON_00970,,2026-01-13 05:51:25,Mobile,Organic Search
SES00971,ANON_00971,,2026-03-06 21:10:49,Desktop,Social
SES00972,VIS_CUST0833,CUST0833,2026-02-15 00:02:32,Desktop,Paid Search
SES00973,VIS_CUST0889,CUST0889,2026-01-18 20:39:44,Mobile,Direct
SES00974,VIS_CUST0619,CUST0619,2026-02-06 23:27:57,Desktop,Email
SES00975,VIS_CUST0152,CUST0152,2026-03-08 01:20:37,Desktop,Email
SES00976,VIS_CUST0298,CUST0298,2026-03-15 07:34:25,Mobile,Paid Search
SES00977,ANON_00977,,2026-03-21 07:08:00,Mobile,Direct
SES00978,VIS_CUST0834,CUST0834,2026-03-19 01:32:39,Desktop,Organic Search
SES00979,VIS_CUST0744,CUST0744,2026-02-10 04:59:29,Mobile,Organic Search
SES00980,VIS_CUST0174,CUST0174,2026-01-29 09:08:49,Desktop,Paid Search
SES00981,VIS_CUST0079,CUST0079,2026-03-26 18:45:10,Mobile,Direct
SES00982,VIS_CUST0477,CUST0477,2026-01-12 20:30:28,Mobile,Social
SES00983,VIS_CUST0933,CUST0933,2026-03-23 01:22:31,Desktop,Direct
SES00984,VIS_CUST0360,CUST0360,2026-03-03 00:40:43,Desktop,Direct
SES00985,VIS_CUST0766,CUST0766,2026-01-07 11:53:22,Tablet,Email
SES00986,VIS_CUST0193,CUST0193,2026-02-25 10:23:05,Mobile,Referral
SES00987,VIS_CUST0485,CUST0485,2026-02-23 17:56:48,Tablet,Email
SES00988,ANON_00988,,2026-03-09 13:34:49,Mobile,Paid Search
SES00989,VIS_CUST0511,CUST0511,2026-03-13 17:07:44,Mobile,Organic Search
SES00990,ANON_00990,,2026-02-05 04:45:40,Mobile,Referral
SES00991,VIS_CUST0284,CUST0284,2026-03-31 05:05:42,Desktop,Email
SES00992,ANON_00992,,2026-02-23 00:25:22,Mobile,Social
SES00993,VIS_CUST0110,CUST0110,2026-02-16 07:26:13,Mobile,Direct
SES00994,VIS_CUST0832,CUST0832,2026-02-15 15:54:53,Mobile,Email
SES00995,VIS_CUST0536,CUST0536,2026-01-27 12:52:07,Mobile,Email
SES00996,VIS_CUST0398,CUST0398,2026-03-22 02:26:54,Mobile,Paid Search
SES00997,VIS_CUST0620,CUST0620,2026-01-01 03:23:05,Tablet,Paid Search
SES00998,VIS_CUST0989,CUST0989,2026-01-27 20:24:21,Tablet,Social
SES00999,VIS_CUST0890,CUST0890,2026-02-26 13:33:53,Tablet,Paid Search
SES01000,VIS_CUST0854,CUST0854,2026-03-16 12:57:33,Mobile,Organic Search
SES01001,VIS_CUST0206,CUST0206,2026-03-25 20:54:40,Mobile,Paid Search
SES01002,VIS_CUST0972,CUST0972,2026-02-19 11:40:54,Mobile,Organic Search
SES01003,VIS_CUST0318,CUST0318,2026-02-09 04:43:24,Mobile,Social
SES01004,ANON_01004,,2026-02-25 18:28:51,Desktop,Social
SES01005,VIS_CUST0350,CUST0350,2026-02-16 16:51:21,Mobile,Organic Search
SES01006,ANON_01006,,2026-02-01 12:38:27,Mobile,Paid Search
SES01007,VIS_CUST0757,CUST0757,2026-01-10 23:06:38,Desktop,Referral
SES01008,VIS_CUST0122,CUST0122,2026-03-28 04:45:17,Mobile,Social
SES01009,VIS_CUST0422,CUST0422,2026-03-01 01:20:41,Mobile,Social
SES01010,ANON_01010,,2026-03-15 03:22:48,Mobile,Email
SES01011,VIS_CUST0684,CUST0684,2026-01-19 16:39:41,Mobile,Organic Search
SES01012,VIS_CUST0742,CUST0742,2026-02-05 14:20:19,Mobile,Direct
SES01013,VIS_CUST0112,CUST0112,2026-01-23 06:12:28,Desktop,Organic Search
SES01014,VIS_CUST0977,CUST0977,2026-03-26 07:30:51,Mobile,Direct
SES01015,VIS_CUST0718,CUST0718,2026-03-18 17:55:23,Mobile,Paid Search
SES01016,VIS_CUST0622,CUST0622,2026-03-27 20:51:01,Mobile,Social
SES01017,VIS_CUST0341,CUST0341,2026-01-14 05:19:20,Desktop,Organic Search
SES01018,VIS_CUST0739,CUST0739,2026-02-23 01:57:52,Mobile,Email
SES01019,VIS_CUST0884,CUST0884,2026-03-29 13:13:49,Mobile,Paid Search
SES01020,VIS_CUST0620,CUST0620,2026-03-11 19:55:00,Mobile,Paid Search
SES01021,ANON_01021,,2026-01-29 01:21:56,Mobile,Direct
SES01022,VIS_CUST0091,CUST0091,2026-03-30 18:51:03,Mobile,Social
SES01023,VIS_CUST0043,CUST0043,2026-03-11 08:24:42,Mobile,Paid Search
SES01024,ANON_01024,,2026-03-31 18:34:22,Mobile,Organic Search
SES01025,ANON_01025,,2026-01-25 13:06:06,Desktop,Organic Search
SES01026,ANON_01026,,2026-02-20 01:34:57,Mobile,Email
SES01027,VIS_CUST0303,CUST0303,2026-01-17 14:09:30,Mobile,Social
SES01028,VIS_CUST0740,CUST0740,2026-03-24 01:05:05,Mobile,Organic Search
SES01029,VIS_CUST0298,CUST0298,2026-02-03 02:36:39,Mobile,Direct
SES01030,ANON_01030,,2026-01-03 06:12:33,Desktop,Paid Search
SES01031,ANON_01031,,2026-03-16 22:58:34,Mobile,Organic Search
SES01032,VIS_CUST0297,CUST0297,2026-03-04 01:10:02,Mobile,Direct
SES01033,ANON_01033,,2026-01-09 17:50:58,Mobile,Social
SES01034,VIS_CUST0222,CUST0222,2026-02-09 07:42:20,Mobile,Referral
SES01035,ANON_01035,,2026-03-31 03:23:55,Desktop,Email
SES01036,VIS_CUST0009,CUST0009,2026-02-24 22:40:56,Mobile,Organic Search
SES01037,VIS_CUST0014,CUST0014,2026-03-08 20:04:50,Mobile,Paid Search
SES01038,VIS_CUST0625,CUST0625,2026-02-03 13:45:18,Mobile,Organic Search
SES01039,VIS_CUST0418,CUST0418,2026-03-25 01:41:27,Desktop,Organic Search
SES01040,VIS_CUST0878,CUST0878,2026-02-17 12:56:57,Mobile,Social
SES01041,VIS_CUST0800,CUST0800,2026-01-02 17:52:13,Desktop,Direct
SES01042,VIS_CUST0396,CUST0396,2026-03-08 11:57:05,Mobile,Paid Search
SES01043,VIS_CUST0838,CUST0838,2026-02-19 10:13:57,Mobile,Paid Search
SES01044,VIS_CUST0575,CUST0575,2026-03-29 14:47:09,Mobile,Organic Search
SES01045,VIS_CUST0351,CUST0351,2026-01-24 01:14:30,Mobile,Social
SES01046,VIS_CUST0684,CUST0684,2026-02-13 20:09:00,Desktop,Organic Search
SES01047,VIS_CUST0067,CUST0067,2026-01-29 02:14:00,Mobile,Organic Search
SES01048,VIS_CUST0170,CUST0170,2026-03-15 10:07:02,Mobile,Social
SES01049,VIS_CUST0748,CUST0748,2026-03-07 20:30:19,Desktop,Direct
SES01050,VIS_CUST0339,CUST0339,2026-01-10 23:52:36,Mobile,Email
SES01051,VIS_CUST0578,CUST0578,2026-01-06 07:37:45,Mobile,Email
SES01052,ANON_01052,,2026-03-15 11:57:58,Mobile,Direct
SES01053,VIS_CUST0445,CUST0445,2026-01-03 21:45:54,Mobile,Direct
SES01054,VIS_CUST0273,CUST0273,2026-03-18 01:55:20,Mobile,Social
SES01055,VIS_CUST0689,CUST0689,2026-03-08 13:43:45,Desktop,Email
SES01056,VIS_CUST0921,CUST0921,2026-03-24 23:26:54,Mobile,Referral
SES01057,VIS_CUST0057,CUST0057,2026-03-22 22:41:08,Tablet,Paid Search
SES01058,VIS_CUST0075,CUST0075,2026-02-26 04:53:58,Mobile,Paid Search
SES01059,VIS_CUST0643,CUST0643,2026-02-10 21:12:20,Desktop,Organic Search
SES01060,VIS_CUST0782,CUST0782,2026-02-09 23:12:17,Desktop,Social
SES01061,ANON_01061,,2026-01-16 15:05:29,Mobile,Direct
SES01062,ANON_01062,,2026-01-31 12:08:21,Mobile,Direct
SES01063,VIS_CUST0011,CUST0011,2026-03-24 11:35:04,Tablet,Direct
SES01064,VIS_CUST0479,CUST0479,2026-03-28 06:08:01,Mobile,Paid Search
SES01065,ANON_01065,,2026-02-22 22:22:55,Mobile,Organic Search
SES01066,VIS_CUST0145,CUST0145,2026-02-08 09:47:17,Mobile,Organic Search
SES01067,ANON_01067,,2026-02-08 16:14:42,Mobile,Organic Search
SES01068,ANON_01068,,2026-01-08 07:10:43,Mobile,Organic Search
SES01069,VIS_CUST0644,CUST0644,2026-03-05 08:24:11,Mobile,Referral
SES01070,VIS_CUST0449,CUST0449,2026-03-15 13:59:05,Mobile,Direct
SES01071,VIS_CUST0757,CUST0757,2026-02-17 20:22:04,Desktop,Social
SES01072,VIS_CUST0675,CUST0675,2026-01-17 14:19:10,Mobile,Social
SES01073,VIS_CUST0415,CUST0415,2026-01-15 14:19:07,Desktop,Social
SES01074,ANON_01074,,2026-03-15 07:11:28,Mobile,Organic Search
SES01075,ANON_01075,,2026-01-16 08:57:06,Mobile,Direct
SES01076,VIS_CUST0734,CUST0734,2026-02-27 04:10:11,Mobile,Organic Search
SES01077,VIS_CUST0663,CUST0663,2026-01-28 12:45:23,Mobile,Social
SES01078,VIS_CUST0400,CUST0400,2026-01-20 00:41:12,Mobile,Referral
SES01079,VIS_CUST0473,CUST0473,2026-03-01 06:24:34,Mobile,Paid Search
SES01080,ANON_01080,,2026-03-23 06:27:22,Desktop,Paid Search
SES01081,VIS_CUST0812,CUST0812,2026-02-05 19:05:19,Mobile,Organic Search
SES01082,VIS_CUST0746,CUST0746,2026-02-02 05:19:45,Desktop,Social
SES01083,VIS_CUST0187,CUST0187,2026-02-08 04:09:37,Mobile,Paid Search
SES01084,VIS_CUST0137,CUST0137,2026-02-21 17:17:17,Desktop,Direct
SES01085,ANON_01085,,2026-01-17 16:27:22,Mobile,Social
SES01086,VIS_CUST0270,CUST0270,2026-03-24 12:55:42,Mobile,Organic Search
SES01087,ANON_01087,,2026-03-22 00:49:29,Mobile,Direct
SES01088,VIS_CUST0535,CUST0535,2026-03-10 10:02:15,Mobile,Organic Search
SES01089,VIS_CUST0222,CUST0222,2026-01-17 20:18:24,Mobile,Direct
SES01090,VIS_CUST0112,CUST0112,2026-03-16 17:40:09,Desktop,Organic Search
SES01091,VIS_CUST0575,CUST0575,2026-02-28 17:55:09,Desktop,Organic Search
SES01092,VIS_CUST0167,CUST0167,2026-03-11 07:43:14,Desktop,Social
SES01093,VIS_CUST0884,CUST0884,2026-03-15 08:31:06,Mobile,Paid Search
SES01094,VIS_CUST0373,CUST0373,2026-03-26 03:46:32,Mobile,Email
SES01095,ANON_01095,,2026-01-08 01:30:55,Tablet,Organic Search
SES01096,VIS_CUST0756,CUST0756,2026-03-21 10:28:09,Mobile,Organic Search
SES01097,VIS_CUST0452,CUST0452,2026-01-29 09:57:58,Mobile,Organic Search
SES01098,ANON_01098,,2026-03-10 07:42:11,Mobile,Paid Search
SES01099,ANON_01099,,2026-01-11 06:40:28,Desktop,Organic Search
SES01100,ANON_01100,,2026-03-04 15:18:12,Mobile,Paid Search
SES01101,ANON_01101,,2026-02-20 10:44:01,Mobile,Organic Search
SES01102,VIS_CUST0186,CUST0186,2026-02-03 23:45:48,Mobile,Paid Search
SES01103,VIS_CUST0247,CUST0247,2026-03-29 07:26:44,Mobile,Social
SES01104,VIS_CUST0704,CUST0704,2026-01-20 06:07:18,Mobile,Email
SES01105,ANON_01105,,2026-02-01 15:13:18,Mobile,Organic Search
SES01106,VIS_CUST0988,CUST0988,2026-03-18 15:19:21,Mobile,Direct
SES01107,VIS_CUST0661,CUST0661,2026-03-13 13:36:08,Desktop,Paid Search
SES01108,VIS_CUST0260,CUST0260,2026-03-20 17:12:56,Tablet,Paid Search
SES01109,ANON_01109,,2026-02-26 12:46:39,Mobile,Organic Search
SES01110,VIS_CUST0725,CUST0725,2026-03-21 08:54:49,Mobile,Social
SES01111,VIS_CUST0905,CUST0905,2026-01-26 18:13:14,Desktop,Paid Search
SES01112,VIS_CUST0653,CUST0653,2026-02-08 06:53:32,Desktop,Direct
SES01113,ANON_01113,,2026-03-25 00:43:36,Desktop,Paid Search
SES01114,VIS_CUST0950,CUST0950,2026-03-31 13:28:13,Desktop,Social
SES01115,VIS_CUST0753,CUST0753,2026-03-20 16:20:38,Mobile,Direct
SES01116,VIS_CUST0704,CUST0704,2026-02-18 12:46:13,Mobile,Referral
SES01117,VIS_CUST0162,CUST0162,2026-03-26 03:37:45,Desktop,Email
SES01118,VIS_CUST0119,CUST0119,2026-03-24 06:52:12,Mobile,Organic Search
SES01119,VIS_CUST0678,CUST0678,2026-03-31 20:38:33,Mobile,Paid Search
SES01120,VIS_CUST0898,CUST0898,2026-03-20 18:22:15,Mobile,Social
SES01121,ANON_01121,,2026-01-15 13:49:25,Mobile,Paid Search
SES01122,VIS_CUST0991,CUST0991,2026-03-12 01:23:23,Mobile,Direct
SES01123,VIS_CUST0798,CUST0798,2026-03-18 15:33:27,Mobile,Organic Search
SES01124,VIS_CUST0965,CUST0965,2026-03-28 05:25:42,Desktop,Organic Search
SES01125,VIS_CUST0088,CUST0088,2026-03-12 09:06:55,Desktop,Organic Search
SES01126,VIS_CUST0328,CUST0328,2026-03-25 21:23:40,Mobile,Direct
SES01127,VIS_CUST0787,CUST0787,2026-02-15 20:00:35,Mobile,Direct
SES01128,VIS_CUST0046,CUST0046,2026-01-06 18:24:30,Desktop,Direct
SES01129,VIS_CUST0032,CUST0032,2026-03-11 21:14:18,Mobile,Paid Search
SES01130,VIS_CUST0993,CUST0993,2026-03-20 22:25:14,Desktop,Paid Search
SES01131,VIS_CUST0545,CUST0545,2026-02-21 06:36:51,Desktop,Paid Search
SES01132,ANON_01132,,2026-02-12 16:03:13,Desktop,Direct
SES01133,VIS_CUST0487,CUST0487,2026-03-16 18:41:26,Mobile,Organic Search
SES01134,VIS_CUST0603,CUST0603,2026-03-06 17:08:33,Mobile,Direct
SES01135,ANON_01135,,2026-01-07 09:16:32,Mobile,Organic Search
SES01136,VIS_CUST0509,CUST0509,2026-02-08 08:25:01,Desktop,Social
SES01137,ANON_01137,,2026-02-07 02:38:24,Mobile,Email
SES01138,VIS_CUST0497,CUST0497,2026-01-05 18:25:15,Mobile,Social
SES01139,VIS_CUST0016,CUST0016,2026-03-11 01:53:04,Desktop,Organic Search
SES01140,VIS_CUST0176,CUST0176,2026-01-09 15:26:17,Mobile,Direct
SES01141,VIS_CUST0954,CUST0954,2026-02-22 23:41:03,Desktop,Direct
SES01142,VIS_CUST0799,CUST0799,2026-02-13 13:16:03,Desktop,Direct
SES01143,VIS_CUST0641,CUST0641,2026-01-29 03:12:18,Desktop,Social
SES01144,VIS_CUST0142,CUST0142,2026-03-24 18:56:20,Mobile,Direct
SES01145,VIS_CUST0955,CUST0955,2026-02-22 08:11:36,Mobile,Direct
SES01146,ANON_01146,,2026-01-18 11:02:03,Desktop,Paid Search
SES01147,VIS_CUST0685,CUST0685,2026-01-16 07:46:22,Mobile,Paid Search
SES01148,ANON_01148,,2026-03-24 07:49:32,Mobile,Social
SES01149,VIS_CUST0595,CUST0595,2026-02-15 22:07:39,Mobile,Organic Search
SES01150,VIS_CUST0408,CUST0408,2026-03-07 05:11:41,Mobile,Direct
SES01151,ANON_01151,,2026-02-11 16:21:38,Mobile,Paid Search
SES01152,VIS_CUST0556,CUST0556,2026-03-24 12:25:32,Mobile,Referral
SES01153,VIS_CUST0043,CUST0043,2026-02-12 07:44:23,Mobile,Organic Search
SES01154,VIS_CUST0615,CUST0615,2026-03-21 02:46:09,Mobile,Direct
SES01155,VIS_CUST0411,CUST0411,2026-03-31 08:46:49,Desktop,Organic Search
SES01156,VIS_CUST0281,CUST0281,2026-03-18 11:28:09,Mobile,Paid Search
SES01157,ANON_01157,,2026-01-07 08:14:17,Desktop,Organic Search
SES01158,ANON_01158,,2026-03-12 19:49:30,Mobile,Paid Search
SES01159,VIS_CUST0942,CUST0942,2026-03-02 20:03:38,Mobile,Organic Search
SES01160,VIS_CUST0519,CUST0519,2026-02-25 01:43:17,Mobile,Direct
SES01161,ANON_01161,,2026-03-20 00:28:31,Desktop,Organic Search
SES01162,VIS_CUST0117,CUST0117,2026-02-16 01:37:13,Mobile,Email
SES01163,VIS_CUST0827,CUST0827,2026-02-23 01:20:14,Mobile,Organic Search
SES01164,VIS_CUST0995,CUST0995,2026-01-25 07:02:58,Mobile,Organic Search
SES01165,VIS_CUST0809,CUST0809,2026-01-26 10:48:32,Mobile,Direct
SES01166,VIS_CUST0462,CUST0462,2026-01-30 22:54:25,Desktop,Referral
SES01167,VIS_CUST0875,CUST0875,2026-01-18 21:30:33,Desktop,Paid Search
SES01168,VIS_CUST0055,CUST0055,2026-03-09 10:59:02,Desktop,Paid Search
SES01169,VIS_CUST0081,CUST0081,2026-01-28 06:36:56,Desktop,Organic Search
SES01170,VIS_CUST0927,CUST0927,2026-01-02 10:59:06,Mobile,Social
SES01171,ANON_01171,,2026-02-04 19:03:02,Mobile,Direct
SES01172,VIS_CUST0942,CUST0942,2026-01-06 04:35:49,Mobile,Organic Search
SES01173,VIS_CUST0839,CUST0839,2026-01-17 09:20:27,Mobile,Organic Search
SES01174,VIS_CUST0669,CUST0669,2026-01-28 16:34:49,Desktop,Paid Search
SES01175,VIS_CUST0731,CUST0731,2026-01-28 17:11:02,Desktop,Social
SES01176,VIS_CUST0032,CUST0032,2026-03-26 05:40:38,Desktop,Social
SES01177,VIS_CUST0868,CUST0868,2026-02-28 21:48:28,Desktop,Referral
SES01178,VIS_CUST0396,CUST0396,2026-03-18 23:25:07,Tablet,Paid Search
SES01179,ANON_01179,,2026-03-18 11:47:54,Mobile,Organic Search
SES01180,VIS_CUST0527,CUST0527,2026-01-07 12:01:48,Desktop,Paid Search
SES01181,VIS_CUST0635,CUST0635,2026-02-13 17:21:35,Desktop,Social
SES01182,ANON_01182,,2026-03-07 00:05:24,Mobile,Social
SES01183,VIS_CUST0677,CUST0677,2026-03-23 03:49:30,Desktop,Direct
SES01184,VIS_CUST0858,CUST0858,2026-01-11 03:51:42,Mobile,Paid Search
SES01185,ANON_01185,,2026-02-28 01:56:50,Mobile,Referral
SES01186,VIS_CUST0662,CUST0662,2026-02-23 08:54:25,Mobile,Paid Search
SES01187,ANON_01187,,2026-03-11 02:21:34,Mobile,Direct
SES01188,VIS_CUST0118,CUST0118,2026-02-05 21:26:24,Mobile,Social
SES01189,VIS_CUST0657,CUST0657,2026-03-31 14:58:18,Mobile,Organic Search
SES01190,VIS_CUST0938,CUST0938,2026-02-15 04:05:14,Mobile,Direct
SES01191,VIS_CUST0433,CUST0433,2026-01-09 22:26:22,Mobile,Direct
SES01192,VIS_CUST0103,CUST0103,2026-03-01 14:59:59,Desktop,Direct
SES01193,VIS_CUST0579,CUST0579,2026-03-25 20:04:44,Mobile,Social
SES01194,VIS_CUST0533,CUST0533,2026-03-03 16:18:27,Mobile,Paid Search
SES01195,ANON_01195,,2026-03-16 04:15:00,Tablet,Paid Search
SES01196,ANON_01196,,2026-01-12 10:26:38,Mobile,Paid Search
SES01197,VIS_CUST0190,CUST0190,2026-01-08 05:53:47,Mobile,Social
SES01198,VIS_CUST0844,CUST0844,2026-02-03 15:39:47,Desktop,Paid Search
SES01199,VIS_CUST0866,CUST0866,2026-01-14 17:48:09,Mobile,Direct
SES01200,VIS_CUST0886,CUST0886,2026-01-18 05:53:49,Mobile,Direct
SES01201,VIS_CUST0806,CUST0806,2026-03-10 14:37:21,Mobile,Email
SES01202,ANON_01202,,2026-03-01 06:22:40,Mobile,Paid Search
SES01203,ANON_01203,,2026-03-19 02:01:34,Mobile,Direct
SES01204,VIS_CUST0670,CUST0670,2026-03-27 04:09:21,Mobile,Direct
SES01205,VIS_CUST0219,CUST0219,2026-03-25 06:02:03,Mobile,Organic Search
SES01206,VIS_CUST0528,CUST0528,2026-03-20 10:17:04,Tablet,Organic Search
SES01207,VIS_CUST0702,CUST0702,2026-03-05 08:03:55,Mobile,Organic Search
SES01208,VIS_CUST0883,CUST0883,2026-02-22 23:30:11,Mobile,Email
SES01209,VIS_CUST0817,CUST0817,2026-03-03 05:27:20,Tablet,Organic Search
SES01210,VIS_CUST0407,CUST0407,2026-01-20 23:59:29,Mobile,Email
SES01211,VIS_CUST0785,CUST0785,2026-01-11 09:39:16,Mobile,Social
SES01212,ANON_01212,,2026-01-10 04:47:40,Mobile,Email
SES01213,VIS_CUST0942,CUST0942,2026-03-09 19:55:54,Desktop,Email
SES01214,VIS_CUST0893,CUST0893,2026-01-02 00:38:35,Mobile,Paid Search
SES01215,VIS_CUST0818,CUST0818,2026-03-08 15:23:37,Desktop,Organic Search
SES01216,VIS_CUST0954,CUST0954,2026-03-10 18:27:05,Desktop,Social
SES01217,VIS_CUST0010,CUST0010,2026-03-20 23:40:56,Tablet,Social
SES01218,VIS_CUST0519,CUST0519,2026-03-09 20:09:29,Tablet,Organic Search
SES01219,ANON_01219,,2026-01-22 11:51:21,Tablet,Paid Search
SES01220,VIS_CUST0660,CUST0660,2026-03-31 14:28:58,Mobile,Direct
SES01221,VIS_CUST0712,CUST0712,2026-01-31 03:59:06,Desktop,Referral
SES01222,ANON_01222,,2026-03-25 16:20:40,Mobile,Organic Search
SES01223,VIS_CUST0401,CUST0401,2026-01-28 18:07:23,Mobile,Social
SES01224,VIS_CUST0798,CUST0798,2026-02-11 05:55:22,Desktop,Paid Search
SES01225,VIS_CUST0041,CUST0041,2026-03-28 21:34:17,Desktop,Direct
SES01226,VIS_CUST0632,CUST0632,2026-01-28 08:09:07,Desktop,Paid Search
SES01227,VIS_CUST0608,CUST0608,2026-02-27 15:10:49,Desktop,Paid Search
SES01228,ANON_01228,,2026-03-09 11:14:29,Mobile,Organic Search
SES01229,VIS_CUST0070,CUST0070,2026-03-30 01:14:25,Desktop,Direct
SES01230,VIS_CUST0217,CUST0217,2026-03-28 00:22:21,Mobile,Social
SES01231,VIS_CUST0769,CUST0769,2026-02-02 23:29:13,Desktop,Paid Search
SES01232,VIS_CUST0985,CUST0985,2026-01-31 04:39:47,Desktop,Social
SES01233,ANON_01233,,2026-01-14 03:12:09,Desktop,Organic Search
SES01234,ANON_01234,,2026-03-25 12:32:15,Mobile,Organic Search
SES01235,VIS_CUST0650,CUST0650,2026-01-05 22:09:26,Mobile,Email
SES01236,ANON_01236,,2026-01-13 08:22:44,Desktop,Organic Search
SES01237,ANON_01237,,2026-02-09 12:44:48,Mobile,Organic Search
SES01238,VIS_CUST0787,CUST0787,2026-03-10 09:20:21,Mobile,Organic Search
SES01239,VIS_CUST0768,CUST0768,2026-01-22 04:22:20,Mobile,Direct
SES01240,VIS_CUST0122,CUST0122,2026-02-25 06:26:16,Mobile,Organic Search
SES01241,ANON_01241,,2026-01-09 03:59:48,Mobile,Direct
SES01242,VIS_CUST0194,CUST0194,2026-01-22 19:38:05,Mobile,Paid Search
SES01243,VIS_CUST0303,CUST0303,2026-01-25 19:53:08,Mobile,Paid Search
SES01244,VIS_CUST0155,CUST0155,2026-03-07 22:35:56,Mobile,Social
SES01245,VIS_CUST0704,CUST0704,2026-01-10 12:33:25,Desktop,Direct
SES01246,VIS_CUST0390,CUST0390,2026-01-22 10:02:33,Mobile,Paid Search
SES01247,VIS_CUST0375,CUST0375,2026-01-06 14:13:30,Mobile,Organic Search
SES01248,VIS_CUST0746,CUST0746,2026-03-30 22:45:19,Desktop,Social
SES01249,ANON_01249,,2026-02-11 20:05:18,Mobile,Organic Search
SES01250,ANON_01250,,2026-01-18 23:55:52,Desktop,Social
SES01251,VIS_CUST0377,CUST0377,2026-03-16 15:40:24,Mobile,Organic Search
SES01252,ANON_01252,,2026-03-05 04:09:34,Mobile,Organic Search
SES01253,VIS_CUST0830,CUST0830,2026-02-13 23:06:45,Mobile,Organic Search
SES01254,VIS_CUST0365,CUST0365,2026-01-17 05:09:59,Mobile,Organic Search
SES01255,VIS_CUST0912,CUST0912,2026-03-01 08:33:10,Mobile,Paid Search
SES01256,VIS_CUST0760,CUST0760,2026-01-15 07:54:17,Mobile,Paid Search
SES01257,VIS_CUST0933,CUST0933,2026-03-23 16:09:02,Desktop,Direct
SES01258,VIS_CUST0679,CUST0679,2026-02-06 22:04:27,Mobile,Organic Search
SES01259,VIS_CUST0089,CUST0089,2026-03-29 11:58:37,Desktop,Organic Search
SES01260,VIS_CUST0401,CUST0401,2026-03-30 00:15:40,Desktop,Social
SES01261,VIS_CUST0737,CUST0737,2026-03-01 17:54:59,Mobile,Direct
SES01262,VIS_CUST0454,CUST0454,2026-03-09 21:30:41,Mobile,Direct
SES01263,VIS_CUST0094,CUST0094,2026-01-05 18:04:23,Mobile,Paid Search
SES01264,VIS_CUST0574,CUST0574,2026-01-18 18:09:10,Desktop,Referral
SES01265,VIS_CUST0772,CUST0772,2026-01-13 17:18:30,Mobile,Referral
SES01266,VIS_CUST0650,CUST0650,2026-03-15 05:50:09,Mobile,Organic Search
SES01267,VIS_CUST0702,CUST0702,2026-03-10 22:31:47,Mobile,Referral
SES01268,VIS_CUST0818,CUST0818,2026-01-07 11:21:00,Desktop,Organic Search
SES01269,VIS_CUST0108,CUST0108,2026-01-23 22:39:11,Mobile,Social
SES01270,VIS_CUST0910,CUST0910,2026-01-07 23:09:34,Mobile,Paid Search
SES01271,VIS_CUST0375,CUST0375,2026-01-07 03:24:02,Mobile,Organic Search
SES01272,VIS_CUST0439,CUST0439,2026-02-25 23:42:43,Mobile,Social
SES01273,VIS_CUST0217,CUST0217,2026-03-26 19:01:10,Mobile,Paid Search
SES01274,VIS_CUST0888,CUST0888,2026-02-18 04:04:03,Mobile,Email
SES01275,ANON_01275,,2026-03-02 05:24:48,Mobile,Social
SES01276,ANON_01276,,2026-01-23 11:01:28,Mobile,Social
SES01277,VIS_CUST0983,CUST0983,2026-03-31 11:57:47,Mobile,Paid Search
SES01278,VIS_CUST0392,CUST0392,2026-01-30 23:28:42,Mobile,Referral
SES01279,VIS_CUST0290,CUST0290,2026-03-26 12:52:33,Mobile,Direct
SES01280,ANON_01280,,2026-01-09 15:26:51,Mobile,Organic Search
SES01281,VIS_CUST0999,CUST0999,2026-03-27 10:19:35,Mobile,Organic Search
SES01282,VIS_CUST0329,CUST0329,2026-01-27 19:26:56,Desktop,Social
SES01283,ANON_01283,,2026-03-23 14:29:51,Mobile,Paid Search
SES01284,ANON_01284,,2026-03-31 15:33:05,Mobile,Organic Search
SES01285,VIS_CUST0772,CUST0772,2026-01-24 12:58:05,Desktop,Direct
SES01286,ANON_01286,,2026-01-26 14:41:07,Mobile,Email
SES01287,VIS_CUST0224,CUST0224,2026-03-06 22:54:04,Desktop,Social
SES01288,VIS_CUST0309,CUST0309,2026-03-24 16:25:53,Mobile,Organic Search
SES01289,VIS_CUST0066,CUST0066,2026-03-12 05:57:27,Mobile,Social
SES01290,VIS_CUST0610,CUST0610,2026-01-19 11:27:54,Mobile,Paid Search
SES01291,VIS_CUST0556,CUST0556,2026-03-27 12:03:27,Mobile,Organic Search
SES01292,VIS_CUST0462,CUST0462,2026-02-26 06:12:21,Mobile,Email
SES01293,VIS_CUST0597,CUST0597,2026-01-15 20:29:38,Desktop,Social
SES01294,VIS_CUST0835,CUST0835,2026-03-18 04:14:32,Desktop,Paid Search
SES01295,VIS_CUST0017,CUST0017,2026-02-02 01:23:46,Mobile,Referral
SES01296,VIS_CUST0468,CUST0468,2026-03-31 04:55:01,Mobile,Direct
SES01297,ANON_01297,,2026-01-17 19:12:57,Desktop,Email
SES01298,VIS_CUST0981,CUST0981,2026-03-06 06:22:45,Desktop,Organic Search
SES01299,VIS_CUST0795,CUST0795,2026-03-22 17:59:40,Desktop,Social
SES01300,VIS_CUST0894,CUST0894,2026-01-31 11:08:52,Mobile,Social
SES01301,VIS_CUST0643,CUST0643,2026-03-21 19:46:01,Mobile,Direct
SES01302,VIS_CUST0469,CUST0469,2026-01-05 01:46:56,Mobile,Paid Search
SES01303,VIS_CUST0955,CUST0955,2026-02-28 02:03:24,Mobile,Organic Search
SES01304,VIS_CUST0571,CUST0571,2026-01-18 15:35:47,Mobile,Paid Search
SES01305,VIS_CUST0267,CUST0267,2026-03-27 08:22:54,Mobile,Direct
SES01306,VIS_CUST0297,CUST0297,2026-01-30 07:48:31,Mobile,Direct
SES01307,VIS_CUST0614,CUST0614,2026-03-25 00:35:05,Mobile,Paid Search
SES01308,VIS_CUST0074,CUST0074,2026-03-16 09:06:57,Desktop,Organic Search
SES01309,VIS_CUST0899,CUST0899,2026-03-23 22:50:37,Mobile,Organic Search
SES01310,VIS_CUST0368,CUST0368,2026-02-11 21:56:22,Mobile,Organic Search
SES01311,ANON_01311,,2026-03-16 14:58:45,Mobile,Organic Search
SES01312,ANON_01312,,2026-03-04 16:42:45,Mobile,Direct
SES01313,VIS_CUST0110,CUST0110,2026-03-05 13:33:52,Mobile,Direct
SES01314,ANON_01314,,2026-03-10 09:18:24,Desktop,Organic Search
SES01315,VIS_CUST0934,CUST0934,2026-01-11 22:29:59,Desktop,Social
SES01316,VIS_CUST0335,CUST0335,2026-02-24 00:12:27,Mobile,Paid Search
SES01317,VIS_CUST0983,CUST0983,2026-03-19 00:05:27,Mobile,Direct
SES01318,VIS_CUST0198,CUST0198,2026-01-02 15:51:50,Mobile,Organic Search
SES01319,VIS_CUST0603,CUST0603,2026-02-27 16:15:48,Tablet,Organic Search
SES01320,VIS_CUST0724,CUST0724,2026-03-08 00:41:14,Mobile,Direct
SES01321,VIS_CUST0364,CUST0364,2026-03-31 21:44:54,Mobile,Paid Search
SES01322,VIS_CUST0843,CUST0843,2026-03-15 10:16:31,Mobile,Organic Search
SES01323,VIS_CUST0809,CUST0809,2026-01-20 18:59:49,Mobile,Paid Search
SES01324,ANON_01324,,2026-02-22 15:43:22,Desktop,Email
SES01325,VIS_CUST0997,CUST0997,2026-03-06 05:13:00,Mobile,Social
SES01326,VIS_CUST0416,CUST0416,2026-02-16 19:47:25,Mobile,Organic Search
SES01327,ANON_01327,,2026-01-17 05:15:01,Mobile,Direct
SES01328,VIS_CUST0472,CUST0472,2026-02-18 20:27:58,Desktop,Paid Search
SES01329,VIS_CUST0386,CUST0386,2026-03-31 13:38:13,Tablet,Paid Search
SES01330,VIS_CUST0520,CUST0520,2026-02-24 21:43:14,Desktop,Organic Search
SES01331,VIS_CUST0434,CUST0434,2026-03-04 13:33:58,Mobile,Paid Search
SES01332,VIS_CUST0517,CUST0517,2026-03-28 16:02:31,Mobile,Paid Search
SES01333,VIS_CUST0547,CUST0547,2026-02-06 23:22:35,Mobile,Social
SES01334,ANON_01334,,2026-02-01 17:11:21,Tablet,Organic Search
SES01335,VIS_CUST0278,CUST0278,2026-03-22 22:20:40,Mobile,Social
SES01336,ANON_01336,,2026-03-20 02:36:57,Mobile,Paid Search
SES01337,ANON_01337,,2026-01-02 09:56:52,Mobile,Referral
SES01338,VIS_CUST0413,CUST0413,2026-03-13 11:51:54,Desktop,Email
SES01339,ANON_01339,,2026-03-06 13:29:02,Desktop,Referral
SES01340,VIS_CUST0900,CUST0900,2026-03-20 00:37:50,Mobile,Organic Search
SES01341,ANON_01341,,2026-03-21 11:14:37,Desktop,Organic Search
SES01342,VIS_CUST0332,CUST0332,2026-02-03 10:01:40,Mobile,Paid Search
SES01343,VIS_CUST0221,CUST0221,2026-03-27 20:36:10,Desktop,Paid Search
SES01344,VIS_CUST0612,CUST0612,2026-02-28 07:55:26,Mobile,Organic Search
SES01345,VIS_CUST0141,CUST0141,2026-02-02 07:59:08,Desktop,Organic Search
SES01346,VIS_CUST0675,CUST0675,2026-01-09 20:59:17,Desktop,Organic Search
SES01347,VIS_CUST0658,CUST0658,2026-03-28 18:08:00,Mobile,Paid Search
SES01348,VIS_CUST0880,CUST0880,2026-01-10 20:17:11,Mobile,Referral
SES01349,VIS_CUST0483,CUST0483,2026-03-16 05:50:49,Mobile,Organic Search
SES01350,VIS_CUST0501,CUST0501,2026-02-21 21:02:44,Mobile,Organic Search
SES01351,VIS_CUST0039,CUST0039,2026-03-21 12:22:40,Mobile,Direct
SES01352,VIS_CUST0065,CUST0065,2026-03-14 09:45:15,Mobile,Email
SES01353,VIS_CUST0454,CUST0454,2026-02-06 18:54:02,Desktop,Social
SES01354,VIS_CUST0386,CUST0386,2026-03-05 17:59:58,Mobile,Direct
SES01355,VIS_CUST0707,CUST0707,2026-01-11 21:21:52,Mobile,Social
SES01356,VIS_CUST0349,CUST0349,2026-03-14 07:27:28,Desktop,Social
SES01357,VIS_CUST0597,CUST0597,2026-02-12 12:42:29,Mobile,Direct
SES01358,VIS_CUST0531,CUST0531,2026-01-11 19:01:33,Desktop,Organic Search
SES01359,VIS_CUST0919,CUST0919,2026-03-24 02:41:23,Mobile,Organic Search
SES01360,ANON_01360,,2026-02-13 20:53:39,Desktop,Paid Search
SES01361,VIS_CUST0814,CUST0814,2026-01-21 00:16:21,Mobile,Email
SES01362,ANON_01362,,2026-01-12 01:49:06,Desktop,Social
SES01363,ANON_01363,,2026-03-11 22:02:13,Mobile,Direct
SES01364,VIS_CUST0152,CUST0152,2026-03-25 15:18:28,Mobile,Paid Search
SES01365,VIS_CUST0517,CUST0517,2026-03-25 06:01:11,Desktop,Paid Search
SES01366,VIS_CUST0255,CUST0255,2026-02-21 17:08:13,Mobile,Social
SES01367,VIS_CUST0877,CUST0877,2026-03-26 09:47:13,Mobile,Organic Search
SES01368,ANON_01368,,2026-03-19 04:39:30,Desktop,Paid Search
SES01369,VIS_CUST0252,CUST0252,2026-02-04 07:05:06,Mobile,Social
SES01370,ANON_01370,,2026-03-14 22:35:57,Desktop,Paid Search
SES01371,ANON_01371,,2026-03-21 15:41:49,Mobile,Social
SES01372,ANON_01372,,2026-02-22 21:14:53,Mobile,Referral
SES01373,VIS_CUST0036,CUST0036,2026-02-07 04:18:07,Mobile,Email
SES01374,VIS_CUST0999,CUST0999,2026-03-06 00:58:58,Mobile,Social
SES01375,ANON_01375,,2026-02-19 10:18:45,Desktop,Organic Search
SES01376,VIS_CUST0712,CUST0712,2026-03-24 00:13:24,Desktop,Social
SES01377,VIS_CUST0360,CUST0360,2026-02-21 00:33:06,Desktop,Email
SES01378,ANON_01378,,2026-02-24 08:46:46,Tablet,Direct
SES01379,VIS_CUST0923,CUST0923,2026-03-11 05:59:41,Mobile,Social
SES01380,VIS_CUST0638,CUST0638,2026-03-28 16:24:56,Desktop,Paid Search
SES01381,ANON_01381,,2026-03-31 16:40:45,Mobile,Social
SES01382,VIS_CUST0473,CUST0473,2026-01-01 17:03:48,Mobile,Organic Search
SES01383,ANON_01383,,2026-01-27 10:03:55,Mobile,Organic Search
SES01384,VIS_CUST0975,CUST0975,2026-01-03 17:37:13,Mobile,Email
SES01385,ANON_01385,,2026-03-04 16:33:28,Desktop,Organic Search
SES01386,VIS_CUST0198,CUST0198,2026-02-07 03:27:25,Mobile,Organic Search
SES01387,VIS_CUST0957,CUST0957,2026-03-17 15:17:07,Mobile,Social
SES01388,VIS_CUST0982,CUST0982,2026-02-26 15:24:10,Mobile,Paid Search
SES01389,VIS_CUST0554,CUST0554,2026-02-06 23:02:11,Mobile,Email
SES01390,VIS_CUST0892,CUST0892,2026-03-10 22:17:32,Desktop,Email
SES01391,VIS_CUST0988,CUST0988,2026-02-16 00:24:32,Desktop,Paid Search
SES01392,ANON_01392,,2026-01-27 04:51:41,Desktop,Organic Search
SES01393,VIS_CUST0024,CUST0024,2026-03-10 20:46:52,Mobile,Social
SES01394,VIS_CUST0308,CUST0308,2026-02-24 02:20:59,Mobile,Referral
SES01395,VIS_CUST0038,CUST0038,2026-01-11 06:27:32,Mobile,Social
SES01396,ANON_01396,,2026-03-10 06:23:07,Mobile,Social
SES01397,VIS_CUST0768,CUST0768,2026-02-12 13:21:51,Desktop,Social
SES01398,VIS_CUST0635,CUST0635,2026-02-25 01:47:49,Mobile,Paid Search
SES01399,VIS_CUST0542,CUST0542,2026-03-16 14:48:58,Desktop,Referral
SES01400,VIS_CUST0277,CUST0277,2026-01-04 19:02:45,Mobile,Organic Search
SES01401,VIS_CUST0745,CUST0745,2026-03-08 15:14:22,Desktop,Organic Search
SES01402,VIS_CUST0732,CUST0732,2026-02-14 00:35:05,Mobile,Organic Search
SES01403,VIS_CUST0582,CUST0582,2026-01-12 18:41:29,Mobile,Paid Search
SES01404,ANON_01404,,2026-02-07 07:54:37,Mobile,Email
SES01405,VIS_CUST0596,CUST0596,2026-02-21 15:29:33,Desktop,Social
SES01406,VIS_CUST0265,CUST0265,2026-01-24 18:45:37,Mobile,Organic Search
SES01407,VIS_CUST0099,CUST0099,2026-03-27 16:05:43,Mobile,Organic Search
SES01408,VIS_CUST0071,CUST0071,2026-01-20 18:04:49,Mobile,Organic Search
SES01409,VIS_CUST0017,CUST0017,2026-01-14 12:32:38,Desktop,Social
SES01410,VIS_CUST0913,CUST0913,2026-02-18 15:56:39,Mobile,Paid Search
SES01411,ANON_01411,,2026-02-15 09:30:52,Mobile,Direct
SES01412,VIS_CUST0143,CUST0143,2026-03-10 01:57:35,Mobile,Social
SES01413,ANON_01413,,2026-01-12 02:37:23,Desktop,Organic Search
SES01414,VIS_CUST0470,CUST0470,2026-01-03 21:01:50,Mobile,Direct
SES01415,VIS_CUST0129,CUST0129,2026-03-05 13:56:37,Desktop,Direct
SES01416,ANON_01416,,2026-01-30 15:46:36,Desktop,Direct
SES01417,VIS_CUST0210,CUST0210,2026-02-18 00:19:10,Mobile,Organic Search
SES01418,VIS_CUST0174,CUST0174,2026-01-31 20:38:41,Desktop,Email
SES01419,VIS_CUST0402,CUST0402,2026-03-24 07:21:40,Desktop,Paid Search
SES01420,VIS_CUST0453,CUST0453,2026-02-09 16:30:09,Desktop,Paid Search
SES01421,VIS_CUST0523,CUST0523,2026-02-18 14:28:44,Mobile,Referral
SES01422,VIS_CUST0315,CUST0315,2026-02-10 16:59:03,Desktop,Email
SES01423,VIS_CUST0284,CUST0284,2026-03-24 10:26:44,Mobile,Organic Search
SES01424,VIS_CUST0564,CUST0564,2026-02-21 13:46:38,Mobile,Organic Search
SES01425,VIS_CUST0541,CUST0541,2026-01-27 21:59:12,Mobile,Paid Search
SES01426,ANON_01426,,2026-01-18 15:29:46,Mobile,Direct
SES01427,ANON_01427,,2026-01-24 06:34:55,Mobile,Organic Search
SES01428,VIS_CUST0619,CUST0619,2026-01-15 19:20:24,Mobile,Direct
SES01429,VIS_CUST0478,CUST0478,2026-03-29 01:43:14,Mobile,Email
SES01430,VIS_CUST0449,CUST0449,2026-01-22 16:41:32,Mobile,Organic Search
SES01431,VIS_CUST0693,CUST0693,2026-03-31 03:49:44,Mobile,Email
SES01432,VIS_CUST0029,CUST0029,2026-03-09 00:25:15,Mobile,Email
SES01433,VIS_CUST0900,CUST0900,2026-02-24 08:05:53,Desktop,Direct
SES01434,VIS_CUST0734,CUST0734,2026-03-04 18:48:46,Desktop,Paid Search
SES01435,VIS_CUST0845,CUST0845,2026-03-20 11:36:03,Mobile,Direct
SES01436,ANON_01436,,2026-03-30 18:41:04,Desktop,Email
SES01437,ANON_01437,,2026-03-21 22:46:51,Mobile,Organic Search
SES01438,VIS_CUST0869,CUST0869,2026-03-10 05:40:50,Desktop,Organic Search
SES01439,VIS_CUST0016,CUST0016,2026-03-25 07:38:17,Mobile,Organic Search
SES01440,VIS_CUST0814,CUST0814,2026-01-23 10:28:29,Desktop,Direct
SES01441,VIS_CUST0788,CUST0788,2026-02-17 15:08:36,Mobile,Direct
SES01442,VIS_CUST0266,CUST0266,2026-02-06 13:01:48,Desktop,Social
SES01443,ANON_01443,,2026-02-05 21:43:25,Desktop,Paid Search
SES01444,VIS_CUST0513,CUST0513,2026-01-12 21:27:10,Mobile,Direct
SES01445,VIS_CUST0075,CUST0075,2026-02-24 07:02:41,Mobile,Paid Search
SES01446,ANON_01446,,2026-01-19 01:15:48,Mobile,Direct
SES01447,VIS_CUST0457,CUST0457,2026-02-13 15:02:56,Desktop,Organic Search
SES01448,VIS_CUST0562,CUST0562,2026-02-08 22:08:01,Mobile,Email
SES01449,VIS_CUST0417,CUST0417,2026-03-07 05:27:30,Desktop,Direct
SES01450,VIS_CUST0975,CUST0975,2026-03-17 09:24:11,Mobile,Organic Search
SES01451,VIS_CUST0348,CUST0348,2026-01-25 17:28:23,Mobile,Direct
SES01452,VIS_CUST0747,CUST0747,2026-01-18 12:02:30,Mobile,Organic Search
SES01453,ANON_01453,,2026-03-05 05:31:11,Desktop,Paid Search
SES01454,VIS_CUST0302,CUST0302,2026-03-01 21:13:13,Desktop,Paid Search
SES01455,ANON_01455,,2026-03-14 12:21:01,Mobile,Referral
SES01456,VIS_CUST0074,CUST0074,2026-02-15 02:29:13,Desktop,Email
SES01457,VIS_CUST0351,CUST0351,2026-01-02 01:07:11,Desktop,Organic Search
SES01458,ANON_01458,,2026-02-12 18:36:05,Mobile,Organic Search
SES01459,VIS_CUST0333,CUST0333,2026-02-22 22:54:48,Mobile,Paid Search
SES01460,ANON_01460,,2026-02-17 21:22:13,Mobile,Direct
SES01461,ANON_01461,,2026-03-11 18:17:15,Mobile,Paid Search
SES01462,VIS_CUST0272,CUST0272,2026-03-14 17:06:24,Mobile,Paid Search
SES01463,ANON_01463,,2026-03-15 03:52:09,Mobile,Direct
SES01464,VIS_CUST0983,CUST0983,2026-02-24 16:13:25,Mobile,Organic Search
SES01465,VIS_CUST0034,CUST0034,2026-03-28 13:43:35,Mobile,Direct
SES01466,ANON_01466,,2026-01-22 23:10:56,Tablet,Organic Search
SES01467,ANON_01467,,2026-03-20 12:01:32,Mobile,Email
SES01468,VIS_CUST0253,CUST0253,2026-03-31 05:44:35,Mobile,Paid Search
SES01469,VIS_CUST0277,CUST0277,2026-01-16 16:46:13,Desktop,Organic Search
SES01470,ANON_01470,,2026-01-12 10:44:13,Mobile,Referral
SES01471,VIS_CUST0096,CUST0096,2026-01-20 17:22:21,Desktop,Paid Search
SES01472,VIS_CUST0974,CUST0974,2026-02-15 23:13:27,Mobile,Social
SES01473,VIS_CUST0028,CUST0028,2026-02-25 10:43:02,Mobile,Social
SES01474,VIS_CUST0326,CUST0326,2026-01-27 07:15:22,Mobile,Email
SES01475,VIS_CUST0620,CUST0620,2026-02-06 08:19:33,Desktop,Organic Search
SES01476,VIS_CUST0505,CUST0505,2026-02-11 21:17:10,Mobile,Paid Search
SES01477,VIS_CUST0905,CUST0905,2026-02-02 09:12:45,Mobile,Direct
SES01478,VIS_CUST0490,CUST0490,2026-03-31 14:43:42,Desktop,Organic Search
SES01479,VIS_CUST0327,CUST0327,2026-02-06 05:41:38,Mobile,Social
SES01480,VIS_CUST0109,CUST0109,2026-01-19 19:14:19,Mobile,Direct
SES01481,VIS_CUST0185,CUST0185,2026-02-08 05:37:19,Mobile,Direct
SES01482,VIS_CUST0012,CUST0012,2026-02-18 15:39:51,Mobile,Social
SES01483,VIS_CUST0199,CUST0199,2026-03-19 14:53:11,Mobile,Organic Search
SES01484,VIS_CUST0779,CUST0779,2026-02-25 19:39:45,Mobile,Paid Search
SES01485,VIS_CUST0022,CUST0022,2026-01-14 22:32:00,Mobile,Social
SES01486,ANON_01486,,2026-02-07 22:54:54,Mobile,Email
SES01487,VIS_CUST0211,CUST0211,2026-03-28 00:20:01,Mobile,Paid Search
SES01488,VIS_CUST0283,CUST0283,2026-03-21 08:02:41,Mobile,Direct
SES01489,VIS_CUST0371,CUST0371,2026-02-10 19:11:28,Desktop,Email
SES01490,ANON_01490,,2026-03-20 12:45:42,Mobile,Paid Search
SES01491,VIS_CUST0631,CUST0631,2026-02-22 07:54:08,Mobile,Email
SES01492,VIS_CUST0274,CUST0274,2026-02-28 23:26:57,Mobile,Paid Search
SES01493,VIS_CUST0399,CUST0399,2026-01-25 19:25:27,Mobile,Email
SES01494,VIS_CUST0379,CUST0379,2026-01-22 21:12:26,Mobile,Email
SES01495,VIS_CUST0065,CUST0065,2026-03-10 07:02:30,Tablet,Organic Search
SES01496,VIS_CUST0094,CUST0094,2026-03-12 11:57:57,Mobile,Paid Search
SES01497,VIS_CUST0501,CUST0501,2026-03-04 20:53:07,Mobile,Email
SES01498,ANON_01498,,2026-02-04 02:49:39,Desktop,Organic Search
SES01499,VIS_CUST0961,CUST0961,2026-01-15 11:33:03,Mobile,Direct
SES01500,VIS_CUST0021,CUST0021,2026-02-20 22:21:27,Mobile,Email
SES01501,VIS_CUST0028,CUST0028,2026-02-16 21:34:51,Mobile,Social
SES01502,ANON_01502,,2026-01-12 16:11:09,Mobile,Organic Search
SES01503,VIS_CUST0630,CUST0630,2026-03-26 10:12:13,Mobile,Social
SES01504,VIS_CUST0425,CUST0425,2026-01-30 13:57:20,Desktop,Organic Search
SES01505,ANON_01505,,2026-03-03 19:51:10,Mobile,Organic Search
SES01506,VIS_CUST0417,CUST0417,2026-01-20 23:51:29,Mobile,Organic Search
SES01507,ANON_01507,,2026-03-29 00:33:42,Desktop,Paid Search
SES01508,VIS_CUST0792,CUST0792,2026-01-23 15:48:56,Mobile,Paid Search
SES01509,VIS_CUST0269,CUST0269,2026-02-09 08:14:34,Mobile,Organic Search
SES01510,VIS_CUST0996,CUST0996,2026-01-30 10:57:11,Desktop,Organic Search
SES01511,ANON_01511,,2026-02-12 15:23:06,Mobile,Paid Search
SES01512,VIS_CUST0711,CUST0711,2026-03-10 15:46:58,Mobile,Social
SES01513,VIS_CUST0352,CUST0352,2026-03-04 15:25:28,Mobile,Direct
SES01514,VIS_CUST0791,CUST0791,2026-03-31 10:06:15,Desktop,Organic Search
SES01515,VIS_CUST0306,CUST0306,2026-02-13 07:52:35,Desktop,Organic Search
SES01516,VIS_CUST0425,CUST0425,2026-01-17 21:06:26,Desktop,Email
SES01517,VIS_CUST0676,CUST0676,2026-03-27 05:24:40,Tablet,Organic Search
SES01518,VIS_CUST0737,CUST0737,2026-03-27 21:10:12,Desktop,Direct
SES01519,VIS_CUST0224,CUST0224,2026-03-19 23:17:07,Mobile,Social
SES01520,ANON_01520,,2026-03-29 09:07:45,Mobile,Organic Search
SES01521,VIS_CUST0229,CUST0229,2026-02-05 08:43:18,Mobile,Organic Search
SES01522,VIS_CUST0716,CUST0716,2026-02-11 06:07:19,Mobile,Email
SES01523,VIS_CUST0896,CUST0896,2026-02-25 08:05:33,Mobile,Paid Search
SES01524,ANON_01524,,2026-02-09 14:07:56,Mobile,Organic Search
SES01525,VIS_CUST0170,CUST0170,2026-02-24 17:27:33,Mobile,Organic Search
SES01526,VIS_CUST0605,CUST0605,2026-03-28 09:07:19,Desktop,Social
SES01527,VIS_CUST0800,CUST0800,2026-01-02 04:47:40,Mobile,Organic Search
SES01528,VIS_CUST0783,CUST0783,2026-03-25 00:39:09,Mobile,Organic Search
SES01529,VIS_CUST0051,CUST0051,2026-03-20 22:53:13,Desktop,Direct
SES01530,VIS_CUST0874,CUST0874,2026-03-26 12:54:48,Mobile,Direct
SES01531,ANON_01531,,2026-02-15 15:21:34,Mobile,Social
SES01532,VIS_CUST0993,CUST0993,2026-03-05 00:11:48,Mobile,Social
SES01533,ANON_01533,,2026-02-11 13:33:43,Mobile,Direct
SES01534,VIS_CUST0005,CUST0005,2026-03-19 00:10:09,Desktop,Organic Search
SES01535,VIS_CUST0539,CUST0539,2026-02-25 12:33:21,Mobile,Paid Search
SES01536,VIS_CUST0634,CUST0634,2026-03-24 13:37:21,Mobile,Organic Search
SES01537,VIS_CUST0047,CUST0047,2026-03-22 11:29:24,Mobile,Social
SES01538,VIS_CUST0799,CUST0799,2026-02-17 21:39:50,Mobile,Paid Search
SES01539,ANON_01539,,2026-03-08 19:17:55,Mobile,Direct
SES01540,VIS_CUST0081,CUST0081,2026-02-04 03:27:45,Mobile,Referral
SES01541,VIS_CUST0002,CUST0002,2026-02-03 14:58:35,Mobile,Organic Search
SES01542,VIS_CUST0408,CUST0408,2026-03-24 09:21:29,Mobile,Paid Search
SES01543,ANON_01543,,2026-03-19 18:50:12,Mobile,Paid Search
SES01544,VIS_CUST0154,CUST0154,2026-01-08 21:45:25,Desktop,Organic Search
SES01545,VIS_CUST0041,CUST0041,2026-02-19 21:06:16,Mobile,Direct
SES01546,VIS_CUST0923,CUST0923,2026-02-17 10:14:12,Desktop,Email
SES01547,VIS_CUST0057,CUST0057,2026-02-28 17:31:20,Tablet,Organic Search
SES01548,VIS_CUST0861,CUST0861,2026-02-17 07:40:56,Mobile,Email
SES01549,VIS_CUST0710,CUST0710,2026-03-27 23:53:27,Tablet,Direct
SES01550,ANON_01550,,2026-03-20 17:12:01,Mobile,Organic Search
SES01551,ANON_01551,,2026-03-19 13:09:12,Desktop,Referral
SES01552,VIS_CUST0488,CUST0488,2026-01-27 11:17:23,Mobile,Organic Search
SES01553,VIS_CUST0400,CUST0400,2026-01-08 03:06:04,Desktop,Social
SES01554,ANON_01554,,2026-01-13 20:12:45,Desktop,Organic Search
SES01555,VIS_CUST0833,CUST0833,2026-03-30 01:57:59,Mobile,Organic Search
SES01556,ANON_01556,,2026-01-09 12:25:32,Mobile,Paid Search
SES01557,VIS_CUST0222,CUST0222,2026-01-05 06:03:55,Mobile,Referral
SES01558,VIS_CUST0139,CUST0139,2026-03-08 11:11:07,Mobile,Email
SES01559,ANON_01559,,2026-02-08 02:24:44,Mobile,Social
SES01560,ANON_01560,,2026-02-27 08:02:53,Tablet,Organic Search
SES01561,VIS_CUST0562,CUST0562,2026-02-07 19:06:38,Mobile,Paid Search
SES01562,VIS_CUST0172,CUST0172,2026-03-19 02:37:28,Desktop,Organic Search
SES01563,VIS_CUST0831,CUST0831,2026-03-23 14:10:20,Mobile,Social
SES01564,VIS_CUST0073,CUST0073,2026-01-20 07:48:53,Desktop,Organic Search
SES01565,ANON_01565,,2026-01-31 16:24:40,Mobile,Paid Search
SES01566,VIS_CUST0375,CUST0375,2026-01-10 10:11:54,Desktop,Paid Search
SES01567,ANON_01567,,2026-03-03 20:50:30,Mobile,Paid Search
SES01568,VIS_CUST0507,CUST0507,2026-03-25 15:53:30,Mobile,Referral
SES01569,ANON_01569,,2026-01-09 14:41:27,Mobile,Organic Search
SES01570,VIS_CUST0618,CUST0618,2026-02-11 23:46:00,Mobile,Organic Search
SES01571,VIS_CUST0836,CUST0836,2026-03-20 01:12:34,Desktop,Paid Search
SES01572,VIS_CUST0706,CUST0706,2026-02-21 04:01:54,Mobile,Organic Search
SES01573,VIS_CUST0911,CUST0911,2026-01-01 21:11:15,Desktop,Paid Search
SES01574,VIS_CUST0207,CUST0207,2026-01-22 11:17:13,Mobile,Organic Search
SES01575,VIS_CUST0132,CUST0132,2026-02-13 15:10:43,Mobile,Organic Search
SES01576,VIS_CUST0408,CUST0408,2026-03-07 12:03:16,Desktop,Organic Search
SES01577,VIS_CUST0295,CUST0295,2026-03-12 16:11:26,Desktop,Social
SES01578,ANON_01578,,2026-02-15 22:44:08,Desktop,Paid Search
SES01579,VIS_CUST0041,CUST0041,2026-03-10 14:28:13,Mobile,Direct
SES01580,VIS_CUST0610,CUST0610,2026-03-04 16:33:50,Mobile,Organic Search
SES01581,ANON_01581,,2026-03-10 17:55:00,Mobile,Referral
SES01582,VIS_CUST0036,CUST0036,2026-03-29 05:13:09,Desktop,Direct
SES01583,VIS_CUST0147,CUST0147,2026-03-22 02:53:18,Desktop,Paid Search
SES01584,ANON_01584,,2026-02-01 23:53:37,Mobile,Social
SES01585,VIS_CUST0716,CUST0716,2026-03-27 00:28:36,Mobile,Direct
SES01586,VIS_CUST0066,CUST0066,2026-02-19 20:17:22,Desktop,Social
SES01587,VIS_CUST0338,CUST0338,2026-03-27 15:13:29,Tablet,Organic Search
SES01588,VIS_CUST0479,CUST0479,2026-03-28 22:56:06,Mobile,Referral
SES01589,VIS_CUST0581,CUST0581,2026-03-19 08:37:53,Mobile,Direct
SES01590,VIS_CUST0461,CUST0461,2026-02-19 04:23:15,Mobile,Organic Search
SES01591,VIS_CUST0829,CUST0829,2026-03-20 11:36:26,Mobile,Organic Search
SES01592,VIS_CUST0333,CUST0333,2026-02-27 11:18:49,Mobile,Organic Search
SES01593,VIS_CUST0148,CUST0148,2026-03-24 08:03:11,Desktop,Organic Search
SES01594,VIS_CUST0982,CUST0982,2026-02-09 15:11:47,Mobile,Direct
SES01595,VIS_CUST0754,CUST0754,2026-03-06 20:12:30,Mobile,Social
SES01596,VIS_CUST0068,CUST0068,2026-02-28 23:20:57,Mobile,Paid Search
SES01597,VIS_CUST0522,CUST0522,2026-02-25 15:16:21,Mobile,Social
SES01598,VIS_CUST0562,CUST0562,2026-01-14 15:03:09,Desktop,Paid Search
SES01599,ANON_01599,,2026-02-15 12:01:09,Mobile,Paid Search
SES01600,VIS_CUST0471,CUST0471,2026-02-28 17:44:08,Mobile,Paid Search
SES01601,VIS_CUST0406,CUST0406,2026-02-19 22:24:45,Desktop,Organic Search
SES01602,VIS_CUST0431,CUST0431,2026-02-16 15:47:56,Mobile,Social
SES01603,VIS_CUST0187,CUST0187,2026-02-27 07:37:40,Mobile,Referral
SES01604,VIS_CUST0915,CUST0915,2026-02-12 18:28:46,Mobile,Social
SES01605,VIS_CUST0472,CUST0472,2026-01-15 00:30:13,Mobile,Paid Search
SES01606,VIS_CUST0037,CUST0037,2026-03-20 21:22:55,Desktop,Referral
SES01607,VIS_CUST0721,CUST0721,2026-01-07 20:30:46,Mobile,Paid Search
SES01608,ANON_01608,,2026-03-14 17:10:22,Mobile,Social
SES01609,VIS_CUST0523,CUST0523,2026-03-15 23:50:05,Desktop,Paid Search
SES01610,VIS_CUST0155,CUST0155,2026-02-27 15:22:10,Mobile,Organic Search
SES01611,VIS_CUST0342,CUST0342,2026-01-09 13:33:27,Mobile,Direct
SES01612,VIS_CUST0660,CUST0660,2026-03-31 23:52:19,Desktop,Organic Search
SES01613,VIS_CUST0779,CUST0779,2026-02-27 20:45:31,Mobile,Organic Search
SES01614,VIS_CUST0466,CUST0466,2026-01-05 11:42:02,Mobile,Paid Search
SES01615,VIS_CUST0363,CUST0363,2026-02-13 07:28:03,Mobile,Paid Search
SES01616,VIS_CUST0331,CUST0331,2026-03-04 00:52:18,Mobile,Email
SES01617,VIS_CUST0281,CUST0281,2026-03-21 19:47:25,Mobile,Organic Search
SES01618,VIS_CUST0157,CUST0157,2026-03-04 22:21:39,Desktop,Direct
SES01619,VIS_CUST0449,CUST0449,2026-03-26 17:33:54,Mobile,Paid Search
SES01620,VIS_CUST0797,CUST0797,2026-01-26 22:10:38,Mobile,Social
SES01621,VIS_CUST0877,CUST0877,2026-03-16 05:41:33,Desktop,Organic Search
SES01622,VIS_CUST0968,CUST0968,2026-02-05 12:57:42,Mobile,Direct
SES01623,VIS_CUST0039,CUST0039,2026-03-23 17:05:54,Desktop,Paid Search
SES01624,VIS_CUST0564,CUST0564,2026-03-02 20:37:01,Desktop,Social
SES01625,ANON_01625,,2026-02-17 06:55:23,Mobile,Direct
SES01626,VIS_CUST0579,CUST0579,2026-03-17 17:49:46,Mobile,Direct
SES01627,VIS_CUST0396,CUST0396,2026-03-28 08:21:25,Mobile,Social
SES01628,VIS_CUST0248,CUST0248,2026-03-16 19:44:45,Desktop,Direct
SES01629,VIS_CUST0572,CUST0572,2026-01-19 07:29:15,Mobile,Paid Search
SES01630,VIS_CUST0976,CUST0976,2026-01-01 03:29:06,Mobile,Paid Search
SES01631,ANON_01631,,2026-02-23 18:16:36,Mobile,Paid Search
SES01632,VIS_CUST0651,CUST0651,2026-01-27 19:18:31,Desktop,Organic Search
SES01633,VIS_CUST0770,CUST0770,2026-02-14 20:33:19,Mobile,Social
SES01634,VIS_CUST0902,CUST0902,2026-03-20 19:50:50,Mobile,Social
SES01635,VIS_CUST0278,CUST0278,2026-01-29 00:21:59,Desktop,Organic Search
SES01636,VIS_CUST0240,CUST0240,2026-01-25 12:48:45,Desktop,Organic Search
SES01637,VIS_CUST0066,CUST0066,2026-03-26 22:32:41,Desktop,Organic Search
SES01638,VIS_CUST0989,CUST0989,2026-01-09 07:52:05,Mobile,Social
SES01639,VIS_CUST0107,CUST0107,2026-01-02 10:26:41,Mobile,Social
SES01640,ANON_01640,,2026-03-12 01:11:03,Mobile,Direct
SES01641,VIS_CUST0200,CUST0200,2026-01-18 23:07:35,Tablet,Paid Search
SES01642,VIS_CUST0419,CUST0419,2026-02-14 18:43:17,Mobile,Organic Search
SES01643,VIS_CUST0915,CUST0915,2026-02-23 23:33:51,Desktop,Social
SES01644,VIS_CUST0602,CUST0602,2026-01-18 21:11:31,Desktop,Organic Search
SES01645,VIS_CUST0979,CUST0979,2026-03-19 08:13:44,Mobile,Organic Search
SES01646,VIS_CUST0824,CUST0824,2026-03-01 04:01:57,Mobile,Direct
SES01647,VIS_CUST0764,CUST0764,2026-03-31 12:57:19,Tablet,Organic Search
SES01648,VIS_CUST0182,CUST0182,2026-02-15 19:36:04,Desktop,Paid Search
SES01649,ANON_01649,,2026-02-09 06:03:01,Mobile,Paid Search
SES01650,VIS_CUST0162,CUST0162,2026-03-18 11:05:15,Mobile,Social
SES01651,VIS_CUST0485,CUST0485,2026-02-05 20:56:11,Mobile,Paid Search
SES01652,ANON_01652,,2026-01-13 08:35:17,Desktop,Direct
SES01653,VIS_CUST0429,CUST0429,2026-03-14 07:51:05,Mobile,Direct
SES01654,VIS_CUST0552,CUST0552,2026-01-29 17:48:42,Mobile,Social
SES01655,VIS_CUST0104,CUST0104,2026-03-02 02:25:26,Desktop,Organic Search
SES01656,VIS_CUST0966,CUST0966,2026-01-27 14:09:45,Mobile,Paid Search
SES01657,VIS_CUST0285,CUST0285,2026-01-14 23:53:36,Desktop,Referral
SES01658,VIS_CUST0836,CUST0836,2026-02-28 01:05:11,Mobile,Organic Search
SES01659,VIS_CUST0300,CUST0300,2026-02-14 16:15:40,Mobile,Paid Search
SES01660,VIS_CUST0736,CUST0736,2026-03-11 13:24:09,Mobile,Email
SES01661,VIS_CUST0211,CUST0211,2026-02-26 06:48:15,Mobile,Organic Search
SES01662,VIS_CUST0746,CUST0746,2026-01-07 21:48:43,Desktop,Paid Search
SES01663,VIS_CUST0320,CUST0320,2026-02-24 16:26:16,Desktop,Organic Search
SES01664,VIS_CUST0917,CUST0917,2026-02-01 22:55:14,Mobile,Organic Search
SES01665,VIS_CUST0858,CUST0858,2026-01-10 16:17:34,Mobile,Social
SES01666,VIS_CUST0719,CUST0719,2026-03-09 04:40:31,Desktop,Organic Search
SES01667,ANON_01667,,2026-01-14 03:24:31,Mobile,Paid Search
SES01668,VIS_CUST0297,CUST0297,2026-01-12 13:49:42,Mobile,Social
SES01669,VIS_CUST0523,CUST0523,2026-02-17 15:47:07,Mobile,Direct
SES01670,VIS_CUST0941,CUST0941,2026-03-28 11:29:34,Mobile,Referral
SES01671,VIS_CUST0989,CUST0989,2026-01-19 00:21:13,Mobile,Paid Search
SES01672,VIS_CUST0077,CUST0077,2026-01-14 11:43:55,Mobile,Organic Search
SES01673,VIS_CUST0629,CUST0629,2026-02-20 13:04:39,Mobile,Direct
SES01674,VIS_CUST0463,CUST0463,2026-03-06 09:51:09,Desktop,Organic Search
SES01675,VIS_CUST0160,CUST0160,2026-02-09 05:52:16,Mobile,Social
SES01676,VIS_CUST0228,CUST0228,2026-03-21 11:02:15,Mobile,Social
SES01677,ANON_01677,,2026-01-10 17:41:38,Mobile,Social
SES01678,VIS_CUST0235,CUST0235,2026-02-23 14:45:08,Mobile,Organic Search
SES01679,ANON_01679,,2026-02-21 01:41:21,Mobile,Referral
SES01680,VIS_CUST0382,CUST0382,2026-03-17 21:37:18,Mobile,Organic Search
SES01681,VIS_CUST0135,CUST0135,2026-01-18 17:50:21,Desktop,Paid Search
SES01682,VIS_CUST0872,CUST0872,2026-01-03 07:17:38,Desktop,Organic Search
SES01683,VIS_CUST0672,CUST0672,2026-03-09 22:52:54,Mobile,Paid Search
SES01684,VIS_CUST0949,CUST0949,2026-01-29 16:15:46,Mobile,Organic Search
SES01685,VIS_CUST0684,CUST0684,2026-01-10 10:50:04,Mobile,Social
SES01686,VIS_CUST0981,CUST0981,2026-03-30 20:01:35,Mobile,Paid Search
SES01687,VIS_CUST0653,CUST0653,2026-03-08 22:34:57,Mobile,Direct
SES01688,VIS_CUST0775,CUST0775,2026-03-02 01:05:09,Mobile,Organic Search
SES01689,VIS_CUST0921,CUST0921,2026-01-06 16:30:56,Mobile,Organic Search
SES01690,ANON_01690,,2026-01-29 17:10:22,Mobile,Paid Search
SES01691,VIS_CUST0309,CUST0309,2026-01-01 11:06:32,Desktop,Organic Search
SES01692,VIS_CUST0347,CUST0347,2026-02-14 12:27:57,Mobile,Referral
SES01693,VIS_CUST0388,CUST0388,2026-02-25 20:55:12,Mobile,Paid Search
SES01694,VIS_CUST0186,CUST0186,2026-03-24 08:44:13,Mobile,Social
SES01695,ANON_01695,,2026-02-28 06:39:27,Mobile,Organic Search
SES01696,ANON_01696,,2026-01-01 11:32:39,Mobile,Referral
SES01697,VIS_CUST0190,CUST0190,2026-01-05 09:03:05,Mobile,Social
SES01698,VIS_CUST0189,CUST0189,2026-02-26 11:36:57,Mobile,Paid Search
SES01699,VIS_CUST0615,CUST0615,2026-01-01 05:43:33,Desktop,Social
SES01700,VIS_CUST0480,CUST0480,2026-03-29 21:49:08,Mobile,Organic Search
SES01701,VIS_CUST0694,CUST0694,2026-03-09 21:29:10,Desktop,Direct
SES01702,ANON_01702,,2026-03-04 21:57:23,Mobile,Social
SES01703,VIS_CUST0490,CUST0490,2026-03-31 15:34:03,Mobile,Organic Search
SES01704,VIS_CUST0074,CUST0074,2026-01-14 09:42:06,Mobile,Social
SES01705,VIS_CUST0931,CUST0931,2026-03-18 07:43:28,Desktop,Social
SES01706,ANON_01706,,2026-02-06 21:26:22,Mobile,Organic Search
SES01707,ANON_01707,,2026-01-14 12:58:04,Mobile,Organic Search
SES01708,VIS_CUST0909,CUST0909,2026-01-07 04:13:50,Desktop,Paid Search
SES01709,VIS_CUST0770,CUST0770,2026-03-09 13:46:48,Mobile,Paid Search
SES01710,ANON_01710,,2026-01-03 02:31:06,Mobile,Social
SES01711,VIS_CUST0769,CUST0769,2026-03-27 00:47:57,Mobile,Paid Search
SES01712,VIS_CUST0142,CUST0142,2026-02-22 08:36:53,Mobile,Paid Search
SES01713,ANON_01713,,2026-03-08 22:49:20,Desktop,Email
SES01714,VIS_CUST0475,CUST0475,2026-03-27 04:04:19,Mobile,Organic Search
SES01715,VIS_CUST0464,CUST0464,2026-03-25 01:59:34,Desktop,Direct
SES01716,ANON_01716,,2026-03-09 07:46:30,Mobile,Social
SES01717,VIS_CUST0405,CUST0405,2026-02-09 12:22:11,Mobile,Social
SES01718,VIS_CUST0591,CUST0591,2026-02-22 02:43:41,Desktop,Social
SES01719,VIS_CUST0260,CUST0260,2026-03-31 01:35:27,Mobile,Paid Search
SES01720,ANON_01720,,2026-01-29 07:52:53,Mobile,Paid Search
SES01721,VIS_CUST0753,CUST0753,2026-03-22 22:30:52,Mobile,Organic Search
SES01722,VIS_CUST0489,CUST0489,2026-02-14 11:24:25,Mobile,Social
SES01723,VIS_CUST0986,CUST0986,2026-02-06 14:41:11,Mobile,Paid Search
SES01724,VIS_CUST0721,CUST0721,2026-02-16 23:10:45,Desktop,Paid Search
SES01725,VIS_CUST0819,CUST0819,2026-03-18 12:07:33,Mobile,Social
SES01726,ANON_01726,,2026-02-02 07:34:19,Tablet,Social
SES01727,VIS_CUST0451,CUST0451,2026-01-15 13:24:41,Mobile,Organic Search
SES01728,VIS_CUST0290,CUST0290,2026-03-20 09:57:57,Mobile,Organic Search
SES01729,VIS_CUST0436,CUST0436,2026-02-23 05:03:21,Mobile,Direct
SES01730,VIS_CUST0574,CUST0574,2026-03-04 20:25:56,Mobile,Paid Search
SES01731,VIS_CUST0308,CUST0308,2026-01-11 08:09:07,Tablet,Organic Search
SES01732,VIS_CUST0886,CUST0886,2026-03-24 00:05:11,Mobile,Paid Search
SES01733,ANON_01733,,2026-01-20 06:21:03,Mobile,Social
SES01734,VIS_CUST0303,CUST0303,2026-01-29 04:22:19,Mobile,Direct
SES01735,ANON_01735,,2026-03-06 07:04:23,Mobile,Paid Search
SES01736,VIS_CUST0625,CUST0625,2026-03-08 03:27:15,Mobile,Direct
SES01737,ANON_01737,,2026-03-07 11:36:55,Mobile,Email
SES01738,VIS_CUST0858,CUST0858,2026-02-26 06:13:44,Mobile,Organic Search
SES01739,VIS_CUST0808,CUST0808,2026-02-26 23:12:44,Mobile,Direct
SES01740,VIS_CUST0885,CUST0885,2026-03-31 04:17:32,Desktop,Organic Search
SES01741,VIS_CUST0585,CUST0585,2026-03-30 20:44:20,Mobile,Direct
SES01742,VIS_CUST0213,CUST0213,2026-02-18 01:05:46,Desktop,Direct
SES01743,VIS_CUST0911,CUST0911,2026-03-29 12:58:38,Mobile,Email
SES01744,VIS_CUST0674,CUST0674,2026-03-02 00:13:24,Mobile,Social
SES01745,VIS_CUST0328,CUST0328,2026-02-27 05:00:05,Mobile,Email
SES01746,ANON_01746,,2026-02-01 02:16:44,Desktop,Direct
SES01747,VIS_CUST0068,CUST0068,2026-02-13 01:07:14,Mobile,Email
SES01748,VIS_CUST0185,CUST0185,2026-02-11 21:50:31,Mobile,Organic Search
SES01749,VIS_CUST0808,CUST0808,2026-01-08 23:53:00,Mobile,Organic Search
SES01750,ANON_01750,,2026-03-26 15:28:33,Mobile,Email
SES01751,VIS_CUST0970,CUST0970,2026-03-08 11:20:00,Desktop,Organic Search
SES01752,ANON_01752,,2026-03-14 12:37:36,Mobile,Social
SES01753,VIS_CUST0101,CUST0101,2026-02-18 01:59:30,Mobile,Direct
SES01754,VIS_CUST0558,CUST0558,2026-03-29 23:15:15,Desktop,Paid Search
SES01755,VIS_CUST0708,CUST0708,2026-01-02 02:04:54,Mobile,Email
SES01756,ANON_01756,,2026-02-22 05:06:29,Tablet,Organic Search
SES01757,VIS_CUST0508,CUST0508,2026-01-29 18:37:44,Mobile,Direct
SES01758,VIS_CUST0981,CUST0981,2026-02-04 05:20:13,Desktop,Paid Search
SES01759,VIS_CUST0862,CUST0862,2026-02-21 00:41:42,Mobile,Organic Search
SES01760,VIS_CUST0911,CUST0911,2026-02-03 22:34:56,Mobile,Referral
SES01761,VIS_CUST0506,CUST0506,2026-01-17 14:15:41,Mobile,Referral
SES01762,VIS_CUST0216,CUST0216,2026-01-12 13:26:39,Mobile,Organic Search
SES01763,VIS_CUST0266,CUST0266,2026-03-20 03:37:23,Mobile,Paid Search
SES01764,VIS_CUST0969,CUST0969,2026-03-13 00:25:09,Mobile,Paid Search
SES01765,VIS_CUST0382,CUST0382,2026-01-25 16:45:43,Mobile,Organic Search
SES01766,ANON_01766,,2026-03-05 14:03:37,Mobile,Paid Search
SES01767,ANON_01767,,2026-02-20 06:03:39,Mobile,Organic Search
SES01768,ANON_01768,,2026-03-12 18:13:39,Mobile,Social
SES01769,VIS_CUST0739,CUST0739,2026-02-27 20:30:09,Mobile,Organic Search
SES01770,VIS_CUST0777,CUST0777,2026-03-29 12:46:16,Mobile,Paid Search
SES01771,ANON_01771,,2026-01-11 16:10:32,Mobile,Social
SES01772,VIS_CUST0931,CUST0931,2026-03-20 22:14:13,Mobile,Email
SES01773,VIS_CUST0193,CUST0193,2026-03-19 10:16:47,Desktop,Direct
SES01774,VIS_CUST0282,CUST0282,2026-01-17 04:50:05,Mobile,Organic Search
SES01775,VIS_CUST0083,CUST0083,2026-03-29 08:28:55,Desktop,Referral
SES01776,ANON_01776,,2026-02-10 13:43:43,Mobile,Organic Search
SES01777,VIS_CUST0089,CUST0089,2026-03-29 23:07:00,Desktop,Paid Search
SES01778,VIS_CUST0264,CUST0264,2026-01-12 12:11:27,Mobile,Direct
SES01779,ANON_01779,,2026-02-28 00:46:19,Mobile,Organic Search
SES01780,VIS_CUST0693,CUST0693,2026-03-22 05:06:53,Desktop,Referral
SES01781,VIS_CUST0515,CUST0515,2026-03-24 13:07:50,Desktop,Social
SES01782,VIS_CUST0376,CUST0376,2026-03-25 09:39:50,Desktop,Social
SES01783,VIS_CUST0453,CUST0453,2026-02-15 07:09:34,Mobile,Social
SES01784,VIS_CUST0905,CUST0905,2026-02-06 04:00:58,Mobile,Direct
SES01785,VIS_CUST0600,CUST0600,2026-02-16 22:58:21,Mobile,Social
SES01786,VIS_CUST0802,CUST0802,2026-03-20 12:52:07,Mobile,Paid Search
SES01787,VIS_CUST0055,CUST0055,2026-02-18 21:03:10,Mobile,Direct
SES01788,VIS_CUST0141,CUST0141,2026-02-19 21:20:42,Desktop,Paid Search
SES01789,VIS_CUST0135,CUST0135,2026-03-21 17:45:34,Mobile,Direct
SES01790,ANON_01790,,2026-01-17 12:21:50,Mobile,Social
SES01791,VIS_CUST0211,CUST0211,2026-03-04 19:27:20,Desktop,Paid Search
SES01792,VIS_CUST0099,CUST0099,2026-01-08 07:58:02,Desktop,Direct
SES01793,VIS_CUST0250,CUST0250,2026-02-18 06:21:06,Mobile,Organic Search
SES01794,VIS_CUST0816,CUST0816,2026-01-17 21:00:45,Mobile,Social
SES01795,VIS_CUST0653,CUST0653,2026-01-22 13:54:42,Mobile,Organic Search
SES01796,VIS_CUST0189,CUST0189,2026-01-05 03:35:43,Mobile,Organic Search
SES01797,VIS_CUST0276,CUST0276,2026-03-02 17:28:12,Desktop,Organic Search
SES01798,ANON_01798,,2026-02-26 17:08:48,Desktop,Social
SES01799,VIS_CUST0399,CUST0399,2026-01-12 03:41:54,Mobile,Paid Search
SES01800,ANON_01800,,2026-01-24 08:26:48,Mobile,Paid Search
SES01801,ANON_01801,,2026-02-06 03:25:03,Mobile,Organic Search
SES01802,VIS_CUST0766,CUST0766,2026-03-21 22:06:42,Tablet,Organic Search
SES01803,ANON_01803,,2026-01-30 07:32:18,Mobile,Paid Search
SES01804,VIS_CUST0688,CUST0688,2026-02-06 08:51:56,Mobile,Social
SES01805,VIS_CUST0213,CUST0213,2026-03-31 14:56:11,Mobile,Paid Search
SES01806,ANON_01806,,2026-01-03 02:54:29,Mobile,Social
SES01807,VIS_CUST0353,CUST0353,2026-01-18 14:03:06,Desktop,Organic Search
SES01808,VIS_CUST0526,CUST0526,2026-02-26 15:06:57,Mobile,Social
SES01809,VIS_CUST0459,CUST0459,2026-03-01 11:58:43,Desktop,Direct
SES01810,VIS_CUST0567,CUST0567,2026-03-23 22:46:51,Desktop,Referral
SES01811,VIS_CUST0702,CUST0702,2026-03-17 05:07:03,Mobile,Organic Search
SES01812,VIS_CUST0772,CUST0772,2026-01-11 00:50:10,Mobile,Paid Search
SES01813,VIS_CUST0605,CUST0605,2026-02-26 09:16:24,Desktop,Organic Search
SES01814,VIS_CUST0194,CUST0194,2026-03-08 08:07:45,Desktop,Organic Search
SES01815,VIS_CUST0482,CUST0482,2026-03-16 13:51:49,Mobile,Social
SES01816,VIS_CUST0689,CUST0689,2026-02-28 09:18:32,Mobile,Organic Search
SES01817,VIS_CUST0494,CUST0494,2026-03-18 12:25:10,Tablet,Organic Search
SES01818,VIS_CUST0854,CUST0854,2026-02-17 21:20:52,Mobile,Direct
SES01819,ANON_01819,,2026-03-29 04:33:44,Mobile,Direct
SES01820,VIS_CUST0792,CUST0792,2026-01-25 10:28:41,Mobile,Organic Search
SES01821,VIS_CUST0904,CUST0904,2026-02-26 05:51:17,Mobile,Organic Search
SES01822,VIS_CUST0652,CUST0652,2026-01-26 06:29:49,Mobile,Direct
SES01823,VIS_CUST0212,CUST0212,2026-03-02 08:39:58,Mobile,Direct
SES01824,ANON_01824,,2026-03-10 13:54:29,Desktop,Paid Search
SES01825,VIS_CUST0811,CUST0811,2026-03-12 02:01:07,Mobile,Direct
SES01826,VIS_CUST0558,CUST0558,2026-03-04 23:50:42,Desktop,Organic Search
SES01827,VIS_CUST0916,CUST0916,2026-01-12 10:59:44,Desktop,Social
SES01828,VIS_CUST0822,CUST0822,2026-01-28 16:06:53,Mobile,Paid Search
SES01829,VIS_CUST0328,CUST0328,2026-03-22 15:56:46,Mobile,Paid Search
SES01830,VIS_CUST0881,CUST0881,2026-03-29 09:34:26,Desktop,Email
SES01831,VIS_CUST0180,CUST0180,2026-03-03 13:43:51,Tablet,Organic Search
SES01832,VIS_CUST0240,CUST0240,2026-02-22 03:54:19,Mobile,Social
SES01833,VIS_CUST0197,CUST0197,2026-03-07 17:04:31,Mobile,Social
SES01834,VIS_CUST0003,CUST0003,2026-02-11 05:28:57,Desktop,Social
SES01835,VIS_CUST0552,CUST0552,2026-01-23 08:06:25,Tablet,Organic Search
SES01836,VIS_CUST0795,CUST0795,2026-02-05 03:27:15,Desktop,Organic Search
SES01837,ANON_01837,,2026-02-23 20:02:37,Mobile,Organic Search
SES01838,ANON_01838,,2026-03-03 12:23:55,Desktop,Social
SES01839,VIS_CUST0335,CUST0335,2026-02-01 07:58:57,Mobile,Direct
SES01840,VIS_CUST0412,CUST0412,2026-02-06 15:09:08,Mobile,Paid Search
SES01841,VIS_CUST0874,CUST0874,2026-03-04 09:04:54,Mobile,Direct
SES01842,ANON_01842,,2026-02-13 11:59:15,Mobile,Paid Search
SES01843,VIS_CUST0394,CUST0394,2026-03-06 07:00:21,Mobile,Social
SES01844,VIS_CUST0446,CUST0446,2026-02-28 04:59:01,Mobile,Direct
SES01845,VIS_CUST0810,CUST0810,2026-03-25 18:13:32,Mobile,Organic Search
SES01846,ANON_01846,,2026-03-19 19:43:02,Mobile,Paid Search
SES01847,VIS_CUST0763,CUST0763,2026-03-31 04:04:32,Mobile,Direct
SES01848,VIS_CUST0861,CUST0861,2026-01-03 02:38:51,Desktop,Direct
SES01849,VIS_CUST0826,CUST0826,2026-03-04 23:09:58,Mobile,Email
SES01850,VIS_CUST0425,CUST0425,2026-01-06 00:14:58,Desktop,Email
SES01851,VIS_CUST0521,CUST0521,2026-02-28 00:51:25,Mobile,Email
SES01852,VIS_CUST0228,CUST0228,2026-02-12 16:40:43,Desktop,Organic Search
SES01853,ANON_01853,,2026-01-30 06:26:12,Mobile,Paid Search
SES01854,VIS_CUST0043,CUST0043,2026-03-01 15:18:49,Desktop,Social
SES01855,ANON_01855,,2026-03-11 05:05:21,Mobile,Social
SES01856,ANON_01856,,2026-03-15 03:10:13,Desktop,Paid Search
SES01857,VIS_CUST0479,CUST0479,2026-03-16 22:54:16,Mobile,Paid Search
SES01858,VIS_CUST0668,CUST0668,2026-01-21 04:35:02,Mobile,Social
SES01859,VIS_CUST0035,CUST0035,2026-03-17 20:34:03,Mobile,Paid Search
SES01860,VIS_CUST0252,CUST0252,2026-01-18 12:06:50,Desktop,Direct
SES01861,ANON_01861,,2026-03-16 01:12:01,Mobile,Referral
SES01862,ANON_01862,,2026-02-26 18:56:56,Tablet,Social
SES01863,ANON_01863,,2026-01-08 19:13:42,Mobile,Organic Search
SES01864,VIS_CUST0314,CUST0314,2026-02-13 13:29:37,Mobile,Organic Search
SES01865,VIS_CUST0382,CUST0382,2026-01-13 22:18:07,Mobile,Paid Search
SES01866,VIS_CUST0185,CUST0185,2026-02-25 01:15:42,Mobile,Direct
SES01867,VIS_CUST0639,CUST0639,2026-02-11 00:06:09,Mobile,Organic Search
SES01868,VIS_CUST0513,CUST0513,2026-01-17 06:40:30,Mobile,Organic Search
SES01869,VIS_CUST0740,CUST0740,2026-03-18 00:44:03,Mobile,Social
SES01870,ANON_01870,,2026-02-16 12:18:16,Mobile,Organic Search
SES01871,VIS_CUST0081,CUST0081,2026-01-21 09:25:21,Tablet,Direct
SES01872,ANON_01872,,2026-01-06 14:53:01,Desktop,Social
SES01873,VIS_CUST0828,CUST0828,2026-03-23 12:11:03,Desktop,Direct
SES01874,VIS_CUST0226,CUST0226,2026-02-21 16:47:59,Desktop,Social
SES01875,VIS_CUST0248,CUST0248,2026-03-24 05:38:01,Mobile,Social
SES01876,VIS_CUST0927,CUST0927,2026-01-29 15:50:50,Mobile,Organic Search
SES01877,VIS_CUST0546,CUST0546,2026-03-07 05:13:04,Desktop,Direct
SES01878,ANON_01878,,2026-02-11 23:00:11,Mobile,Direct
SES01879,VIS_CUST0157,CUST0157,2026-02-10 11:37:28,Mobile,Organic Search
SES01880,VIS_CUST0758,CUST0758,2026-03-25 19:38:13,Mobile,Paid Search
SES01881,VIS_CUST0634,CUST0634,2026-03-17 15:25:37,Mobile,Organic Search
SES01882,VIS_CUST0984,CUST0984,2026-03-20 23:34:23,Desktop,Organic Search
SES01883,ANON_01883,,2026-01-15 01:17:14,Mobile,Organic Search
SES01884,VIS_CUST0178,CUST0178,2026-02-18 15:55:29,Mobile,Paid Search
SES01885,VIS_CUST0594,CUST0594,2026-03-05 23:15:45,Desktop,Social
SES01886,ANON_01886,,2026-02-03 17:57:15,Mobile,Referral
SES01887,VIS_CUST0606,CUST0606,2026-03-27 21:32:56,Mobile,Organic Search
SES01888,VIS_CUST0682,CUST0682,2026-02-21 10:05:24,Desktop,Organic Search
SES01889,ANON_01889,,2026-02-01 07:50:02,Desktop,Social
SES01890,VIS_CUST0452,CUST0452,2026-02-24 10:44:43,Mobile,Paid Search
SES01891,VIS_CUST0840,CUST0840,2026-02-02 04:10:26,Desktop,Organic Search
SES01892,VIS_CUST0855,CUST0855,2026-02-02 04:59:01,Mobile,Social
SES01893,ANON_01893,,2026-03-15 19:14:47,Desktop,Social
SES01894,VIS_CUST0352,CUST0352,2026-02-21 23:03:17,Desktop,Email
SES01895,VIS_CUST0851,CUST0851,2026-02-16 02:41:58,Mobile,Organic Search
SES01896,VIS_CUST0615,CUST0615,2026-01-16 09:39:34,Desktop,Email
SES01897,ANON_01897,,2026-03-05 07:04:08,Mobile,Social
SES01898,VIS_CUST0367,CUST0367,2026-03-04 06:23:53,Mobile,Direct
SES01899,VIS_CUST0197,CUST0197,2026-01-04 15:42:20,Mobile,Email
SES01900,VIS_CUST0221,CUST0221,2026-03-29 08:56:48,Desktop,Organic Search
SES01901,VIS_CUST0085,CUST0085,2026-03-24 03:25:00,Tablet,Organic Search
SES01902,VIS_CUST0903,CUST0903,2026-03-28 10:07:40,Mobile,Email
SES01903,VIS_CUST0912,CUST0912,2026-02-28 01:05:48,Desktop,Direct
SES01904,VIS_CUST0714,CUST0714,2026-03-31 06:08:08,Mobile,Social
SES01905,ANON_01905,,2026-02-03 21:17:06,Mobile,Email
SES01906,ANON_01906,,2026-02-04 16:50:29,Tablet,Email
SES01907,ANON_01907,,2026-02-23 07:18:54,Mobile,Direct
SES01908,VIS_CUST0767,CUST0767,2026-01-01 05:53:23,Mobile,Social
SES01909,VIS_CUST0307,CUST0307,2026-03-19 00:54:30,Mobile,Direct
SES01910,VIS_CUST0690,CUST0690,2026-01-24 17:48:46,Mobile,Social
SES01911,VIS_CUST0550,CUST0550,2026-03-12 19:29:11,Mobile,Paid Search
SES01912,VIS_CUST0415,CUST0415,2026-01-24 09:32:58,Mobile,Organic Search
SES01913,VIS_CUST0295,CUST0295,2026-01-26 12:26:23,Mobile,Organic Search
SES01914,VIS_CUST0513,CUST0513,2026-02-08 23:04:31,Mobile,Organic Search
SES01915,ANON_01915,,2026-02-03 22:26:10,Mobile,Direct
SES01916,VIS_CUST0807,CUST0807,2026-03-30 08:20:01,Mobile,Direct
SES01917,VIS_CUST0760,CUST0760,2026-03-05 14:43:44,Desktop,Social
SES01918,VIS_CUST0734,CUST0734,2026-02-27 08:29:49,Desktop,Paid Search
SES01919,VIS_CUST0196,CUST0196,2026-03-22 01:33:48,Mobile,Organic Search
SES01920,ANON_01920,,2026-02-14 15:54:19,Mobile,Social
SES01921,VIS_CUST0721,CUST0721,2026-01-11 15:57:01,Desktop,Paid Search
SES01922,VIS_CUST0362,CUST0362,2026-03-18 18:12:02,Mobile,Referral
SES01923,VIS_CUST0077,CUST0077,2026-01-19 09:42:37,Mobile,Paid Search
SES01924,ANON_01924,,2026-03-31 14:28:32,Mobile,Paid Search
SES01925,ANON_01925,,2026-03-17 03:58:07,Mobile,Direct
SES01926,ANON_01926,,2026-03-10 16:41:32,Desktop,Organic Search
SES01927,VIS_CUST0271,CUST0271,2026-03-05 20:29:36,Mobile,Direct
SES01928,ANON_01928,,2026-03-25 23:56:17,Mobile,Referral
SES01929,VIS_CUST0186,CUST0186,2026-03-08 15:31:22,Desktop,Organic Search
SES01930,VIS_CUST0990,CUST0990,2026-03-08 17:10:27,Mobile,Organic Search
SES01931,VIS_CUST0920,CUST0920,2026-03-25 16:30:05,Mobile,Organic Search
SES01932,VIS_CUST0454,CUST0454,2026-02-22 14:15:31,Mobile,Paid Search
SES01933,VIS_CUST0495,CUST0495,2026-03-22 02:24:59,Mobile,Referral
SES01934,VIS_CUST0427,CUST0427,2026-01-20 02:35:28,Mobile,Organic Search
SES01935,VIS_CUST0232,CUST0232,2026-03-22 07:18:23,Desktop,Paid Search
SES01936,VIS_CUST0628,CUST0628,2026-02-08 23:02:44,Mobile,Email
SES01937,VIS_CUST0817,CUST0817,2026-01-04 05:20:20,Tablet,Email
SES01938,VIS_CUST0700,CUST0700,2026-01-12 23:30:10,Mobile,Email
SES01939,VIS_CUST0408,CUST0408,2026-02-27 17:25:09,Desktop,Paid Search
SES01940,VIS_CUST0377,CUST0377,2026-01-28 09:46:50,Desktop,Direct
SES01941,VIS_CUST0723,CUST0723,2026-03-09 22:16:38,Mobile,Organic Search
SES01942,VIS_CUST0155,CUST0155,2026-02-22 17:28:03,Mobile,Organic Search
SES01943,ANON_01943,,2026-02-02 21:38:07,Desktop,Direct
SES01944,VIS_CUST0059,CUST0059,2026-02-25 15:29:18,Mobile,Organic Search
SES01945,VIS_CUST0214,CUST0214,2026-03-14 12:25:25,Mobile,Organic Search
SES01946,ANON_01946,,2026-03-19 13:53:37,Desktop,Social
SES01947,VIS_CUST0740,CUST0740,2026-02-13 19:20:45,Mobile,Email
SES01948,ANON_01948,,2026-02-26 22:59:25,Mobile,Direct
SES01949,ANON_01949,,2026-01-16 17:56:54,Mobile,Paid Search
SES01950,ANON_01950,,2026-02-15 21:22:09,Mobile,Direct
SES01951,VIS_CUST0810,CUST0810,2026-03-17 16:22:19,Mobile,Email
SES01952,VIS_CUST0777,CUST0777,2026-03-30 03:42:50,Mobile,Social
SES01953,VIS_CUST0887,CUST0887,2026-03-29 22:45:29,Mobile,Social
SES01954,VIS_CUST0776,CUST0776,2026-01-20 21:57:56,Mobile,Direct
SES01955,ANON_01955,,2026-01-12 23:04:59,Mobile,Social
SES01956,ANON_01956,,2026-03-30 23:06:09,Mobile,Organic Search
SES01957,VIS_CUST0604,CUST0604,2026-01-25 11:44:28,Mobile,Organic Search
SES01958,VIS_CUST0196,CUST0196,2026-02-12 11:47:20,Mobile,Paid Search
SES01959,VIS_CUST0733,CUST0733,2026-01-21 17:09:12,Mobile,Paid Search
SES01960,ANON_01960,,2026-01-24 19:50:39,Mobile,Referral
SES01961,VIS_CUST0820,CUST0820,2026-02-16 13:42:54,Mobile,Referral
SES01962,ANON_01962,,2026-01-04 07:39:04,Desktop,Organic Search
SES01963,VIS_CUST0484,CUST0484,2026-02-20 22:08:06,Desktop,Organic Search
SES01964,VIS_CUST0188,CUST0188,2026-02-24 01:13:24,Mobile,Paid Search
SES01965,VIS_CUST0500,CUST0500,2026-02-02 20:42:17,Desktop,Organic Search
SES01966,VIS_CUST0004,CUST0004,2026-03-29 22:27:36,Mobile,Paid Search
SES01967,VIS_CUST0135,CUST0135,2026-03-04 06:56:53,Mobile,Email
SES01968,VIS_CUST0459,CUST0459,2026-01-27 18:36:07,Mobile,Organic Search
SES01969,VIS_CUST0548,CUST0548,2026-03-04 13:14:39,Mobile,Organic Search
SES01970,VIS_CUST0235,CUST0235,2026-02-08 23:10:49,Mobile,Organic Search
SES01971,ANON_01971,,2026-02-16 22:22:26,Desktop,Organic Search
SES01972,VIS_CUST0579,CUST0579,2026-03-16 02:11:06,Desktop,Social
SES01973,VIS_CUST0106,CUST0106,2026-02-21 23:51:59,Tablet,Social
SES01974,VIS_CUST0616,CUST0616,2026-01-02 21:11:56,Desktop,Paid Search
SES01975,VIS_CUST0163,CUST0163,2026-01-13 15:35:18,Mobile,Organic Search
SES01976,VIS_CUST0726,CUST0726,2026-02-14 18:24:46,Mobile,Direct
SES01977,ANON_01977,,2026-03-02 10:50:48,Desktop,Social
SES01978,VIS_CUST0855,CUST0855,2026-03-01 13:17:12,Desktop,Organic Search
SES01979,VIS_CUST0483,CUST0483,2026-03-25 21:36:05,Mobile,Organic Search
SES01980,VIS_CUST0068,CUST0068,2026-03-09 20:47:31,Mobile,Organic Search
SES01981,VIS_CUST0061,CUST0061,2026-02-13 17:36:46,Desktop,Organic Search
SES01982,VIS_CUST0941,CUST0941,2026-03-01 15:06:05,Mobile,Paid Search
SES01983,ANON_01983,,2026-03-04 20:30:23,Desktop,Social
SES01984,VIS_CUST0333,CUST0333,2026-02-22 01:45:22,Desktop,Organic Search
SES01985,VIS_CUST0326,CUST0326,2026-03-05 22:47:09,Desktop,Email
SES01986,VIS_CUST0723,CUST0723,2026-03-06 23:15:45,Desktop,Paid Search
SES01987,VIS_CUST0410,CUST0410,2026-01-02 20:47:48,Mobile,Direct
SES01988,ANON_01988,,2026-03-07 22:41:01,Mobile,Organic Search
SES01989,VIS_CUST0196,CUST0196,2026-03-21 12:14:57,Mobile,Organic Search
SES01990,VIS_CUST0548,CUST0548,2026-02-18 09:57:12,Mobile,Social
SES01991,ANON_01991,,2026-03-07 13:06:19,Mobile,Paid Search
SES01992,ANON_01992,,2026-01-13 18:38:26,Mobile,Social
SES01993,ANON_01993,,2026-02-03 12:30:45,Desktop,Paid Search
SES01994,ANON_01994,,2026-01-07 15:20:26,Mobile,Direct
SES01995,VIS_CUST0509,CUST0509,2026-03-28 19:29:20,Desktop,Paid Search
SES01996,VIS_CUST0763,CUST0763,2026-03-23 15:04:03,Desktop,Organic Search
SES01997,VIS_CUST0043,CUST0043,2026-01-15 22:28:46,Mobile,Social
SES01998,VIS_CUST0703,CUST0703,2026-03-31 02:26:35,Tablet,Organic Search
SES01999,ANON_01999,,2026-03-13 03:16:01,Mobile,Organic Search
SES02000,VIS_CUST0249,CUST0249,2026-02-20 18:41:04,Mobile,Referral
SES02001,VIS_CUST0359,CUST0359,2026-01-04 09:59:09,Desktop,Paid Search
SES02002,ANON_02002,,2026-01-11 21:35:03,Desktop,Direct
SES02003,VIS_CUST0788,CUST0788,2026-02-28 14:37:50,Mobile,Direct
SES02004,VIS_CUST0914,CUST0914,2026-01-27 06:20:19,Mobile,Organic Search
SES02005,VIS_CUST0461,CUST0461,2026-01-07 15:19:57,Desktop,Paid Search
SES02006,VIS_CUST0841,CUST0841,2026-03-22 00:43:09,Tablet,Organic Search
SES02007,VIS_CUST0215,CUST0215,2026-03-23 18:41:08,Mobile,Organic Search
SES02008,VIS_CUST0494,CUST0494,2026-03-16 17:53:49,Mobile,Organic Search
SES02009,VIS_CUST0838,CUST0838,2026-02-02 17:18:08,Mobile,Social
SES02010,ANON_02010,,2026-03-23 20:10:18,Mobile,Direct
SES02011,VIS_CUST0255,CUST0255,2026-01-22 08:04:32,Desktop,Organic Search
SES02012,VIS_CUST0019,CUST0019,2026-03-09 03:38:32,Tablet,Organic Search
SES02013,VIS_CUST0200,CUST0200,2026-01-10 16:29:42,Mobile,Direct
SES02014,VIS_CUST0058,CUST0058,2026-01-17 02:39:11,Mobile,Organic Search
SES02015,VIS_CUST0869,CUST0869,2026-01-18 21:48:17,Mobile,Social
SES02016,ANON_02016,,2026-03-24 12:10:45,Mobile,Social
SES02017,VIS_CUST0850,CUST0850,2026-03-20 16:10:02,Desktop,Direct
SES02018,VIS_CUST0550,CUST0550,2026-03-30 04:56:05,Mobile,Email
SES02019,ANON_02019,,2026-03-30 16:22:32,Mobile,Email
SES02020,VIS_CUST0419,CUST0419,2026-03-03 14:30:03,Mobile,Organic Search
SES02021,VIS_CUST0105,CUST0105,2026-02-26 07:52:24,Desktop,Social
SES02022,VIS_CUST0566,CUST0566,2026-02-28 12:38:25,Mobile,Referral
SES02023,ANON_02023,,2026-02-24 14:24:02,Mobile,Paid Search
SES02024,VIS_CUST0602,CUST0602,2026-01-01 05:11:16,Mobile,Paid Search
SES02025,VIS_CUST0970,CUST0970,2026-01-16 19:16:19,Mobile,Social
SES02026,ANON_02026,,2026-01-26 18:43:02,Mobile,Social
SES02027,ANON_02027,,2026-01-29 01:15:25,Mobile,Direct
SES02028,VIS_CUST0240,CUST0240,2026-03-10 05:41:47,Mobile,Organic Search
SES02029,VIS_CUST0303,CUST0303,2026-03-18 09:23:22,Mobile,Paid Search
SES02030,VIS_CUST0614,CUST0614,2026-03-30 15:03:25,Mobile,Social
SES02031,VIS_CUST0480,CUST0480,2026-03-27 03:46:02,Mobile,Paid Search
SES02032,VIS_CUST0829,CUST0829,2026-03-21 05:07:21,Tablet,Organic Search
SES02033,VIS_CUST0239,CUST0239,2026-03-06 06:31:26,Mobile,Social
SES02034,VIS_CUST0217,CUST0217,2026-03-24 16:23:43,Mobile,Direct
SES02035,VIS_CUST0185,CUST0185,2026-03-18 05:53:50,Tablet,Organic Search
SES02036,VIS_CUST0712,CUST0712,2026-02-03 00:38:27,Mobile,Paid Search
SES02037,VIS_CUST0338,CUST0338,2026-03-23 22:57:14,Desktop,Organic Search
SES02038,ANON_02038,,2026-01-27 13:15:12,Mobile,Direct
SES02039,VIS_CUST0894,CUST0894,2026-02-14 00:19:33,Mobile,Organic Search
SES02040,VIS_CUST0270,CUST0270,2026-01-30 08:18:57,Mobile,Direct
SES02041,ANON_02041,,2026-01-10 14:49:04,Desktop,Referral
SES02042,VIS_CUST0803,CUST0803,2026-03-21 12:26:50,Mobile,Email
SES02043,VIS_CUST0867,CUST0867,2026-02-14 15:06:57,Mobile,Organic Search
SES02044,VIS_CUST0995,CUST0995,2026-03-22 19:11:07,Mobile,Organic Search
SES02045,VIS_CUST0423,CUST0423,2026-03-29 11:35:10,Desktop,Referral
SES02046,VIS_CUST0219,CUST0219,2026-01-08 22:10:04,Mobile,Referral
SES02047,VIS_CUST0849,CUST0849,2026-01-16 02:26:09,Mobile,Organic Search
SES02048,VIS_CUST0519,CUST0519,2026-01-31 18:20:49,Desktop,Social
SES02049,VIS_CUST0250,CUST0250,2026-02-12 21:03:09,Desktop,Social
SES02050,ANON_02050,,2026-01-17 23:19:29,Mobile,Social
SES02051,ANON_02051,,2026-03-19 19:28:42,Desktop,Social
SES02052,VIS_CUST0357,CUST0357,2026-03-07 12:25:52,Desktop,Email
SES02053,ANON_02053,,2026-02-15 10:25:50,Mobile,Paid Search
SES02054,VIS_CUST0467,CUST0467,2026-03-25 16:10:15,Mobile,Social
SES02055,ANON_02055,,2026-01-25 17:51:26,Desktop,Organic Search
SES02056,VIS_CUST0401,CUST0401,2026-02-14 06:40:21,Mobile,Email
SES02057,VIS_CUST0371,CUST0371,2026-01-25 04:46:56,Mobile,Direct
SES02058,VIS_CUST0524,CUST0524,2026-01-29 16:01:39,Tablet,Direct
SES02059,VIS_CUST0652,CUST0652,2026-01-30 06:50:18,Desktop,Referral
SES02060,VIS_CUST0448,CUST0448,2026-03-11 13:29:45,Mobile,Social
SES02061,VIS_CUST0340,CUST0340,2026-03-08 10:50:25,Desktop,Organic Search
SES02062,VIS_CUST0728,CUST0728,2026-01-13 12:10:31,Mobile,Organic Search
SES02063,ANON_02063,,2026-01-14 01:44:05,Mobile,Paid Search
SES02064,VIS_CUST0827,CUST0827,2026-03-12 21:07:34,Mobile,Paid Search
SES02065,VIS_CUST0627,CUST0627,2026-03-23 04:22:00,Mobile,Email
SES02066,VIS_CUST0295,CUST0295,2026-03-18 13:59:17,Desktop,Social
SES02067,ANON_02067,,2026-01-17 12:01:37,Mobile,Social
SES02068,ANON_02068,,2026-02-09 14:34:54,Mobile,Referral
SES02069,VIS_CUST0715,CUST0715,2026-03-09 14:31:46,Mobile,Social
SES02070,VIS_CUST0415,CUST0415,2026-02-02 23:56:12,Desktop,Social
SES02071,VIS_CUST0186,CUST0186,2026-02-13 05:40:26,Desktop,Social
SES02072,VIS_CUST0602,CUST0602,2026-01-24 02:29:11,Mobile,Direct
SES02073,VIS_CUST0819,CUST0819,2026-03-13 00:35:29,Desktop,Organic Search
SES02074,VIS_CUST0460,CUST0460,2026-03-20 14:45:35,Mobile,Email
SES02075,VIS_CUST0090,CUST0090,2026-01-01 01:18:37,Mobile,Referral
SES02076,ANON_02076,,2026-01-18 15:00:18,Mobile,Organic Search
SES02077,ANON_02077,,2026-02-26 23:08:13,Mobile,Organic Search
SES02078,VIS_CUST0906,CUST0906,2026-03-24 02:29:09,Mobile,Paid Search
SES02079,VIS_CUST0904,CUST0904,2026-03-07 16:39:11,Mobile,Direct
SES02080,VIS_CUST0795,CUST0795,2026-02-25 20:44:00,Mobile,Email
SES02081,VIS_CUST0701,CUST0701,2026-03-04 09:17:49,Desktop,Direct
SES02082,VIS_CUST0437,CUST0437,2026-02-07 10:30:58,Mobile,Direct
SES02083,VIS_CUST0594,CUST0594,2026-03-31 00:57:06,Mobile,Social
SES02084,VIS_CUST0587,CUST0587,2026-02-05 07:53:18,Mobile,Paid Search
SES02085,VIS_CUST0844,CUST0844,2026-01-30 18:23:24,Desktop,Paid Search
SES02086,ANON_02086,,2026-02-15 05:08:25,Tablet,Organic Search
SES02087,VIS_CUST0548,CUST0548,2026-02-07 15:52:56,Mobile,Organic Search
SES02088,VIS_CUST0568,CUST0568,2026-03-08 05:26:59,Desktop,Email
SES02089,VIS_CUST0829,CUST0829,2026-01-28 15:30:01,Mobile,Organic Search
SES02090,VIS_CUST0042,CUST0042,2026-01-12 00:34:54,Mobile,Organic Search
SES02091,VIS_CUST0578,CUST0578,2026-03-06 08:08:15,Mobile,Referral
SES02092,VIS_CUST0154,CUST0154,2026-02-22 12:40:07,Mobile,Social
SES02093,VIS_CUST0332,CUST0332,2026-02-03 00:30:44,Mobile,Organic Search
SES02094,VIS_CUST0689,CUST0689,2026-03-31 14:35:14,Desktop,Organic Search
SES02095,VIS_CUST0695,CUST0695,2026-02-09 21:50:20,Mobile,Social
SES02096,ANON_02096,,2026-02-11 04:11:55,Desktop,Social
SES02097,VIS_CUST0346,CUST0346,2026-01-03 06:26:29,Mobile,Paid Search
SES02098,VIS_CUST0565,CUST0565,2026-03-11 09:36:14,Desktop,Email
SES02099,VIS_CUST0942,CUST0942,2026-03-18 00:58:49,Mobile,Organic Search
SES02100,VIS_CUST0149,CUST0149,2026-01-23 15:20:01,Desktop,Paid Search
SES02101,VIS_CUST0753,CUST0753,2026-03-28 23:55:15,Desktop,Direct
SES02102,VIS_CUST1000,CUST1000,2026-02-23 17:31:48,Mobile,Organic Search
SES02103,VIS_CUST0582,CUST0582,2026-03-21 11:10:53,Desktop,Organic Search
SES02104,VIS_CUST0561,CUST0561,2026-03-29 12:13:16,Mobile,Paid Search
SES02105,VIS_CUST0622,CUST0622,2026-03-31 10:44:14,Mobile,Paid Search
SES02106,VIS_CUST0264,CUST0264,2026-02-12 11:33:28,Mobile,Paid Search
SES02107,VIS_CUST0207,CUST0207,2026-03-08 23:45:18,Desktop,Social
SES02108,VIS_CUST0127,CUST0127,2026-02-21 21:54:57,Desktop,Referral
SES02109,VIS_CUST0277,CUST0277,2026-03-23 09:44:29,Mobile,Organic Search
SES02110,VIS_CUST0479,CUST0479,2026-03-17 12:16:12,Desktop,Organic Search
SES02111,VIS_CUST0612,CUST0612,2026-02-13 23:35:37,Desktop,Social
SES02112,VIS_CUST0109,CUST0109,2026-02-24 21:52:00,Desktop,Organic Search
SES02113,ANON_02113,,2026-01-23 07:06:29,Desktop,Social
SES02114,VIS_CUST0923,CUST0923,2026-03-07 16:44:09,Mobile,Social
SES02115,VIS_CUST0610,CUST0610,2026-03-14 16:03:50,Tablet,Email
SES02116,VIS_CUST0760,CUST0760,2026-03-06 22:45:51,Mobile,Organic Search
SES02117,VIS_CUST0872,CUST0872,2026-01-10 00:30:33,Desktop,Referral
SES02118,VIS_CUST0816,CUST0816,2026-02-08 09:30:40,Desktop,Email
SES02119,VIS_CUST0815,CUST0815,2026-02-01 05:47:49,Mobile,Organic Search
SES02120,VIS_CUST0516,CUST0516,2026-01-17 14:15:42,Mobile,Organic Search
SES02121,VIS_CUST0215,CUST0215,2026-03-25 03:16:30,Mobile,Organic Search
SES02122,VIS_CUST0820,CUST0820,2026-03-25 15:40:43,Mobile,Social
SES02123,VIS_CUST0366,CUST0366,2026-02-26 00:12:58,Mobile,Social
SES02124,VIS_CUST0872,CUST0872,2026-01-01 19:22:23,Desktop,Organic Search
SES02125,ANON_02125,,2026-03-31 10:59:26,Desktop,Direct
SES02126,VIS_CUST0561,CUST0561,2026-03-26 01:25:14,Desktop,Referral
SES02127,VIS_CUST0549,CUST0549,2026-03-20 12:20:33,Mobile,Direct
SES02128,VIS_CUST0964,CUST0964,2026-02-02 02:27:13,Mobile,Paid Search
SES02129,VIS_CUST0709,CUST0709,2026-02-10 09:13:51,Tablet,Direct
SES02130,ANON_02130,,2026-02-26 10:49:21,Mobile,Paid Search
SES02131,VIS_CUST0737,CUST0737,2026-03-06 23:04:07,Mobile,Organic Search
SES02132,VIS_CUST0723,CUST0723,2026-03-15 15:36:41,Desktop,Organic Search
SES02133,ANON_02133,,2026-01-10 21:59:56,Mobile,Organic Search
SES02134,VIS_CUST0665,CUST0665,2026-01-28 14:23:39,Mobile,Direct
SES02135,VIS_CUST0928,CUST0928,2026-03-03 09:48:28,Mobile,Email
SES02136,VIS_CUST0953,CUST0953,2026-01-17 01:03:15,Mobile,Social
SES02137,ANON_02137,,2026-01-31 16:33:49,Desktop,Social
SES02138,ANON_02138,,2026-03-23 14:58:11,Mobile,Organic Search
SES02139,ANON_02139,,2026-02-22 11:12:33,Mobile,Direct
SES02140,ANON_02140,,2026-02-20 18:34:18,Mobile,Organic Search
SES02141,VIS_CUST0148,CUST0148,2026-02-14 22:19:42,Desktop,Referral
SES02142,VIS_CUST0276,CUST0276,2026-02-16 21:11:57,Tablet,Organic Search
SES02143,ANON_02143,,2026-03-10 08:58:53,Mobile,Organic Search
SES02144,ANON_02144,,2026-03-17 08:05:33,Mobile,Email
SES02145,VIS_CUST0727,CUST0727,2026-03-18 13:42:34,Mobile,Email
SES02146,VIS_CUST0744,CUST0744,2026-03-31 09:40:47,Mobile,Social
SES02147,VIS_CUST0978,CUST0978,2026-02-04 22:07:37,Desktop,Paid Search
SES02148,ANON_02148,,2026-02-03 07:52:34,Mobile,Organic Search
SES02149,VIS_CUST0361,CUST0361,2026-03-31 09:52:41,Desktop,Paid Search
SES02150,VIS_CUST0630,CUST0630,2026-03-21 14:12:39,Mobile,Social
SES02151,VIS_CUST0881,CUST0881,2026-03-24 22:59:46,Mobile,Email
SES02152,VIS_CUST0558,CUST0558,2026-01-25 01:18:06,Mobile,Social
SES02153,VIS_CUST0554,CUST0554,2026-01-02 15:23:59,Desktop,Paid Search
SES02154,VIS_CUST0524,CUST0524,2026-02-21 17:45:31,Mobile,Paid Search
SES02155,VIS_CUST0984,CUST0984,2026-03-09 01:43:03,Mobile,Social
SES02156,VIS_CUST0577,CUST0577,2026-02-07 01:21:17,Mobile,Paid Search
SES02157,VIS_CUST0135,CUST0135,2026-03-23 08:26:44,Desktop,Organic Search
SES02158,VIS_CUST0794,CUST0794,2026-01-08 05:08:43,Mobile,Paid Search
SES02159,VIS_CUST0853,CUST0853,2026-02-26 08:05:27,Mobile,Email
SES02160,VIS_CUST0638,CUST0638,2026-03-29 14:10:03,Mobile,Organic Search
SES02161,VIS_CUST0293,CUST0293,2026-03-13 12:49:57,Desktop,Social
SES02162,VIS_CUST0565,CUST0565,2026-03-03 21:11:16,Mobile,Direct
SES02163,VIS_CUST0028,CUST0028,2026-03-31 19:34:34,Desktop,Social
SES02164,VIS_CUST0515,CUST0515,2026-02-05 14:54:54,Mobile,Organic Search
SES02165,ANON_02165,,2026-03-10 17:10:32,Mobile,Organic Search
SES02166,VIS_CUST0167,CUST0167,2026-03-20 18:12:32,Tablet,Organic Search
SES02167,VIS_CUST0158,CUST0158,2026-03-31 06:42:42,Mobile,Paid Search
SES02168,ANON_02168,,2026-03-31 21:12:00,Desktop,Email
SES02169,VIS_CUST0491,CUST0491,2026-01-04 11:20:16,Mobile,Direct
SES02170,VIS_CUST0909,CUST0909,2026-01-27 10:48:35,Tablet,Organic Search
SES02171,VIS_CUST0060,CUST0060,2026-03-12 11:22:17,Mobile,Paid Search
SES02172,VIS_CUST0027,CUST0027,2026-01-20 00:21:17,Desktop,Referral
SES02173,VIS_CUST0389,CUST0389,2026-03-16 21:41:34,Mobile,Paid Search
SES02174,ANON_02174,,2026-02-08 13:34:25,Desktop,Organic Search
SES02175,VIS_CUST0888,CUST0888,2026-01-07 09:05:43,Mobile,Organic Search
SES02176,VIS_CUST0566,CUST0566,2026-02-24 14:41:26,Mobile,Paid Search
SES02177,VIS_CUST0564,CUST0564,2026-03-14 02:36:13,Mobile,Paid Search
SES02178,ANON_02178,,2026-02-10 20:36:22,Desktop,Referral
SES02179,ANON_02179,,2026-02-23 04:28:34,Desktop,Organic Search
SES02180,VIS_CUST0967,CUST0967,2026-02-26 21:37:11,Mobile,Organic Search
SES02181,VIS_CUST0341,CUST0341,2026-03-28 10:27:34,Mobile,Paid Search
SES02182,VIS_CUST0425,CUST0425,2026-02-07 00:16:54,Mobile,Paid Search
SES02183,VIS_CUST0265,CUST0265,2026-03-13 23:51:47,Mobile,Referral
SES02184,ANON_02184,,2026-01-20 06:18:58,Mobile,Direct
SES02185,VIS_CUST0979,CUST0979,2026-03-04 11:31:51,Tablet,Organic Search
SES02186,VIS_CUST0129,CUST0129,2026-01-10 14:39:03,Desktop,Email
SES02187,VIS_CUST0595,CUST0595,2026-03-20 18:51:46,Mobile,Direct
SES02188,VIS_CUST0877,CUST0877,2026-03-27 07:00:49,Desktop,Organic Search
SES02189,ANON_02189,,2026-03-20 22:18:55,Mobile,Organic Search
SES02190,VIS_CUST0142,CUST0142,2026-02-20 02:30:01,Tablet,Email
SES02191,ANON_02191,,2026-03-11 18:06:34,Desktop,Social
SES02192,VIS_CUST0691,CUST0691,2026-03-21 05:41:06,Mobile,Organic Search
SES02193,VIS_CUST0704,CUST0704,2026-03-24 17:52:07,Mobile,Organic Search
SES02194,VIS_CUST0700,CUST0700,2026-03-02 11:36:28,Mobile,Social
SES02195,VIS_CUST0944,CUST0944,2026-01-29 00:03:59,Mobile,Email
SES02196,ANON_02196,,2026-03-28 14:21:54,Mobile,Social
SES02197,VIS_CUST0676,CUST0676,2026-03-20 04:07:25,Desktop,Paid Search
SES02198,VIS_CUST0574,CUST0574,2026-03-27 18:46:39,Desktop,Referral
SES02199,VIS_CUST0391,CUST0391,2026-03-05 01:45:40,Mobile,Organic Search
SES02200,VIS_CUST0983,CUST0983,2026-03-30 02:47:14,Desktop,Direct
SES02201,ANON_02201,,2026-03-12 16:23:02,Mobile,Organic Search
SES02202,VIS_CUST0769,CUST0769,2026-03-12 14:12:16,Desktop,Direct
SES02203,VIS_CUST0020,CUST0020,2026-02-22 12:57:13,Mobile,Direct
SES02204,VIS_CUST0420,CUST0420,2026-02-09 01:55:07,Desktop,Social
SES02205,ANON_02205,,2026-01-03 01:20:28,Mobile,Direct
SES02206,ANON_02206,,2026-01-22 19:48:47,Mobile,Paid Search
SES02207,VIS_CUST0740,CUST0740,2026-02-22 12:12:48,Mobile,Paid Search
SES02208,VIS_CUST0690,CUST0690,2026-01-27 02:51:55,Desktop,Paid Search
SES02209,VIS_CUST0458,CUST0458,2026-01-27 08:30:56,Mobile,Social
SES02210,VIS_CUST0762,CUST0762,2026-03-06 09:36:21,Tablet,Organic Search
SES02211,ANON_02211,,2026-03-17 07:11:04,Desktop,Email
SES02212,VIS_CUST0129,CUST0129,2026-03-10 17:58:11,Mobile,Paid Search
SES02213,VIS_CUST0546,CUST0546,2026-03-09 16:28:55,Mobile,Email
SES02214,VIS_CUST0959,CUST0959,2026-01-23 07:17:38,Mobile,Paid Search
SES02215,ANON_02215,,2026-02-19 23:11:40,Mobile,Organic Search
SES02216,VIS_CUST0476,CUST0476,2026-02-15 17:00:49,Mobile,Social
SES02217,VIS_CUST0017,CUST0017,2026-03-05 08:32:50,Mobile,Organic Search
SES02218,VIS_CUST0811,CUST0811,2026-02-15 00:11:25,Mobile,Organic Search
SES02219,VIS_CUST0651,CUST0651,2026-02-25 13:14:37,Mobile,Social
SES02220,VIS_CUST0799,CUST0799,2026-03-08 02:41:39,Desktop,Organic Search
SES02221,VIS_CUST0038,CUST0038,2026-03-04 17:49:49,Mobile,Referral
SES02222,VIS_CUST0541,CUST0541,2026-01-18 23:32:37,Mobile,Direct
SES02223,VIS_CUST0211,CUST0211,2026-03-17 20:22:16,Tablet,Organic Search
SES02224,VIS_CUST0204,CUST0204,2026-03-15 15:00:59,Mobile,Paid Search
SES02225,VIS_CUST0679,CUST0679,2026-03-31 11:42:23,Desktop,Paid Search
SES02226,ANON_02226,,2026-02-04 01:42:43,Desktop,Social
SES02227,VIS_CUST0613,CUST0613,2026-02-11 08:50:56,Desktop,Organic Search
SES02228,VIS_CUST0880,CUST0880,2026-01-15 23:25:58,Mobile,Paid Search
SES02229,VIS_CUST0646,CUST0646,2026-01-09 20:53:51,Mobile,Paid Search
SES02230,VIS_CUST0941,CUST0941,2026-03-08 09:53:26,Desktop,Email
SES02231,ANON_02231,,2026-03-11 11:52:14,Mobile,Paid Search
SES02232,VIS_CUST0968,CUST0968,2026-02-01 14:39:39,Mobile,Direct
SES02233,VIS_CUST0772,CUST0772,2026-02-18 18:48:33,Mobile,Paid Search
SES02234,VIS_CUST0634,CUST0634,2026-02-18 20:55:22,Mobile,Organic Search
SES02235,ANON_02235,,2026-02-07 20:36:47,Mobile,Direct
SES02236,VIS_CUST0105,CUST0105,2026-02-04 12:46:10,Mobile,Direct
SES02237,VIS_CUST0001,CUST0001,2026-03-17 06:33:41,Mobile,Organic Search
SES02238,ANON_02238,,2026-02-11 08:43:12,Mobile,Organic Search
SES02239,VIS_CUST0419,CUST0419,2026-03-09 09:41:52,Desktop,Email
SES02240,VIS_CUST0835,CUST0835,2026-03-09 01:29:35,Mobile,Email
SES02241,VIS_CUST0934,CUST0934,2026-02-24 06:24:59,Mobile,Email
SES02242,VIS_CUST0119,CUST0119,2026-03-24 17:41:58,Mobile,Email
SES02243,VIS_CUST0951,CUST0951,2026-02-09 23:31:36,Mobile,Organic Search
SES02244,VIS_CUST0971,CUST0971,2026-02-24 05:23:54,Desktop,Referral
SES02245,VIS_CUST0577,CUST0577,2026-02-24 17:55:45,Mobile,Organic Search
SES02246,VIS_CUST0358,CUST0358,2026-01-16 00:00:35,Desktop,Organic Search
SES02247,VIS_CUST0034,CUST0034,2026-03-28 09:25:51,Desktop,Referral
SES02248,ANON_02248,,2026-01-07 03:54:04,Mobile,Direct
SES02249,VIS_CUST0624,CUST0624,2026-02-27 18:14:35,Mobile,Organic Search
SES02250,ANON_02250,,2026-03-10 08:11:20,Mobile,Organic Search
SES02251,VIS_CUST0795,CUST0795,2026-03-08 21:34:18,Desktop,Email
SES02252,VIS_CUST0105,CUST0105,2026-01-04 16:52:30,Desktop,Social
SES02253,ANON_02253,,2026-01-04 08:55:49,Mobile,Organic Search
SES02254,ANON_02254,,2026-02-03 19:48:03,Mobile,Organic Search
SES02255,VIS_CUST0298,CUST0298,2026-03-05 20:43:57,Mobile,Direct
SES02256,VIS_CUST0088,CUST0088,2026-03-29 07:25:48,Desktop,Organic Search
SES02257,VIS_CUST0646,CUST0646,2026-01-12 23:41:20,Mobile,Organic Search
SES02258,ANON_02258,,2026-01-09 05:36:13,Mobile,Paid Search
SES02259,VIS_CUST0316,CUST0316,2026-03-31 14:01:03,Mobile,Direct
SES02260,VIS_CUST0162,CUST0162,2026-03-29 01:48:09,Mobile,Direct
SES02261,VIS_CUST0329,CUST0329,2026-03-14 17:28:04,Desktop,Paid Search
SES02262,VIS_CUST0424,CUST0424,2026-03-22 23:52:54,Mobile,Direct
SES02263,ANON_02263,,2026-02-26 04:21:26,Mobile,Organic Search
SES02264,VIS_CUST0032,CUST0032,2026-03-29 16:57:04,Mobile,Direct
SES02265,VIS_CUST0638,CUST0638,2026-03-31 03:18:00,Mobile,Organic Search
SES02266,VIS_CUST0463,CUST0463,2026-03-17 08:54:52,Desktop,Paid Search
SES02267,VIS_CUST0201,CUST0201,2026-03-15 12:23:35,Tablet,Direct
SES02268,VIS_CUST0776,CUST0776,2026-02-23 17:50:18,Mobile,Organic Search
SES02269,VIS_CUST0524,CUST0524,2026-01-23 10:07:08,Mobile,Organic Search
SES02270,VIS_CUST0329,CUST0329,2026-03-31 14:29:20,Desktop,Paid Search
SES02271,VIS_CUST0671,CUST0671,2026-02-16 16:15:46,Desktop,Email
SES02272,VIS_CUST0071,CUST0071,2026-03-19 06:06:27,Mobile,Paid Search
SES02273,VIS_CUST0047,CUST0047,2026-02-03 00:03:56,Desktop,Paid Search
SES02274,VIS_CUST0642,CUST0642,2026-03-13 05:33:20,Mobile,Social
SES02275,VIS_CUST0262,CUST0262,2026-03-08 07:21:35,Mobile,Direct
SES02276,VIS_CUST0320,CUST0320,2026-03-02 04:46:36,Desktop,Social
SES02277,VIS_CUST0395,CUST0395,2026-03-10 07:08:14,Mobile,Organic Search
SES02278,VIS_CUST0131,CUST0131,2026-03-28 09:53:40,Desktop,Organic Search
SES02279,VIS_CUST0211,CUST0211,2026-03-26 06:53:23,Mobile,Organic Search
SES02280,ANON_02280,,2026-02-08 22:08:01,Desktop,Paid Search
SES02281,ANON_02281,,2026-01-09 21:22:44,Mobile,Social
SES02282,VIS_CUST0315,CUST0315,2026-03-10 23:10:07,Desktop,Organic Search
SES02283,VIS_CUST0512,CUST0512,2026-03-24 15:17:44,Mobile,Organic Search
SES02284,ANON_02284,,2026-01-30 23:05:11,Mobile,Organic Search
SES02285,VIS_CUST0806,CUST0806,2026-01-27 15:34:05,Mobile,Social
SES02286,VIS_CUST0887,CUST0887,2026-03-25 09:39:28,Mobile,Organic Search
SES02287,VIS_CUST0161,CUST0161,2026-01-08 05:47:50,Mobile,Social
SES02288,VIS_CUST0404,CUST0404,2026-03-10 07:53:16,Desktop,Direct
SES02289,VIS_CUST0585,CUST0585,2026-03-30 01:53:55,Tablet,Paid Search
SES02290,VIS_CUST0821,CUST0821,2026-03-15 22:49:56,Mobile,Organic Search
SES02291,VIS_CUST0450,CUST0450,2026-03-01 22:03:20,Desktop,Social
SES02292,VIS_CUST0828,CUST0828,2026-03-12 21:23:24,Desktop,Paid Search
SES02293,VIS_CUST0714,CUST0714,2026-03-16 17:19:55,Tablet,Paid Search
SES02294,ANON_02294,,2026-03-05 20:54:30,Mobile,Direct
SES02295,VIS_CUST0634,CUST0634,2026-03-21 13:01:31,Mobile,Organic Search
SES02296,ANON_02296,,2026-03-04 21:25:26,Mobile,Social
SES02297,VIS_CUST0233,CUST0233,2026-03-20 13:25:39,Mobile,Direct
SES02298,VIS_CUST0992,CUST0992,2026-02-20 23:17:06,Mobile,Organic Search
SES02299,VIS_CUST0192,CUST0192,2026-02-28 22:47:28,Mobile,Paid Search
SES02300,VIS_CUST0823,CUST0823,2026-03-16 16:06:13,Mobile,Organic Search
SES02301,ANON_02301,,2026-02-09 13:48:11,Mobile,Organic Search
SES02302,VIS_CUST0808,CUST0808,2026-02-08 06:18:34,Desktop,Email
SES02303,VIS_CUST0486,CUST0486,2026-01-11 19:43:08,Mobile,Organic Search
SES02304,VIS_CUST0118,CUST0118,2026-03-04 00:47:22,Tablet,Organic Search
SES02305,VIS_CUST0221,CUST0221,2026-03-23 21:37:25,Mobile,Social
SES02306,VIS_CUST0033,CUST0033,2026-03-15 20:09:17,Mobile,Email
SES02307,VIS_CUST0245,CUST0245,2026-03-11 18:52:39,Mobile,Organic Search
SES02308,VIS_CUST0613,CUST0613,2026-02-27 02:43:16,Mobile,Organic Search
SES02309,VIS_CUST0422,CUST0422,2026-03-06 15:30:16,Mobile,Direct
SES02310,VIS_CUST0780,CUST0780,2026-03-18 15:08:44,Mobile,Email
SES02311,VIS_CUST0008,CUST0008,2026-02-14 06:12:17,Desktop,Social
SES02312,ANON_02312,,2026-01-24 18:33:38,Desktop,Direct
SES02313,ANON_02313,,2026-03-28 06:57:18,Mobile,Social
SES02314,VIS_CUST0006,CUST0006,2026-03-11 05:59:00,Desktop,Organic Search
SES02315,VIS_CUST0613,CUST0613,2026-03-02 10:24:54,Mobile,Organic Search
SES02316,VIS_CUST0988,CUST0988,2026-02-04 05:40:26,Mobile,Organic Search
SES02317,ANON_02317,,2026-01-27 17:12:44,Desktop,Direct
SES02318,VIS_CUST0572,CUST0572,2026-02-01 16:28:08,Mobile,Organic Search
SES02319,VIS_CUST0710,CUST0710,2026-02-07 07:58:19,Desktop,Organic Search
SES02320,VIS_CUST0034,CUST0034,2026-03-28 10:35:25,Desktop,Organic Search
SES02321,VIS_CUST0851,CUST0851,2026-02-01 23:48:35,Mobile,Paid Search
SES02322,VIS_CUST0135,CUST0135,2026-02-21 11:17:36,Desktop,Organic Search
SES02323,VIS_CUST0082,CUST0082,2026-02-10 20:38:25,Mobile,Organic Search
SES02324,VIS_CUST0289,CUST0289,2026-03-21 19:04:02,Desktop,Direct
SES02325,VIS_CUST0956,CUST0956,2026-02-10 02:17:51,Mobile,Paid Search
SES02326,VIS_CUST0064,CUST0064,2026-02-11 00:29:08,Desktop,Paid Search
SES02327,VIS_CUST0589,CUST0589,2026-01-18 11:14:35,Mobile,Direct
SES02328,VIS_CUST0296,CUST0296,2026-02-26 23:19:50,Desktop,Organic Search
SES02329,VIS_CUST0318,CUST0318,2026-03-08 19:07:49,Desktop,Paid Search
SES02330,VIS_CUST0432,CUST0432,2026-03-01 10:28:17,Mobile,Paid Search
SES02331,VIS_CUST0309,CUST0309,2026-03-17 22:44:51,Mobile,Email
SES02332,VIS_CUST0106,CUST0106,2026-03-30 00:04:11,Desktop,Direct
SES02333,VIS_CUST0247,CUST0247,2026-03-29 21:06:06,Mobile,Social
SES02334,VIS_CUST0209,CUST0209,2026-03-19 02:55:39,Tablet,Social
SES02335,VIS_CUST0094,CUST0094,2026-02-18 19:28:26,Mobile,Email
SES02336,VIS_CUST0785,CUST0785,2026-01-10 01:50:48,Mobile,Social
SES02337,VIS_CUST0662,CUST0662,2026-01-03 08:57:29,Tablet,Organic Search
SES02338,VIS_CUST0585,CUST0585,2026-03-29 11:23:18,Mobile,Organic Search
SES02339,VIS_CUST0532,CUST0532,2026-03-17 13:59:19,Tablet,Organic Search
SES02340,VIS_CUST0904,CUST0904,2026-03-27 12:07:43,Desktop,Organic Search
SES02341,VIS_CUST0300,CUST0300,2026-01-28 00:00:22,Mobile,Direct
SES02342,VIS_CUST0531,CUST0531,2026-03-08 07:44:12,Desktop,Paid Search
SES02343,VIS_CUST0314,CUST0314,2026-02-07 06:50:11,Desktop,Organic Search
SES02344,VIS_CUST0286,CUST0286,2026-01-16 19:34:30,Mobile,Direct
SES02345,ANON_02345,,2026-01-07 04:50:34,Tablet,Organic Search
SES02346,VIS_CUST0213,CUST0213,2026-02-17 04:23:35,Desktop,Email
SES02347,ANON_02347,,2026-02-01 17:27:25,Mobile,Organic Search
SES02348,VIS_CUST0683,CUST0683,2026-03-18 18:42:28,Tablet,Direct
SES02349,VIS_CUST0268,CUST0268,2026-01-25 19:14:15,Desktop,Organic Search
SES02350,VIS_CUST0904,CUST0904,2026-03-19 15:17:13,Mobile,Organic Search
SES02351,VIS_CUST0687,CUST0687,2026-01-03 02:34:10,Desktop,Paid Search
SES02352,ANON_02352,,2026-03-30 14:08:30,Mobile,Organic Search
SES02353,VIS_CUST0210,CUST0210,2026-01-28 07:12:12,Mobile,Organic Search
SES02354,ANON_02354,,2026-01-29 16:29:59,Mobile,Email
SES02355,VIS_CUST0926,CUST0926,2026-03-21 18:32:20,Mobile,Paid Search
SES02356,ANON_02356,,2026-03-11 20:39:37,Mobile,Organic Search
SES02357,VIS_CUST0348,CUST0348,2026-01-20 12:45:05,Desktop,Organic Search
SES02358,VIS_CUST0090,CUST0090,2026-02-10 04:08:55,Mobile,Paid Search
SES02359,VIS_CUST0347,CUST0347,2026-02-10 20:58:09,Mobile,Organic Search
SES02360,ANON_02360,,2026-03-14 13:32:39,Mobile,Paid Search
SES02361,VIS_CUST0995,CUST0995,2026-01-09 01:56:16,Desktop,Organic Search
SES02362,VIS_CUST0713,CUST0713,2026-01-23 11:04:34,Mobile,Direct
SES02363,VIS_CUST0485,CUST0485,2026-01-06 10:38:27,Desktop,Social
SES02364,VIS_CUST0701,CUST0701,2026-03-13 18:29:49,Mobile,Organic Search
SES02365,VIS_CUST0067,CUST0067,2026-03-10 22:38:27,Mobile,Social
SES02366,VIS_CUST0244,CUST0244,2026-03-21 07:49:40,Mobile,Email
SES02367,ANON_02367,,2026-01-12 14:29:49,Mobile,Referral
SES02368,VIS_CUST0721,CUST0721,2026-03-26 20:09:26,Mobile,Social
SES02369,VIS_CUST0758,CUST0758,2026-03-29 15:51:26,Mobile,Email
SES02370,ANON_02370,,2026-02-27 06:00:42,Mobile,Paid Search
SES02371,VIS_CUST0617,CUST0617,2026-03-27 06:51:56,Mobile,Organic Search
SES02372,ANON_02372,,2026-02-05 18:55:10,Mobile,Social
SES02373,VIS_CUST0436,CUST0436,2026-03-05 08:33:30,Desktop,Organic Search
SES02374,VIS_CUST0779,CUST0779,2026-03-22 14:29:38,Mobile,Paid Search
SES02375,ANON_02375,,2026-01-02 22:31:38,Desktop,Organic Search
SES02376,VIS_CUST0479,CUST0479,2026-03-16 04:32:17,Desktop,Referral
SES02377,VIS_CUST0844,CUST0844,2026-03-24 15:17:36,Mobile,Organic Search
SES02378,VIS_CUST0713,CUST0713,2026-02-24 15:43:25,Desktop,Referral
SES02379,VIS_CUST0246,CUST0246,2026-03-12 19:28:07,Desktop,Direct
SES02380,ANON_02380,,2026-03-12 03:29:56,Mobile,Social
SES02381,VIS_CUST0462,CUST0462,2026-01-24 04:20:47,Mobile,Referral
SES02382,VIS_CUST0914,CUST0914,2026-02-12 08:09:09,Mobile,Organic Search
SES02383,VIS_CUST0657,CUST0657,2026-03-28 17:55:30,Mobile,Direct
SES02384,VIS_CUST0876,CUST0876,2026-02-27 05:00:51,Mobile,Email
SES02385,VIS_CUST0131,CUST0131,2026-03-28 05:11:20,Mobile,Paid Search
SES02386,ANON_02386,,2026-02-12 15:49:22,Mobile,Email
SES02387,VIS_CUST0507,CUST0507,2026-03-27 20:20:36,Desktop,Social
SES02388,VIS_CUST0052,CUST0052,2026-03-01 04:31:22,Mobile,Email
SES02389,ANON_02389,,2026-01-19 02:28:03,Desktop,Organic Search
SES02390,VIS_CUST0778,CUST0778,2026-01-23 02:52:50,Desktop,Social
SES02391,ANON_02391,,2026-01-11 08:52:18,Desktop,Direct
SES02392,VIS_CUST0995,CUST0995,2026-01-21 09:39:18,Mobile,Direct
SES02393,ANON_02393,,2026-03-08 17:05:47,Mobile,Organic Search
SES02394,ANON_02394,,2026-02-03 04:10:41,Desktop,Direct
SES02395,VIS_CUST0456,CUST0456,2026-03-06 16:50:35,Mobile,Organic Search
SES02396,VIS_CUST0256,CUST0256,2026-03-13 09:46:54,Mobile,Referral
SES02397,VIS_CUST0401,CUST0401,2026-02-02 17:57:32,Mobile,Organic Search
SES02398,ANON_02398,,2026-02-02 18:16:49,Mobile,Social
SES02399,VIS_CUST0531,CUST0531,2026-02-27 23:46:06,Desktop,Organic Search
SES02400,VIS_CUST0823,CUST0823,2026-03-24 09:14:34,Mobile,Organic Search
SES02401,VIS_CUST0124,CUST0124,2026-03-24 23:38:36,Mobile,Paid Search
SES02402,VIS_CUST0462,CUST0462,2026-03-28 09:55:08,Mobile,Organic Search
SES02403,VIS_CUST0557,CUST0557,2026-03-30 16:01:45,Mobile,Organic Search
SES02404,VIS_CUST0591,CUST0591,2026-03-08 05:05:05,Mobile,Organic Search
SES02405,ANON_02405,,2026-03-16 12:24:37,Mobile,Referral
SES02406,ANON_02406,,2026-03-31 10:24:07,Mobile,Organic Search
SES02407,VIS_CUST0031,CUST0031,2026-03-17 00:39:23,Mobile,Direct
SES02408,VIS_CUST0656,CUST0656,2026-03-30 08:17:15,Desktop,Email
SES02409,VIS_CUST0247,CUST0247,2026-03-29 15:55:21,Desktop,Direct
SES02410,VIS_CUST0545,CUST0545,2026-03-07 03:20:16,Mobile,Organic Search
SES02411,VIS_CUST0674,CUST0674,2026-03-27 18:20:53,Mobile,Direct
SES02412,VIS_CUST0756,CUST0756,2026-03-19 23:08:43,Mobile,Social
SES02413,VIS_CUST0699,CUST0699,2026-03-24 09:32:49,Mobile,Organic Search
SES02414,VIS_CUST0835,CUST0835,2026-03-22 15:17:20,Mobile,Paid Search
SES02415,VIS_CUST0305,CUST0305,2026-01-28 10:23:43,Desktop,Social
SES02416,VIS_CUST0957,CUST0957,2026-03-20 19:47:10,Mobile,Social
SES02417,VIS_CUST0285,CUST0285,2026-01-17 15:11:33,Mobile,Paid Search
SES02418,VIS_CUST0099,CUST0099,2026-02-10 03:27:22,Mobile,Email
SES02419,ANON_02419,,2026-02-11 15:22:53,Mobile,Email
SES02420,ANON_02420,,2026-03-18 09:29:02,Desktop,Direct
SES02421,ANON_02421,,2026-01-17 17:55:43,Mobile,Direct
SES02422,ANON_02422,,2026-03-07 12:16:15,Mobile,Email
SES02423,VIS_CUST0776,CUST0776,2026-02-18 08:31:33,Desktop,Organic Search
SES02424,VIS_CUST0108,CUST0108,2026-01-02 13:37:46,Tablet,Social
SES02425,VIS_CUST0266,CUST0266,2026-03-22 15:15:42,Mobile,Organic Search
SES02426,ANON_02426,,2026-01-13 12:33:59,Mobile,Organic Search
SES02427,VIS_CUST0482,CUST0482,2026-03-12 15:10:45,Mobile,Social
SES02428,VIS_CUST0937,CUST0937,2026-01-02 01:02:15,Mobile,Organic Search
SES02429,VIS_CUST0262,CUST0262,2026-02-11 21:31:24,Mobile,Organic Search
SES02430,VIS_CUST0013,CUST0013,2026-01-29 09:05:56,Mobile,Organic Search
SES02431,VIS_CUST0238,CUST0238,2026-02-04 16:39:51,Mobile,Direct
SES02432,VIS_CUST0597,CUST0597,2026-02-18 05:40:04,Desktop,Direct
SES02433,VIS_CUST0079,CUST0079,2026-03-18 16:26:47,Mobile,Social
SES02434,VIS_CUST0370,CUST0370,2026-02-28 13:19:45,Mobile,Email
SES02435,ANON_02435,,2026-01-03 23:21:08,Mobile,Referral
SES02436,VIS_CUST0497,CUST0497,2026-01-31 23:19:11,Mobile,Social
SES02437,VIS_CUST0258,CUST0258,2026-02-09 20:42:59,Mobile,Paid Search
SES02438,VIS_CUST0665,CUST0665,2026-03-11 19:21:52,Mobile,Organic Search
SES02439,VIS_CUST0467,CUST0467,2026-03-20 21:51:44,Tablet,Direct
SES02440,VIS_CUST0010,CUST0010,2026-03-20 17:29:57,Mobile,Email
SES02441,VIS_CUST0376,CUST0376,2026-02-17 17:56:00,Mobile,Organic Search
SES02442,VIS_CUST0429,CUST0429,2026-01-27 13:07:05,Mobile,Paid Search
SES02443,VIS_CUST0825,CUST0825,2026-01-26 09:43:32,Mobile,Paid Search
SES02444,VIS_CUST0861,CUST0861,2026-03-06 00:31:47,Mobile,Social
SES02445,VIS_CUST0104,CUST0104,2026-03-28 01:17:08,Mobile,Social
SES02446,VIS_CUST0834,CUST0834,2026-02-28 16:30:24,Desktop,Direct
SES02447,VIS_CUST0159,CUST0159,2026-03-31 18:44:09,Mobile,Email
SES02448,ANON_02448,,2026-03-29 11:26:03,Mobile,Organic Search
SES02449,VIS_CUST0435,CUST0435,2026-02-12 12:00:19,Desktop,Direct
SES02450,VIS_CUST0547,CUST0547,2026-03-24 15:01:00,Desktop,Paid Search
SES02451,VIS_CUST0062,CUST0062,2026-01-11 08:05:04,Mobile,Social
SES02452,VIS_CUST0846,CUST0846,2026-03-30 02:26:43,Mobile,Organic Search
SES02453,VIS_CUST0302,CUST0302,2026-01-13 18:26:24,Mobile,Organic Search
SES02454,VIS_CUST0524,CUST0524,2026-01-21 04:14:34,Mobile,Social
SES02455,ANON_02455,,2026-02-18 05:43:08,Mobile,Organic Search
SES02456,VIS_CUST0480,CUST0480,2026-02-16 23:56:09,Mobile,Referral
SES02457,VIS_CUST0854,CUST0854,2026-02-21 14:35:07,Mobile,Social
SES02458,VIS_CUST0961,CUST0961,2026-03-19 02:11:07,Mobile,Paid Search
SES02459,VIS_CUST0160,CUST0160,2026-03-31 18:35:02,Mobile,Organic Search
SES02460,ANON_02460,,2026-03-11 01:20:34,Mobile,Direct
SES02461,VIS_CUST0235,CUST0235,2026-03-24 12:39:31,Mobile,Email
SES02462,VIS_CUST0884,CUST0884,2026-03-15 03:20:49,Mobile,Organic Search
SES02463,VIS_CUST0680,CUST0680,2026-01-10 15:23:01,Mobile,Social
SES02464,VIS_CUST0970,CUST0970,2026-03-12 17:27:02,Desktop,Paid Search
SES02465,VIS_CUST0771,CUST0771,2026-03-21 14:33:03,Mobile,Direct
SES02466,VIS_CUST0789,CUST0789,2026-03-01 03:59:26,Mobile,Referral
SES02467,VIS_CUST0392,CUST0392,2026-03-31 22:46:22,Desktop,Organic Search
SES02468,ANON_02468,,2026-01-23 02:39:42,Mobile,Organic Search
SES02469,VIS_CUST0701,CUST0701,2026-02-14 01:35:25,Desktop,Referral
SES02470,VIS_CUST0893,CUST0893,2026-03-15 03:01:24,Mobile,Social
SES02471,VIS_CUST0135,CUST0135,2026-02-07 08:38:53,Mobile,Paid Search
SES02472,VIS_CUST0172,CUST0172,2026-01-02 08:03:52,Desktop,Social
SES02473,VIS_CUST0125,CUST0125,2026-01-03 07:58:03,Mobile,Social
SES02474,VIS_CUST0347,CUST0347,2026-03-15 02:44:59,Mobile,Paid Search
SES02475,VIS_CUST0132,CUST0132,2026-01-18 06:43:36,Mobile,Referral
SES02476,VIS_CUST0567,CUST0567,2026-03-30 03:26:14,Mobile,Organic Search
SES02477,ANON_02477,,2026-02-28 17:13:33,Desktop,Direct
SES02478,VIS_CUST0916,CUST0916,2026-02-24 08:17:54,Desktop,Email
SES02479,VIS_CUST0405,CUST0405,2026-03-20 17:52:29,Desktop,Paid Search
SES02480,VIS_CUST0593,CUST0593,2026-02-22 05:34:21,Mobile,Paid Search
SES02481,VIS_CUST0693,CUST0693,2026-03-28 06:04:26,Mobile,Organic Search
SES02482,VIS_CUST0443,CUST0443,2026-03-09 16:41:31,Desktop,Organic Search
SES02483,ANON_02483,,2026-01-16 10:34:45,Mobile,Organic Search
SES02484,ANON_02484,,2026-01-08 00:37:24,Mobile,Organic Search
SES02485,VIS_CUST0590,CUST0590,2026-03-18 11:24:28,Mobile,Paid Search
SES02486,VIS_CUST0008,CUST0008,2026-03-10 09:28:50,Desktop,Direct
SES02487,VIS_CUST0670,CUST0670,2026-01-13 03:17:38,Mobile,Paid Search
SES02488,VIS_CUST0456,CUST0456,2026-01-05 22:33:46,Desktop,Email
SES02489,VIS_CUST0973,CUST0973,2026-02-05 02:59:08,Mobile,Paid Search
SES02490,VIS_CUST0820,CUST0820,2026-03-22 19:44:49,Mobile,Paid Search
SES02491,VIS_CUST0752,CUST0752,2026-02-18 20:20:19,Mobile,Organic Search
SES02492,ANON_02492,,2026-01-16 10:59:52,Mobile,Social
SES02493,VIS_CUST0882,CUST0882,2026-03-06 06:08:44,Desktop,Organic Search
SES02494,VIS_CUST0373,CUST0373,2026-03-22 08:30:49,Desktop,Organic Search
SES02495,ANON_02495,,2026-02-25 23:52:44,Mobile,Organic Search
SES02496,VIS_CUST0410,CUST0410,2026-03-21 06:24:00,Mobile,Paid Search
SES02497,VIS_CUST0351,CUST0351,2026-03-04 05:04:49,Mobile,Paid Search
SES02498,VIS_CUST0283,CUST0283,2026-01-17 04:13:56,Mobile,Organic Search
SES02499,VIS_CUST0703,CUST0703,2026-03-29 02:31:36,Mobile,Direct
SES02500,VIS_CUST0820,CUST0820,2026-01-09 12:24:09,Mobile,Organic Search
